mode: set
github.com/Tutitoos/atenea/cmd/atenea-benchmark/main.go:50.13,60.34 9 0
github.com/Tutitoos/atenea/cmd/atenea-benchmark/main.go:60.34,62.17 2 0
github.com/Tutitoos/atenea/cmd/atenea-benchmark/main.go:62.17,64.4 1 0
github.com/Tutitoos/atenea/cmd/atenea-benchmark/main.go:65.3,66.56 2 0
github.com/Tutitoos/atenea/cmd/atenea-benchmark/main.go:66.56,68.4 1 0
github.com/Tutitoos/atenea/cmd/atenea-benchmark/main.go:69.3,69.60 1 0
github.com/Tutitoos/atenea/cmd/atenea-benchmark/main.go:69.60,71.4 1 0
github.com/Tutitoos/atenea/cmd/atenea-benchmark/main.go:72.3,72.20 1 0
github.com/Tutitoos/atenea/cmd/atenea-benchmark/main.go:72.20,75.4 2 0
github.com/Tutitoos/atenea/cmd/atenea-benchmark/main.go:76.3,76.45 1 0
github.com/Tutitoos/atenea/cmd/atenea-benchmark/main.go:76.45,78.4 1 0
github.com/Tutitoos/atenea/cmd/atenea-benchmark/main.go:79.3,79.9 1 0
github.com/Tutitoos/atenea/cmd/atenea-benchmark/main.go:81.2,81.15 1 0
github.com/Tutitoos/atenea/cmd/atenea-benchmark/main.go:81.15,83.3 1 0
github.com/Tutitoos/atenea/cmd/atenea-benchmark/main.go:84.2,84.73 1 0
github.com/Tutitoos/atenea/cmd/atenea-benchmark/main.go:84.73,86.3 1 0
github.com/Tutitoos/atenea/cmd/atenea-benchmark/main.go:87.2,87.68 1 0
github.com/Tutitoos/atenea/cmd/atenea-benchmark/main.go:87.68,89.3 1 0
github.com/Tutitoos/atenea/cmd/atenea-benchmark/main.go:90.2,90.74 1 0
github.com/Tutitoos/atenea/cmd/atenea-benchmark/main.go:90.74,92.3 1 0
github.com/Tutitoos/atenea/cmd/atenea-benchmark/main.go:94.2,102.22 6 0
github.com/Tutitoos/atenea/cmd/atenea-benchmark/main.go:102.22,104.3 1 0
github.com/Tutitoos/atenea/cmd/atenea-benchmark/main.go:105.2,106.59 2 0
github.com/Tutitoos/atenea/cmd/atenea-benchmark/main.go:106.59,108.3 1 0
github.com/Tutitoos/atenea/cmd/atenea-benchmark/main.go:110.2,112.4 1 0
github.com/Tutitoos/atenea/cmd/atenea-benchmark/main.go:112.4,113.60 1 0
github.com/Tutitoos/atenea/cmd/atenea-benchmark/main.go:113.60,115.4 1 0
github.com/Tutitoos/atenea/cmd/atenea-benchmark/main.go:117.2,117.83 1 0
github.com/Tutitoos/atenea/cmd/atenea-benchmark/main.go:117.83,119.3 1 0
github.com/Tutitoos/atenea/cmd/atenea-benchmark/main.go:120.2,120.70 1 0
github.com/Tutitoos/atenea/cmd/atenea-benchmark/main.go:120.70,122.3 1 0
github.com/Tutitoos/atenea/cmd/atenea-benchmark/main.go:123.2,123.44 1 0
github.com/Tutitoos/atenea/cmd/atenea-benchmark/main.go:123.44,125.3 1 0
github.com/Tutitoos/atenea/cmd/atenea-benchmark/main.go:126.2,129.22 2 0
github.com/Tutitoos/atenea/cmd/atenea-benchmark/main.go:129.22,131.3 1 0
github.com/Tutitoos/atenea/cmd/atenea-benchmark/main.go:134.59,146.21 11 0
github.com/Tutitoos/atenea/cmd/atenea-benchmark/main.go:146.21,148.76 2 0
github.com/Tutitoos/atenea/cmd/atenea-benchmark/main.go:148.76,149.12 1 0
github.com/Tutitoos/atenea/cmd/atenea-benchmark/main.go:151.3,152.19 2 0
github.com/Tutitoos/atenea/cmd/atenea-benchmark/main.go:152.19,155.4 2 0
github.com/Tutitoos/atenea/cmd/atenea-benchmark/main.go:156.3,156.23 1 0
github.com/Tutitoos/atenea/cmd/atenea-benchmark/main.go:156.23,157.56 1 0
github.com/Tutitoos/atenea/cmd/atenea-benchmark/main.go:157.56,159.5 1 0
github.com/Tutitoos/atenea/cmd/atenea-benchmark/main.go:160.4,160.12 1 0
github.com/Tutitoos/atenea/cmd/atenea-benchmark/main.go:162.3,163.23 2 0
github.com/Tutitoos/atenea/cmd/atenea-benchmark/main.go:164.14,165.18 1 0
github.com/Tutitoos/atenea/cmd/atenea-benchmark/main.go:165.18,168.5 2 0
github.com/Tutitoos/atenea/cmd/atenea-benchmark/main.go:169.15,171.18 2 0
github.com/Tutitoos/atenea/cmd/atenea-benchmark/main.go:172.15,174.18 2 0
github.com/Tutitoos/atenea/cmd/atenea-benchmark/main.go:175.15,176.19 1 0
github.com/Tutitoos/atenea/cmd/atenea-benchmark/main.go:179.2,180.16 2 0
github.com/Tutitoos/atenea/cmd/atenea-benchmark/main.go:180.16,182.3 1 0
github.com/Tutitoos/atenea/cmd/atenea-benchmark/main.go:183.2,185.34 3 0
github.com/Tutitoos/atenea/cmd/atenea-benchmark/main.go:185.34,186.28 1 0
github.com/Tutitoos/atenea/cmd/atenea-benchmark/main.go:186.28,187.12 1 0
github.com/Tutitoos/atenea/cmd/atenea-benchmark/main.go:189.3,197.34 9 0
github.com/Tutitoos/atenea/cmd/atenea-benchmark/main.go:199.2,201.78 3 0
github.com/Tutitoos/atenea/cmd/atenea-benchmark/main.go:204.69,206.16 2 0
github.com/Tutitoos/atenea/cmd/atenea-benchmark/main.go:206.16,208.3 1 0
github.com/Tutitoos/atenea/cmd/atenea-benchmark/main.go:209.2,211.61 3 0
github.com/Tutitoos/atenea/cmd/atenea-benchmark/main.go:211.61,213.22 2 0
github.com/Tutitoos/atenea/cmd/atenea-benchmark/main.go:213.22,214.12 1 0
github.com/Tutitoos/atenea/cmd/atenea-benchmark/main.go:216.3,218.33 3 0
github.com/Tutitoos/atenea/cmd/atenea-benchmark/main.go:218.33,219.12 1 0
github.com/Tutitoos/atenea/cmd/atenea-benchmark/main.go:221.3,222.16 2 0
github.com/Tutitoos/atenea/cmd/atenea-benchmark/main.go:222.16,224.4 1 0
github.com/Tutitoos/atenea/cmd/atenea-benchmark/main.go:225.3,229.16 5 0
github.com/Tutitoos/atenea/cmd/atenea-benchmark/main.go:229.16,231.4 1 0
github.com/Tutitoos/atenea/cmd/atenea-benchmark/main.go:232.3,232.25 1 0
github.com/Tutitoos/atenea/cmd/atenea-benchmark/main.go:234.2,235.21 2 0
github.com/Tutitoos/atenea/cmd/atenea-benchmark/main.go:235.21,237.3 1 0
github.com/Tutitoos/atenea/cmd/atenea-benchmark/main.go:238.2,239.36 2 0
github.com/Tutitoos/atenea/cmd/atenea-benchmark/main.go:239.36,240.22 1 0
github.com/Tutitoos/atenea/cmd/atenea-benchmark/main.go:240.22,242.4 1 0
github.com/Tutitoos/atenea/cmd/atenea-benchmark/main.go:244.2,244.39 1 0
github.com/Tutitoos/atenea/cmd/atenea-benchmark/main.go:247.49,250.55 3 0
github.com/Tutitoos/atenea/cmd/atenea-benchmark/main.go:250.55,252.3 1 0
github.com/Tutitoos/atenea/cmd/atenea-benchmark/main.go:253.2,253.22 1 0
github.com/Tutitoos/atenea/cmd/atenea-benchmark/main.go:256.110,265.55 3 0
github.com/Tutitoos/atenea/cmd/atenea-benchmark/main.go:265.55,266.56 1 0
github.com/Tutitoos/atenea/cmd/atenea-benchmark/main.go:266.56,268.4 1 0
github.com/Tutitoos/atenea/cmd/atenea-benchmark/main.go:270.2,271.29 2 0
github.com/Tutitoos/atenea/cmd/atenea-benchmark/main.go:271.29,276.45 5 0
github.com/Tutitoos/atenea/cmd/atenea-benchmark/main.go:276.45,278.57 2 0
github.com/Tutitoos/atenea/cmd/atenea-benchmark/main.go:278.57,283.5 4 0
github.com/Tutitoos/atenea/cmd/atenea-benchmark/main.go:284.4,290.24 7 0
github.com/Tutitoos/atenea/cmd/atenea-benchmark/main.go:290.24,293.5 2 0
github.com/Tutitoos/atenea/cmd/atenea-benchmark/main.go:294.4,295.40 2 0
github.com/Tutitoos/atenea/cmd/atenea-benchmark/main.go:295.40,297.5 1 0
github.com/Tutitoos/atenea/cmd/atenea-benchmark/main.go:298.4,298.32 1 0
github.com/Tutitoos/atenea/cmd/atenea-benchmark/main.go:298.32,300.5 1 0
github.com/Tutitoos/atenea/cmd/atenea-benchmark/main.go:302.3,310.29 2 0
github.com/Tutitoos/atenea/cmd/atenea-benchmark/main.go:310.29,312.4 1 0
github.com/Tutitoos/atenea/cmd/atenea-benchmark/main.go:313.3,313.25 1 0
github.com/Tutitoos/atenea/cmd/atenea-benchmark/main.go:313.25,316.4 2 0
github.com/Tutitoos/atenea/cmd/atenea-benchmark/main.go:316.9,321.65 5 0
github.com/Tutitoos/atenea/cmd/atenea-benchmark/main.go:321.65,323.5 1 0
github.com/Tutitoos/atenea/cmd/atenea-benchmark/main.go:325.3,325.36 1 0
github.com/Tutitoos/atenea/cmd/atenea-benchmark/main.go:327.2,327.16 1 0
github.com/Tutitoos/atenea/cmd/atenea-benchmark/main.go:330.38,332.32 2 0
github.com/Tutitoos/atenea/cmd/atenea-benchmark/main.go:332.32,333.42 1 0
github.com/Tutitoos/atenea/cmd/atenea-benchmark/main.go:333.42,336.4 2 0
github.com/Tutitoos/atenea/cmd/atenea-benchmark/main.go:338.2,338.35 1 0
github.com/Tutitoos/atenea/cmd/atenea-benchmark/main.go:341.100,343.16 2 0
github.com/Tutitoos/atenea/cmd/atenea-benchmark/main.go:343.16,345.3 1 0
github.com/Tutitoos/atenea/cmd/atenea-benchmark/main.go:346.2,347.44 2 0
github.com/Tutitoos/atenea/cmd/atenea-benchmark/main.go:347.44,349.3 1 0
github.com/Tutitoos/atenea/cmd/atenea-benchmark/main.go:350.2,355.66 1 0
github.com/Tutitoos/atenea/cmd/atenea-benchmark/main.go:355.66,357.3 1 0
github.com/Tutitoos/atenea/cmd/atenea-benchmark/main.go:358.2,359.45 2 0
github.com/Tutitoos/atenea/cmd/atenea-benchmark/main.go:359.45,361.3 1 0
github.com/Tutitoos/atenea/cmd/atenea-benchmark/main.go:362.2,362.29 1 0
github.com/Tutitoos/atenea/cmd/atenea-benchmark/main.go:362.29,364.73 2 0
github.com/Tutitoos/atenea/cmd/atenea-benchmark/main.go:364.73,365.12 1 0
github.com/Tutitoos/atenea/cmd/atenea-benchmark/main.go:367.3,369.39 3 0
github.com/Tutitoos/atenea/cmd/atenea-benchmark/main.go:369.39,371.4 1 0
github.com/Tutitoos/atenea/cmd/atenea-benchmark/main.go:371.9,371.89 1 0
github.com/Tutitoos/atenea/cmd/atenea-benchmark/main.go:371.89,373.4 1 0
github.com/Tutitoos/atenea/cmd/atenea-benchmark/main.go:377.73,378.48 1 1
github.com/Tutitoos/atenea/cmd/atenea-benchmark/main.go:378.48,380.68 2 1
github.com/Tutitoos/atenea/cmd/atenea-benchmark/main.go:380.68,381.12 1 1
github.com/Tutitoos/atenea/cmd/atenea-benchmark/main.go:383.3,385.50 3 1
github.com/Tutitoos/atenea/cmd/atenea-benchmark/main.go:385.50,387.23 2 1
github.com/Tutitoos/atenea/cmd/atenea-benchmark/main.go:387.23,388.13 1 1
github.com/Tutitoos/atenea/cmd/atenea-benchmark/main.go:390.4,390.34 1 1
github.com/Tutitoos/atenea/cmd/atenea-benchmark/main.go:390.34,392.5 1 1
github.com/Tutitoos/atenea/cmd/atenea-benchmark/main.go:393.4,393.33 1 1
github.com/Tutitoos/atenea/cmd/atenea-benchmark/main.go:393.33,395.5 1 1
github.com/Tutitoos/atenea/cmd/atenea-benchmark/main.go:396.4,396.38 1 1
github.com/Tutitoos/atenea/cmd/atenea-benchmark/main.go:396.38,398.5 1 1
github.com/Tutitoos/atenea/cmd/atenea-benchmark/main.go:400.3,400.13 1 1
github.com/Tutitoos/atenea/cmd/atenea-benchmark/main.go:400.13,402.4 1 1
github.com/Tutitoos/atenea/cmd/atenea-benchmark/main.go:404.2,404.23 1 1
github.com/Tutitoos/atenea/cmd/atenea-benchmark/main.go:407.56,409.35 2 0
github.com/Tutitoos/atenea/cmd/atenea-benchmark/main.go:409.35,411.3 1 0
github.com/Tutitoos/atenea/cmd/atenea-benchmark/main.go:412.2,412.15 1 0
github.com/Tutitoos/atenea/cmd/atenea-benchmark/main.go:415.47,416.35 1 0
github.com/Tutitoos/atenea/cmd/atenea-benchmark/main.go:416.35,417.69 1 0
github.com/Tutitoos/atenea/cmd/atenea-benchmark/main.go:417.69,419.4 1 0
github.com/Tutitoos/atenea/cmd/atenea-benchmark/main.go:423.64,430.39 4 0
github.com/Tutitoos/atenea/cmd/atenea-benchmark/main.go:430.39,432.3 1 0
github.com/Tutitoos/atenea/cmd/atenea-benchmark/main.go:433.2,435.44 3 0
github.com/Tutitoos/atenea/cmd/atenea-benchmark/main.go:435.44,437.3 1 0
github.com/Tutitoos/atenea/cmd/atenea-benchmark/main.go:438.2,438.48 1 0
github.com/Tutitoos/atenea/cmd/atenea-benchmark/main.go:441.50,443.48 2 0
github.com/Tutitoos/atenea/cmd/atenea-benchmark/main.go:443.48,445.3 1 0
github.com/Tutitoos/atenea/cmd/atenea-benchmark/main.go:446.2,453.84 3 0
github.com/Tutitoos/atenea/cmd/atenea-benchmark/main.go:453.84,455.3 1 0
github.com/Tutitoos/atenea/cmd/atenea-benchmark/main.go:456.2,458.39 3 0
github.com/Tutitoos/atenea/cmd/atenea-benchmark/main.go:458.39,460.3 1 0
github.com/Tutitoos/atenea/cmd/atenea-benchmark/main.go:461.2,462.96 2 0
github.com/Tutitoos/atenea/cmd/atenea-benchmark/main.go:462.96,464.3 1 0
github.com/Tutitoos/atenea/cmd/atenea-benchmark/main.go:465.2,467.39 3 0
github.com/Tutitoos/atenea/cmd/atenea-benchmark/main.go:467.39,469.3 1 0
github.com/Tutitoos/atenea/cmd/atenea-benchmark/main.go:470.2,470.105 1 0
github.com/Tutitoos/atenea/cmd/atenea-benchmark/main.go:470.105,472.3 1 0
github.com/Tutitoos/atenea/cmd/atenea-benchmark/main.go:473.2,475.44 3 0
github.com/Tutitoos/atenea/cmd/atenea-benchmark/main.go:475.44,477.3 1 0
github.com/Tutitoos/atenea/cmd/atenea-benchmark/main.go:478.2,479.90 2 0
github.com/Tutitoos/atenea/cmd/atenea-benchmark/main.go:482.37,483.11 1 0
github.com/Tutitoos/atenea/cmd/atenea-benchmark/main.go:483.11,485.3 1 0
github.com/Tutitoos/atenea/cmd/atenea-benchmark/main.go:486.2,486.16 1 0
github.com/Tutitoos/atenea/cmd/atenea-benchmark/main.go:489.23,492.2 2 0
github.com/Tutitoos/atenea/internal/adapter/kivgraph/impact_index.go:85.131,86.20 1 1
github.com/Tutitoos/atenea/internal/adapter/kivgraph/impact_index.go:86.20,89.3 1 0
github.com/Tutitoos/atenea/internal/adapter/kivgraph/impact_index.go:90.2,91.16 2 1
github.com/Tutitoos/atenea/internal/adapter/kivgraph/impact_index.go:91.16,94.3 1 0
github.com/Tutitoos/atenea/internal/adapter/kivgraph/impact_index.go:95.2,96.16 2 1
github.com/Tutitoos/atenea/internal/adapter/kivgraph/impact_index.go:96.16,98.3 1 0
github.com/Tutitoos/atenea/internal/adapter/kivgraph/impact_index.go:99.2,99.20 1 1
github.com/Tutitoos/atenea/internal/adapter/kivgraph/impact_index.go:99.20,102.3 1 0
github.com/Tutitoos/atenea/internal/adapter/kivgraph/impact_index.go:103.2,104.16 2 1
github.com/Tutitoos/atenea/internal/adapter/kivgraph/impact_index.go:104.16,106.3 1 0
github.com/Tutitoos/atenea/internal/adapter/kivgraph/impact_index.go:107.2,108.16 2 1
github.com/Tutitoos/atenea/internal/adapter/kivgraph/impact_index.go:108.16,110.3 1 0
github.com/Tutitoos/atenea/internal/adapter/kivgraph/impact_index.go:111.2,111.54 1 1
github.com/Tutitoos/atenea/internal/adapter/kivgraph/impact_index.go:111.54,113.3 1 0
github.com/Tutitoos/atenea/internal/adapter/kivgraph/impact_index.go:114.2,119.62 2 1
github.com/Tutitoos/atenea/internal/adapter/kivgraph/impact_index.go:119.62,121.3 1 0
github.com/Tutitoos/atenea/internal/adapter/kivgraph/impact_index.go:122.2,124.29 2 1
github.com/Tutitoos/atenea/internal/adapter/kivgraph/impact_index.go:124.29,126.3 1 1
github.com/Tutitoos/atenea/internal/adapter/kivgraph/impact_index.go:127.2,127.36 1 1
github.com/Tutitoos/atenea/internal/adapter/kivgraph/impact_index.go:134.154,136.46 2 1
github.com/Tutitoos/atenea/internal/adapter/kivgraph/impact_index.go:136.46,138.3 1 0
github.com/Tutitoos/atenea/internal/adapter/kivgraph/impact_index.go:139.2,139.57 1 1
github.com/Tutitoos/atenea/internal/adapter/kivgraph/impact_index.go:139.57,141.3 1 0
github.com/Tutitoos/atenea/internal/adapter/kivgraph/impact_index.go:142.2,143.9 2 1
github.com/Tutitoos/atenea/internal/adapter/kivgraph/impact_index.go:143.9,145.3 1 0
github.com/Tutitoos/atenea/internal/adapter/kivgraph/impact_index.go:146.2,146.15 1 1
github.com/Tutitoos/atenea/internal/adapter/kivgraph/impact_index.go:146.15,148.3 1 0
github.com/Tutitoos/atenea/internal/adapter/kivgraph/impact_index.go:149.2,150.16 2 1
github.com/Tutitoos/atenea/internal/adapter/kivgraph/impact_index.go:150.16,152.3 1 0
github.com/Tutitoos/atenea/internal/adapter/kivgraph/impact_index.go:153.2,154.16 2 1
github.com/Tutitoos/atenea/internal/adapter/kivgraph/impact_index.go:154.16,156.3 1 0
github.com/Tutitoos/atenea/internal/adapter/kivgraph/impact_index.go:157.2,158.16 2 1
github.com/Tutitoos/atenea/internal/adapter/kivgraph/impact_index.go:158.16,160.3 1 0
github.com/Tutitoos/atenea/internal/adapter/kivgraph/impact_index.go:162.2,164.35 3 1
github.com/Tutitoos/atenea/internal/adapter/kivgraph/impact_index.go:164.35,166.27 2 1
github.com/Tutitoos/atenea/internal/adapter/kivgraph/impact_index.go:166.27,168.12 2 0
github.com/Tutitoos/atenea/internal/adapter/kivgraph/impact_index.go:170.3,170.30 1 1
github.com/Tutitoos/atenea/internal/adapter/kivgraph/impact_index.go:170.30,173.4 1 0
github.com/Tutitoos/atenea/internal/adapter/kivgraph/impact_index.go:174.3,174.87 1 1
github.com/Tutitoos/atenea/internal/adapter/kivgraph/impact_index.go:174.87,178.12 2 0
github.com/Tutitoos/atenea/internal/adapter/kivgraph/impact_index.go:180.3,181.17 2 1
github.com/Tutitoos/atenea/internal/adapter/kivgraph/impact_index.go:181.17,185.113 1 0
github.com/Tutitoos/atenea/internal/adapter/kivgraph/impact_index.go:185.113,187.13 2 0
github.com/Tutitoos/atenea/internal/adapter/kivgraph/impact_index.go:189.4,190.76 1 0
github.com/Tutitoos/atenea/internal/adapter/kivgraph/impact_index.go:192.3,193.64 2 1
github.com/Tutitoos/atenea/internal/adapter/kivgraph/impact_index.go:193.64,196.4 1 0
github.com/Tutitoos/atenea/internal/adapter/kivgraph/impact_index.go:197.3,198.47 2 1
github.com/Tutitoos/atenea/internal/adapter/kivgraph/impact_index.go:198.47,199.46 1 1
github.com/Tutitoos/atenea/internal/adapter/kivgraph/impact_index.go:199.46,200.13 1 0
github.com/Tutitoos/atenea/internal/adapter/kivgraph/impact_index.go:202.4,203.18 2 1
github.com/Tutitoos/atenea/internal/adapter/kivgraph/impact_index.go:203.18,205.5 1 0
github.com/Tutitoos/atenea/internal/adapter/kivgraph/impact_index.go:206.4,210.11 2 1
github.com/Tutitoos/atenea/internal/adapter/kivgraph/impact_index.go:212.3,212.17 1 1
github.com/Tutitoos/atenea/internal/adapter/kivgraph/impact_index.go:212.17,214.4 1 0
github.com/Tutitoos/atenea/internal/adapter/kivgraph/impact_index.go:217.2,218.31 2 1
github.com/Tutitoos/atenea/internal/adapter/kivgraph/impact_index.go:218.31,220.3 1 1
github.com/Tutitoos/atenea/internal/adapter/kivgraph/impact_index.go:221.2,223.35 3 1
github.com/Tutitoos/atenea/internal/adapter/kivgraph/impact_index.go:223.35,224.17 1 1
github.com/Tutitoos/atenea/internal/adapter/kivgraph/impact_index.go:224.17,225.12 1 0
github.com/Tutitoos/atenea/internal/adapter/kivgraph/impact_index.go:227.3,235.17 2 1
github.com/Tutitoos/atenea/internal/adapter/kivgraph/impact_index.go:235.17,237.4 1 0
github.com/Tutitoos/atenea/internal/adapter/kivgraph/impact_index.go:238.3,239.63 2 1
github.com/Tutitoos/atenea/internal/adapter/kivgraph/impact_index.go:239.63,241.4 1 0
github.com/Tutitoos/atenea/internal/adapter/kivgraph/impact_index.go:242.3,243.28 2 1
github.com/Tutitoos/atenea/internal/adapter/kivgraph/impact_index.go:243.28,245.4 1 1
github.com/Tutitoos/atenea/internal/adapter/kivgraph/impact_index.go:246.3,247.42 2 1
github.com/Tutitoos/atenea/internal/adapter/kivgraph/impact_index.go:247.42,248.93 1 1
github.com/Tutitoos/atenea/internal/adapter/kivgraph/impact_index.go:248.93,250.13 2 1
github.com/Tutitoos/atenea/internal/adapter/kivgraph/impact_index.go:252.4,253.59 2 1
github.com/Tutitoos/atenea/internal/adapter/kivgraph/impact_index.go:253.59,254.13 1 0
github.com/Tutitoos/atenea/internal/adapter/kivgraph/impact_index.go:256.4,260.6 1 1
github.com/Tutitoos/atenea/internal/adapter/kivgraph/impact_index.go:264.2,265.31 2 1
github.com/Tutitoos/atenea/internal/adapter/kivgraph/impact_index.go:265.31,266.45 1 1
github.com/Tutitoos/atenea/internal/adapter/kivgraph/impact_index.go:266.45,268.18 2 0
github.com/Tutitoos/atenea/internal/adapter/kivgraph/impact_index.go:268.18,270.5 1 0
github.com/Tutitoos/atenea/internal/adapter/kivgraph/impact_index.go:271.4,271.28 1 0
github.com/Tutitoos/atenea/internal/adapter/kivgraph/impact_index.go:273.3,273.36 1 1
github.com/Tutitoos/atenea/internal/adapter/kivgraph/impact_index.go:275.2,275.48 1 1
github.com/Tutitoos/atenea/internal/adapter/kivgraph/impact_index.go:275.48,276.43 1 1
github.com/Tutitoos/atenea/internal/adapter/kivgraph/impact_index.go:276.43,278.4 1 1
github.com/Tutitoos/atenea/internal/adapter/kivgraph/impact_index.go:279.3,279.41 1 0
github.com/Tutitoos/atenea/internal/adapter/kivgraph/impact_index.go:279.41,281.4 1 0
github.com/Tutitoos/atenea/internal/adapter/kivgraph/impact_index.go:282.3,282.41 1 0
github.com/Tutitoos/atenea/internal/adapter/kivgraph/impact_index.go:282.41,284.4 1 0
github.com/Tutitoos/atenea/internal/adapter/kivgraph/impact_index.go:285.3,285.43 1 0
github.com/Tutitoos/atenea/internal/adapter/kivgraph/impact_index.go:288.2,289.33 2 1
github.com/Tutitoos/atenea/internal/adapter/kivgraph/impact_index.go:289.33,291.24 2 1
github.com/Tutitoos/atenea/internal/adapter/kivgraph/impact_index.go:291.24,293.4 1 1
github.com/Tutitoos/atenea/internal/adapter/kivgraph/impact_index.go:294.3,294.27 1 1
github.com/Tutitoos/atenea/internal/adapter/kivgraph/impact_index.go:294.27,296.4 1 0
github.com/Tutitoos/atenea/internal/adapter/kivgraph/impact_index.go:297.3,297.36 1 1
github.com/Tutitoos/atenea/internal/adapter/kivgraph/impact_index.go:299.2,300.62 2 1
github.com/Tutitoos/atenea/internal/adapter/kivgraph/impact_index.go:300.62,302.3 1 0
github.com/Tutitoos/atenea/internal/adapter/kivgraph/impact_index.go:303.2,304.17 2 1
github.com/Tutitoos/atenea/internal/adapter/kivgraph/impact_index.go:304.17,306.3 1 1
github.com/Tutitoos/atenea/internal/adapter/kivgraph/impact_index.go:307.2,307.15 1 1
github.com/Tutitoos/atenea/internal/adapter/kivgraph/impact_index.go:307.15,309.3 1 0
github.com/Tutitoos/atenea/internal/adapter/kivgraph/impact_index.go:310.2,310.27 1 1
github.com/Tutitoos/atenea/internal/adapter/kivgraph/impact_index.go:313.74,315.15 2 1
github.com/Tutitoos/atenea/internal/adapter/kivgraph/impact_index.go:315.15,318.3 2 0
github.com/Tutitoos/atenea/internal/adapter/kivgraph/impact_index.go:319.2,319.68 1 1
github.com/Tutitoos/atenea/internal/adapter/kivgraph/impact_index.go:319.68,321.3 1 1
github.com/Tutitoos/atenea/internal/adapter/kivgraph/impact_index.go:324.76,326.17 2 1
github.com/Tutitoos/atenea/internal/adapter/kivgraph/impact_index.go:326.17,328.3 1 0
github.com/Tutitoos/atenea/internal/adapter/kivgraph/impact_index.go:329.2,329.33 1 1
github.com/Tutitoos/atenea/internal/adapter/kivgraph/impact_index.go:329.33,330.51 1 1
github.com/Tutitoos/atenea/internal/adapter/kivgraph/impact_index.go:330.51,332.4 1 1
github.com/Tutitoos/atenea/internal/adapter/kivgraph/impact_index.go:334.2,334.14 1 0
github.com/Tutitoos/atenea/internal/adapter/kivgraph/impact_index.go:337.53,339.62 2 1
github.com/Tutitoos/atenea/internal/adapter/kivgraph/impact_index.go:339.62,341.3 1 1
github.com/Tutitoos/atenea/internal/adapter/kivgraph/impact_index.go:342.2,343.69 2 1
github.com/Tutitoos/atenea/internal/adapter/kivgraph/impact_index.go:343.69,345.3 1 0
github.com/Tutitoos/atenea/internal/adapter/kivgraph/impact_index.go:346.2,346.20 1 1
github.com/Tutitoos/atenea/internal/adapter/kivgraph/impact_index.go:349.37,351.18 2 1
github.com/Tutitoos/atenea/internal/adapter/kivgraph/impact_index.go:351.18,353.3 1 0
github.com/Tutitoos/atenea/internal/adapter/kivgraph/impact_index.go:354.2,354.14 1 1
github.com/Tutitoos/atenea/internal/adapter/kivgraph/impact_index.go:357.65,358.21 1 1
github.com/Tutitoos/atenea/internal/adapter/kivgraph/impact_index.go:358.21,360.3 1 1
github.com/Tutitoos/atenea/internal/adapter/kivgraph/impact_index.go:361.2,362.30 2 0
github.com/Tutitoos/atenea/internal/adapter/kivgraph/impact_index.go:362.30,364.18 2 0
github.com/Tutitoos/atenea/internal/adapter/kivgraph/impact_index.go:364.18,366.4 1 0
github.com/Tutitoos/atenea/internal/adapter/kivgraph/impact_index.go:367.3,367.48 1 0
github.com/Tutitoos/atenea/internal/adapter/kivgraph/impact_index.go:367.48,369.4 1 0
github.com/Tutitoos/atenea/internal/adapter/kivgraph/impact_index.go:370.3,370.41 1 0
github.com/Tutitoos/atenea/internal/adapter/kivgraph/impact_index.go:372.2,373.24 2 0
github.com/Tutitoos/atenea/internal/adapter/kivgraph/impact_index.go:376.116,382.49 6 1
github.com/Tutitoos/atenea/internal/adapter/kivgraph/impact_index.go:382.49,384.3 1 0
github.com/Tutitoos/atenea/internal/adapter/kivgraph/impact_index.go:384.8,386.3 1 1
github.com/Tutitoos/atenea/internal/adapter/kivgraph/impact_index.go:387.2,389.62 3 1
github.com/Tutitoos/atenea/internal/adapter/kivgraph/impact_index.go:389.62,390.79 1 1
github.com/Tutitoos/atenea/internal/adapter/kivgraph/impact_index.go:390.79,392.4 1 1
github.com/Tutitoos/atenea/internal/adapter/kivgraph/impact_index.go:397.2,402.16 6 1
github.com/Tutitoos/atenea/internal/adapter/kivgraph/impact_index.go:402.16,404.3 1 0
github.com/Tutitoos/atenea/internal/adapter/kivgraph/impact_index.go:405.2,405.62 1 1
github.com/Tutitoos/atenea/internal/adapter/kivgraph/impact_index.go:405.62,406.79 1 1
github.com/Tutitoos/atenea/internal/adapter/kivgraph/impact_index.go:406.79,408.4 1 1
github.com/Tutitoos/atenea/internal/adapter/kivgraph/impact_index.go:410.2,417.16 7 1
github.com/Tutitoos/atenea/internal/adapter/kivgraph/impact_index.go:417.16,419.3 1 0
github.com/Tutitoos/atenea/internal/adapter/kivgraph/impact_index.go:420.2,422.59 3 1
github.com/Tutitoos/atenea/internal/adapter/kivgraph/impact_index.go:422.59,423.40 1 1
github.com/Tutitoos/atenea/internal/adapter/kivgraph/impact_index.go:423.40,425.12 2 1
github.com/Tutitoos/atenea/internal/adapter/kivgraph/impact_index.go:427.3,428.38 2 1
github.com/Tutitoos/atenea/internal/adapter/kivgraph/impact_index.go:428.38,429.12 1 1
github.com/Tutitoos/atenea/internal/adapter/kivgraph/impact_index.go:431.3,433.23 3 1
github.com/Tutitoos/atenea/internal/adapter/kivgraph/impact_index.go:433.23,435.4 1 0
github.com/Tutitoos/atenea/internal/adapter/kivgraph/impact_index.go:436.3,436.17 1 1
github.com/Tutitoos/atenea/internal/adapter/kivgraph/impact_index.go:436.17,437.12 1 0
github.com/Tutitoos/atenea/internal/adapter/kivgraph/impact_index.go:439.3,439.93 1 1
github.com/Tutitoos/atenea/internal/adapter/kivgraph/impact_index.go:441.2,441.35 1 1
github.com/Tutitoos/atenea/internal/adapter/kivgraph/impact_index.go:441.35,442.46 1 1
github.com/Tutitoos/atenea/internal/adapter/kivgraph/impact_index.go:442.46,443.12 1 1
github.com/Tutitoos/atenea/internal/adapter/kivgraph/impact_index.go:445.3,446.21 2 1
github.com/Tutitoos/atenea/internal/adapter/kivgraph/impact_index.go:446.21,448.4 1 1
github.com/Tutitoos/atenea/internal/adapter/kivgraph/impact_index.go:450.2,450.29 1 1
github.com/Tutitoos/atenea/internal/adapter/kivgraph/impact_index.go:453.86,454.41 1 1
github.com/Tutitoos/atenea/internal/adapter/kivgraph/impact_index.go:454.41,456.3 1 0
github.com/Tutitoos/atenea/internal/adapter/kivgraph/impact_index.go:457.2,458.39 2 1
github.com/Tutitoos/atenea/internal/adapter/kivgraph/impact_index.go:464.119,465.41 1 0
github.com/Tutitoos/atenea/internal/adapter/kivgraph/impact_index.go:465.41,467.3 1 0
github.com/Tutitoos/atenea/internal/adapter/kivgraph/impact_index.go:468.2,468.20 1 0
github.com/Tutitoos/atenea/internal/adapter/kivgraph/impact_index.go:468.20,471.3 1 0
github.com/Tutitoos/atenea/internal/adapter/kivgraph/impact_index.go:472.2,479.38 8 0
github.com/Tutitoos/atenea/internal/adapter/kivgraph/impact_index.go:479.38,480.65 1 0
github.com/Tutitoos/atenea/internal/adapter/kivgraph/impact_index.go:480.65,482.4 1 0
github.com/Tutitoos/atenea/internal/adapter/kivgraph/impact_index.go:483.3,483.76 1 0
github.com/Tutitoos/atenea/internal/adapter/kivgraph/impact_index.go:485.2,486.16 2 0
github.com/Tutitoos/atenea/internal/adapter/kivgraph/impact_index.go:486.16,488.3 1 0
github.com/Tutitoos/atenea/internal/adapter/kivgraph/impact_index.go:489.2,489.20 1 0
github.com/Tutitoos/atenea/internal/adapter/kivgraph/impact_index.go:492.59,494.51 2 1
github.com/Tutitoos/atenea/internal/adapter/kivgraph/impact_index.go:494.51,496.17 2 1
github.com/Tutitoos/atenea/internal/adapter/kivgraph/impact_index.go:496.17,497.12 1 0
github.com/Tutitoos/atenea/internal/adapter/kivgraph/impact_index.go:499.3,500.62 2 1
github.com/Tutitoos/atenea/internal/adapter/kivgraph/impact_index.go:500.62,502.4 1 0
github.com/Tutitoos/atenea/internal/adapter/kivgraph/impact_index.go:503.3,503.53 1 1
github.com/Tutitoos/atenea/internal/adapter/kivgraph/impact_index.go:503.53,505.4 1 1
github.com/Tutitoos/atenea/internal/adapter/kivgraph/impact_index.go:507.2,507.19 1 1
github.com/Tutitoos/atenea/internal/adapter/kivgraph/impact_index.go:507.19,509.3 1 1
github.com/Tutitoos/atenea/internal/adapter/kivgraph/impact_index.go:510.2,510.20 1 1
github.com/Tutitoos/atenea/internal/adapter/kivgraph/impact_index.go:510.20,511.25 1 1
github.com/Tutitoos/atenea/internal/adapter/kivgraph/impact_index.go:511.25,513.4 1 1
github.com/Tutitoos/atenea/internal/adapter/kivgraph/impact_index.go:514.3,514.73 1 0
github.com/Tutitoos/atenea/internal/adapter/kivgraph/impact_index.go:516.2,516.116 1 1
github.com/Tutitoos/atenea/internal/adapter/kivgraph/impact_index.go:523.55,525.24 2 0
github.com/Tutitoos/atenea/internal/adapter/kivgraph/impact_index.go:525.24,527.3 1 0
github.com/Tutitoos/atenea/internal/adapter/kivgraph/impact_index.go:528.2,528.23 1 0
github.com/Tutitoos/atenea/internal/adapter/kivgraph/impact_index.go:531.39,531.64 1 0
github.com/Tutitoos/atenea/internal/adapter/kivgraph/kivgraph.go:221.40,223.2 1 1
github.com/Tutitoos/atenea/internal/adapter/kivgraph/kivgraph.go:273.41,274.25 1 1
github.com/Tutitoos/atenea/internal/adapter/kivgraph/kivgraph.go:274.25,277.3 1 1
github.com/Tutitoos/atenea/internal/adapter/kivgraph/kivgraph.go:278.2,279.18 2 1
github.com/Tutitoos/atenea/internal/adapter/kivgraph/kivgraph.go:279.18,281.3 1 1
github.com/Tutitoos/atenea/internal/adapter/kivgraph/kivgraph.go:282.2,282.17 1 1
github.com/Tutitoos/atenea/internal/adapter/kivgraph/kivgraph.go:282.17,285.3 1 1
github.com/Tutitoos/atenea/internal/adapter/kivgraph/kivgraph.go:288.2,288.41 1 1
github.com/Tutitoos/atenea/internal/adapter/kivgraph/kivgraph.go:288.41,289.57 1 1
github.com/Tutitoos/atenea/internal/adapter/kivgraph/kivgraph.go:289.57,292.4 1 0
github.com/Tutitoos/atenea/internal/adapter/kivgraph/kivgraph.go:294.2,295.18 2 1
github.com/Tutitoos/atenea/internal/adapter/kivgraph/kivgraph.go:295.18,297.3 1 1
github.com/Tutitoos/atenea/internal/adapter/kivgraph/kivgraph.go:298.2,305.8 2 1
github.com/Tutitoos/atenea/internal/adapter/kivgraph/kivgraph.go:309.30,309.51 1 1
github.com/Tutitoos/atenea/internal/adapter/kivgraph/kivgraph.go:312.55,314.2 1 1
github.com/Tutitoos/atenea/internal/adapter/kivgraph/kivgraph.go:318.45,318.87 1 0
github.com/Tutitoos/atenea/internal/adapter/kivgraph/kivgraph.go:323.42,329.2 1 1
github.com/Tutitoos/atenea/internal/adapter/kivgraph/kivgraph.go:332.94,333.39 1 1
github.com/Tutitoos/atenea/internal/adapter/kivgraph/kivgraph.go:333.39,335.3 1 1
github.com/Tutitoos/atenea/internal/adapter/kivgraph/kivgraph.go:336.2,336.38 1 1
github.com/Tutitoos/atenea/internal/adapter/kivgraph/kivgraph.go:336.38,339.3 1 1
github.com/Tutitoos/atenea/internal/adapter/kivgraph/kivgraph.go:341.2,346.16 5 1
github.com/Tutitoos/atenea/internal/adapter/kivgraph/kivgraph.go:346.16,348.3 1 0
github.com/Tutitoos/atenea/internal/adapter/kivgraph/kivgraph.go:349.2,349.46 1 1
github.com/Tutitoos/atenea/internal/adapter/kivgraph/kivgraph.go:349.46,351.3 1 0
github.com/Tutitoos/atenea/internal/adapter/kivgraph/kivgraph.go:356.2,356.42 1 1
github.com/Tutitoos/atenea/internal/adapter/kivgraph/kivgraph.go:356.42,358.17 2 1
github.com/Tutitoos/atenea/internal/adapter/kivgraph/kivgraph.go:358.17,360.4 1 0
github.com/Tutitoos/atenea/internal/adapter/kivgraph/kivgraph.go:361.3,361.48 1 1
github.com/Tutitoos/atenea/internal/adapter/kivgraph/kivgraph.go:366.2,367.16 2 1
github.com/Tutitoos/atenea/internal/adapter/kivgraph/kivgraph.go:367.16,369.3 1 0
github.com/Tutitoos/atenea/internal/adapter/kivgraph/kivgraph.go:370.2,371.16 2 1
github.com/Tutitoos/atenea/internal/adapter/kivgraph/kivgraph.go:371.16,373.3 1 0
github.com/Tutitoos/atenea/internal/adapter/kivgraph/kivgraph.go:374.2,374.60 1 1
github.com/Tutitoos/atenea/internal/adapter/kivgraph/kivgraph.go:374.60,376.3 1 1
github.com/Tutitoos/atenea/internal/adapter/kivgraph/kivgraph.go:378.2,380.27 3 1
github.com/Tutitoos/atenea/internal/adapter/kivgraph/kivgraph.go:381.28,382.64 1 1
github.com/Tutitoos/atenea/internal/adapter/kivgraph/kivgraph.go:383.28,384.64 1 1
github.com/Tutitoos/atenea/internal/adapter/kivgraph/kivgraph.go:385.26,386.62 1 1
github.com/Tutitoos/atenea/internal/adapter/kivgraph/kivgraph.go:387.27,388.63 1 1
github.com/Tutitoos/atenea/internal/adapter/kivgraph/kivgraph.go:389.21,390.49 1 0
github.com/Tutitoos/atenea/internal/adapter/kivgraph/kivgraph.go:391.28,392.56 1 0
github.com/Tutitoos/atenea/internal/adapter/kivgraph/kivgraph.go:393.29,394.53 1 0
github.com/Tutitoos/atenea/internal/adapter/kivgraph/kivgraph.go:395.24,396.60 1 1
github.com/Tutitoos/atenea/internal/adapter/kivgraph/kivgraph.go:397.10,399.70 1 1
github.com/Tutitoos/atenea/internal/adapter/kivgraph/kivgraph.go:401.2,401.16 1 1
github.com/Tutitoos/atenea/internal/adapter/kivgraph/kivgraph.go:401.16,403.3 1 1
github.com/Tutitoos/atenea/internal/adapter/kivgraph/kivgraph.go:405.2,405.47 1 1
github.com/Tutitoos/atenea/internal/adapter/kivgraph/kivgraph.go:408.101,417.29 2 1
github.com/Tutitoos/atenea/internal/adapter/kivgraph/kivgraph.go:417.29,418.17 1 1
github.com/Tutitoos/atenea/internal/adapter/kivgraph/kivgraph.go:418.17,419.12 1 0
github.com/Tutitoos/atenea/internal/adapter/kivgraph/kivgraph.go:421.3,422.70 1 1
github.com/Tutitoos/atenea/internal/adapter/kivgraph/kivgraph.go:424.2,424.16 1 1
github.com/Tutitoos/atenea/internal/adapter/kivgraph/kivgraph.go:436.76,437.48 1 1
github.com/Tutitoos/atenea/internal/adapter/kivgraph/kivgraph.go:437.48,439.3 1 1
github.com/Tutitoos/atenea/internal/adapter/kivgraph/kivgraph.go:440.2,441.16 2 1
github.com/Tutitoos/atenea/internal/adapter/kivgraph/kivgraph.go:441.16,444.3 1 0
github.com/Tutitoos/atenea/internal/adapter/kivgraph/kivgraph.go:445.2,445.18 1 1
github.com/Tutitoos/atenea/internal/adapter/kivgraph/kivgraph.go:491.98,493.16 2 1
github.com/Tutitoos/atenea/internal/adapter/kivgraph/kivgraph.go:493.16,495.3 1 0
github.com/Tutitoos/atenea/internal/adapter/kivgraph/kivgraph.go:496.2,497.62 2 1
github.com/Tutitoos/atenea/internal/adapter/kivgraph/kivgraph.go:497.62,499.3 1 1
github.com/Tutitoos/atenea/internal/adapter/kivgraph/kivgraph.go:500.2,500.28 1 1
github.com/Tutitoos/atenea/internal/adapter/kivgraph/kivgraph.go:515.69,516.47 1 1
github.com/Tutitoos/atenea/internal/adapter/kivgraph/kivgraph.go:516.47,519.3 1 1
github.com/Tutitoos/atenea/internal/adapter/kivgraph/kivgraph.go:520.2,520.67 1 1
github.com/Tutitoos/atenea/internal/adapter/kivgraph/kivgraph.go:520.67,522.3 1 1
github.com/Tutitoos/atenea/internal/adapter/kivgraph/kivgraph.go:523.2,523.22 1 1
github.com/Tutitoos/atenea/internal/adapter/kivgraph/kivgraph.go:523.22,525.3 1 0
github.com/Tutitoos/atenea/internal/adapter/kivgraph/kivgraph.go:526.2,526.83 1 1
github.com/Tutitoos/atenea/internal/adapter/kivgraph/kivgraph.go:526.83,529.3 1 1
github.com/Tutitoos/atenea/internal/adapter/kivgraph/kivgraph.go:530.2,530.12 1 1
github.com/Tutitoos/atenea/internal/adapter/kivgraph/kivgraph.go:535.47,536.19 1 1
github.com/Tutitoos/atenea/internal/adapter/kivgraph/kivgraph.go:536.19,538.3 1 0
github.com/Tutitoos/atenea/internal/adapter/kivgraph/kivgraph.go:539.2,539.25 1 1
github.com/Tutitoos/atenea/internal/adapter/kivgraph/kivgraph.go:539.25,541.3 1 0
github.com/Tutitoos/atenea/internal/adapter/kivgraph/kivgraph.go:542.2,542.22 1 1
github.com/Tutitoos/atenea/internal/adapter/kivgraph/kivgraph.go:550.112,551.32 1 1
github.com/Tutitoos/atenea/internal/adapter/kivgraph/kivgraph.go:551.32,552.47 1 1
github.com/Tutitoos/atenea/internal/adapter/kivgraph/kivgraph.go:552.47,554.4 1 1
github.com/Tutitoos/atenea/internal/adapter/kivgraph/kivgraph.go:556.2,556.37 1 1
github.com/Tutitoos/atenea/internal/adapter/kivgraph/kivgraph.go:563.37,564.24 1 1
github.com/Tutitoos/atenea/internal/adapter/kivgraph/kivgraph.go:564.24,566.3 1 0
github.com/Tutitoos/atenea/internal/adapter/kivgraph/kivgraph.go:567.2,567.53 1 1
github.com/Tutitoos/atenea/internal/adapter/kivgraph/kivgraph.go:575.41,577.16 2 1
github.com/Tutitoos/atenea/internal/adapter/kivgraph/kivgraph.go:577.16,579.3 1 0
github.com/Tutitoos/atenea/internal/adapter/kivgraph/kivgraph.go:580.2,580.61 1 1
github.com/Tutitoos/atenea/internal/adapter/kivgraph/kivgraph.go:580.61,582.3 1 1
github.com/Tutitoos/atenea/internal/adapter/kivgraph/kivgraph.go:583.2,583.28 1 1
github.com/Tutitoos/atenea/internal/adapter/kivgraph/kivgraph.go:611.51,612.37 1 1
github.com/Tutitoos/atenea/internal/adapter/kivgraph/kivgraph.go:612.37,614.3 1 0
github.com/Tutitoos/atenea/internal/adapter/kivgraph/kivgraph.go:615.2,615.23 1 1
github.com/Tutitoos/atenea/internal/adapter/kivgraph/kivgraph.go:620.49,621.32 1 1
github.com/Tutitoos/atenea/internal/adapter/kivgraph/kivgraph.go:621.32,623.3 1 0
github.com/Tutitoos/atenea/internal/adapter/kivgraph/kivgraph.go:624.2,624.21 1 1
github.com/Tutitoos/atenea/internal/adapter/kivgraph/kivgraph.go:651.57,653.52 2 1
github.com/Tutitoos/atenea/internal/adapter/kivgraph/kivgraph.go:653.52,655.3 1 0
github.com/Tutitoos/atenea/internal/adapter/kivgraph/kivgraph.go:656.2,656.23 1 1
github.com/Tutitoos/atenea/internal/adapter/kivgraph/kivgraph.go:656.23,658.3 1 1
github.com/Tutitoos/atenea/internal/adapter/kivgraph/kivgraph.go:659.2,662.58 2 1
github.com/Tutitoos/atenea/internal/adapter/kivgraph/kivgraph.go:662.58,664.3 1 0
github.com/Tutitoos/atenea/internal/adapter/kivgraph/kivgraph.go:665.2,666.12 2 1
github.com/Tutitoos/atenea/internal/adapter/kivgraph/kivgraph.go:693.157,695.23 2 1
github.com/Tutitoos/atenea/internal/adapter/kivgraph/kivgraph.go:695.23,697.3 1 0
github.com/Tutitoos/atenea/internal/adapter/kivgraph/kivgraph.go:698.2,699.9 2 1
github.com/Tutitoos/atenea/internal/adapter/kivgraph/kivgraph.go:699.9,701.3 1 0
github.com/Tutitoos/atenea/internal/adapter/kivgraph/kivgraph.go:706.2,708.75 3 1
github.com/Tutitoos/atenea/internal/adapter/kivgraph/kivgraph.go:708.75,711.3 1 1
github.com/Tutitoos/atenea/internal/adapter/kivgraph/kivgraph.go:713.2,714.16 2 1
github.com/Tutitoos/atenea/internal/adapter/kivgraph/kivgraph.go:714.16,716.3 1 0
github.com/Tutitoos/atenea/internal/adapter/kivgraph/kivgraph.go:718.2,719.16 2 1
github.com/Tutitoos/atenea/internal/adapter/kivgraph/kivgraph.go:719.16,721.3 1 1
github.com/Tutitoos/atenea/internal/adapter/kivgraph/kivgraph.go:723.2,724.16 2 1
github.com/Tutitoos/atenea/internal/adapter/kivgraph/kivgraph.go:724.16,726.3 1 1
github.com/Tutitoos/atenea/internal/adapter/kivgraph/kivgraph.go:727.2,728.62 2 1
github.com/Tutitoos/atenea/internal/adapter/kivgraph/kivgraph.go:728.62,730.3 1 0
github.com/Tutitoos/atenea/internal/adapter/kivgraph/kivgraph.go:732.2,733.42 2 1
github.com/Tutitoos/atenea/internal/adapter/kivgraph/kivgraph.go:733.42,734.53 1 1
github.com/Tutitoos/atenea/internal/adapter/kivgraph/kivgraph.go:734.53,735.12 1 0
github.com/Tutitoos/atenea/internal/adapter/kivgraph/kivgraph.go:737.3,745.61 2 1
github.com/Tutitoos/atenea/internal/adapter/kivgraph/kivgraph.go:745.61,747.4 1 1
github.com/Tutitoos/atenea/internal/adapter/kivgraph/kivgraph.go:748.3,748.36 1 1
github.com/Tutitoos/atenea/internal/adapter/kivgraph/kivgraph.go:750.2,751.62 2 1
github.com/Tutitoos/atenea/internal/adapter/kivgraph/kivgraph.go:751.62,753.3 1 0
github.com/Tutitoos/atenea/internal/adapter/kivgraph/kivgraph.go:755.2,757.22 2 1
github.com/Tutitoos/atenea/internal/adapter/kivgraph/kivgraph.go:757.22,760.3 1 0
github.com/Tutitoos/atenea/internal/adapter/kivgraph/kivgraph.go:761.2,761.27 1 1
github.com/Tutitoos/atenea/internal/adapter/kivgraph/kivgraph.go:772.113,774.16 2 1
github.com/Tutitoos/atenea/internal/adapter/kivgraph/kivgraph.go:774.16,777.3 1 0
github.com/Tutitoos/atenea/internal/adapter/kivgraph/kivgraph.go:778.2,779.100 2 1
github.com/Tutitoos/atenea/internal/adapter/kivgraph/kivgraph.go:779.100,781.3 1 1
github.com/Tutitoos/atenea/internal/adapter/kivgraph/kivgraph.go:782.2,782.24 1 1
github.com/Tutitoos/atenea/internal/adapter/kivgraph/kivgraph.go:794.61,797.23 2 1
github.com/Tutitoos/atenea/internal/adapter/kivgraph/kivgraph.go:797.23,799.3 1 0
github.com/Tutitoos/atenea/internal/adapter/kivgraph/kivgraph.go:800.2,801.9 2 1
github.com/Tutitoos/atenea/internal/adapter/kivgraph/kivgraph.go:801.9,803.3 1 0
github.com/Tutitoos/atenea/internal/adapter/kivgraph/kivgraph.go:808.2,811.16 3 1
github.com/Tutitoos/atenea/internal/adapter/kivgraph/kivgraph.go:811.16,813.3 1 0
github.com/Tutitoos/atenea/internal/adapter/kivgraph/kivgraph.go:814.2,815.16 2 1
github.com/Tutitoos/atenea/internal/adapter/kivgraph/kivgraph.go:815.16,817.3 1 1
github.com/Tutitoos/atenea/internal/adapter/kivgraph/kivgraph.go:822.2,823.44 2 1
github.com/Tutitoos/atenea/internal/adapter/kivgraph/kivgraph.go:823.44,825.17 2 1
github.com/Tutitoos/atenea/internal/adapter/kivgraph/kivgraph.go:825.17,827.4 1 1
github.com/Tutitoos/atenea/internal/adapter/kivgraph/kivgraph.go:828.3,828.20 1 1
github.com/Tutitoos/atenea/internal/adapter/kivgraph/kivgraph.go:828.20,830.4 1 1
github.com/Tutitoos/atenea/internal/adapter/kivgraph/kivgraph.go:832.2,833.62 2 1
github.com/Tutitoos/atenea/internal/adapter/kivgraph/kivgraph.go:833.62,835.3 1 0
github.com/Tutitoos/atenea/internal/adapter/kivgraph/kivgraph.go:837.2,839.27 2 1
github.com/Tutitoos/atenea/internal/adapter/kivgraph/kivgraph.go:890.61,893.23 2 1
github.com/Tutitoos/atenea/internal/adapter/kivgraph/kivgraph.go:893.23,895.3 1 0
github.com/Tutitoos/atenea/internal/adapter/kivgraph/kivgraph.go:896.2,897.9 2 1
github.com/Tutitoos/atenea/internal/adapter/kivgraph/kivgraph.go:897.9,899.3 1 0
github.com/Tutitoos/atenea/internal/adapter/kivgraph/kivgraph.go:900.2,905.16 5 1
github.com/Tutitoos/atenea/internal/adapter/kivgraph/kivgraph.go:905.16,907.3 1 0
github.com/Tutitoos/atenea/internal/adapter/kivgraph/kivgraph.go:908.2,909.16 2 1
github.com/Tutitoos/atenea/internal/adapter/kivgraph/kivgraph.go:909.16,911.3 1 0
github.com/Tutitoos/atenea/internal/adapter/kivgraph/kivgraph.go:912.2,913.19 2 1
github.com/Tutitoos/atenea/internal/adapter/kivgraph/kivgraph.go:913.19,915.3 1 1
github.com/Tutitoos/atenea/internal/adapter/kivgraph/kivgraph.go:917.2,922.16 2 1
github.com/Tutitoos/atenea/internal/adapter/kivgraph/kivgraph.go:922.16,924.3 1 0
github.com/Tutitoos/atenea/internal/adapter/kivgraph/kivgraph.go:925.2,926.62 2 1
github.com/Tutitoos/atenea/internal/adapter/kivgraph/kivgraph.go:926.62,928.3 1 0
github.com/Tutitoos/atenea/internal/adapter/kivgraph/kivgraph.go:930.2,937.48 5 1
github.com/Tutitoos/atenea/internal/adapter/kivgraph/kivgraph.go:937.48,938.61 1 1
github.com/Tutitoos/atenea/internal/adapter/kivgraph/kivgraph.go:938.61,940.12 2 1
github.com/Tutitoos/atenea/internal/adapter/kivgraph/kivgraph.go:942.3,943.62 2 1
github.com/Tutitoos/atenea/internal/adapter/kivgraph/kivgraph.go:943.62,944.12 1 0
github.com/Tutitoos/atenea/internal/adapter/kivgraph/kivgraph.go:946.3,946.32 1 1
github.com/Tutitoos/atenea/internal/adapter/kivgraph/kivgraph.go:946.32,948.12 2 1
github.com/Tutitoos/atenea/internal/adapter/kivgraph/kivgraph.go:950.3,951.39 2 1
github.com/Tutitoos/atenea/internal/adapter/kivgraph/kivgraph.go:951.39,953.12 2 1
github.com/Tutitoos/atenea/internal/adapter/kivgraph/kivgraph.go:955.3,957.18 3 1
github.com/Tutitoos/atenea/internal/adapter/kivgraph/kivgraph.go:957.18,959.18 2 0
github.com/Tutitoos/atenea/internal/adapter/kivgraph/kivgraph.go:959.18,961.5 1 0
github.com/Tutitoos/atenea/internal/adapter/kivgraph/kivgraph.go:962.4,962.21 1 0
github.com/Tutitoos/atenea/internal/adapter/kivgraph/kivgraph.go:962.21,964.5 1 0
github.com/Tutitoos/atenea/internal/adapter/kivgraph/kivgraph.go:966.3,966.36 1 1
github.com/Tutitoos/atenea/internal/adapter/kivgraph/kivgraph.go:969.2,970.62 2 1
github.com/Tutitoos/atenea/internal/adapter/kivgraph/kivgraph.go:970.62,972.3 1 0
github.com/Tutitoos/atenea/internal/adapter/kivgraph/kivgraph.go:974.2,976.17 2 1
github.com/Tutitoos/atenea/internal/adapter/kivgraph/kivgraph.go:976.17,980.3 1 1
github.com/Tutitoos/atenea/internal/adapter/kivgraph/kivgraph.go:981.2,981.19 1 1
github.com/Tutitoos/atenea/internal/adapter/kivgraph/kivgraph.go:981.19,985.3 1 1
github.com/Tutitoos/atenea/internal/adapter/kivgraph/kivgraph.go:986.2,986.20 1 1
github.com/Tutitoos/atenea/internal/adapter/kivgraph/kivgraph.go:986.20,988.3 1 1
github.com/Tutitoos/atenea/internal/adapter/kivgraph/kivgraph.go:989.2,989.22 1 1
github.com/Tutitoos/atenea/internal/adapter/kivgraph/kivgraph.go:989.22,992.3 1 0
github.com/Tutitoos/atenea/internal/adapter/kivgraph/kivgraph.go:993.2,993.27 1 1
github.com/Tutitoos/atenea/internal/adapter/kivgraph/kivgraph.go:1012.61,1015.23 2 1
github.com/Tutitoos/atenea/internal/adapter/kivgraph/kivgraph.go:1015.23,1017.3 1 0
github.com/Tutitoos/atenea/internal/adapter/kivgraph/kivgraph.go:1018.2,1023.29 2 1
github.com/Tutitoos/atenea/internal/adapter/kivgraph/kivgraph.go:1023.29,1026.3 1 1
github.com/Tutitoos/atenea/internal/adapter/kivgraph/kivgraph.go:1027.2,1028.15 2 1
github.com/Tutitoos/atenea/internal/adapter/kivgraph/kivgraph.go:1028.15,1031.3 1 0
github.com/Tutitoos/atenea/internal/adapter/kivgraph/kivgraph.go:1033.2,1034.16 2 1
github.com/Tutitoos/atenea/internal/adapter/kivgraph/kivgraph.go:1034.16,1036.3 1 0
github.com/Tutitoos/atenea/internal/adapter/kivgraph/kivgraph.go:1037.2,1038.15 2 1
github.com/Tutitoos/atenea/internal/adapter/kivgraph/kivgraph.go:1038.15,1040.3 1 1
github.com/Tutitoos/atenea/internal/adapter/kivgraph/kivgraph.go:1041.2,1042.16 2 1
github.com/Tutitoos/atenea/internal/adapter/kivgraph/kivgraph.go:1042.16,1044.3 1 0
github.com/Tutitoos/atenea/internal/adapter/kivgraph/kivgraph.go:1045.2,1046.62 2 1
github.com/Tutitoos/atenea/internal/adapter/kivgraph/kivgraph.go:1046.62,1048.3 1 0
github.com/Tutitoos/atenea/internal/adapter/kivgraph/kivgraph.go:1051.2,1053.45 3 1
github.com/Tutitoos/atenea/internal/adapter/kivgraph/kivgraph.go:1053.45,1054.45 1 1
github.com/Tutitoos/atenea/internal/adapter/kivgraph/kivgraph.go:1054.45,1055.12 1 0
github.com/Tutitoos/atenea/internal/adapter/kivgraph/kivgraph.go:1057.3,1064.36 2 1
github.com/Tutitoos/atenea/internal/adapter/kivgraph/kivgraph.go:1064.36,1066.4 1 1
github.com/Tutitoos/atenea/internal/adapter/kivgraph/kivgraph.go:1067.3,1067.39 1 1
github.com/Tutitoos/atenea/internal/adapter/kivgraph/kivgraph.go:1067.39,1069.4 1 1
github.com/Tutitoos/atenea/internal/adapter/kivgraph/kivgraph.go:1070.3,1070.36 1 1
github.com/Tutitoos/atenea/internal/adapter/kivgraph/kivgraph.go:1073.2,1074.62 2 1
github.com/Tutitoos/atenea/internal/adapter/kivgraph/kivgraph.go:1074.62,1076.3 1 0
github.com/Tutitoos/atenea/internal/adapter/kivgraph/kivgraph.go:1078.2,1080.18 2 1
github.com/Tutitoos/atenea/internal/adapter/kivgraph/kivgraph.go:1080.18,1083.3 1 1
github.com/Tutitoos/atenea/internal/adapter/kivgraph/kivgraph.go:1084.2,1084.22 1 1
github.com/Tutitoos/atenea/internal/adapter/kivgraph/kivgraph.go:1084.22,1087.3 1 0
github.com/Tutitoos/atenea/internal/adapter/kivgraph/kivgraph.go:1088.2,1088.27 1 1
github.com/Tutitoos/atenea/internal/adapter/kivgraph/kivgraph.go:1096.55,1097.65 1 1
github.com/Tutitoos/atenea/internal/adapter/kivgraph/kivgraph.go:1097.65,1099.3 1 1
github.com/Tutitoos/atenea/internal/adapter/kivgraph/kivgraph.go:1100.2,1101.52 2 1
github.com/Tutitoos/atenea/internal/adapter/kivgraph/kivgraph.go:1101.52,1103.3 1 0
github.com/Tutitoos/atenea/internal/adapter/kivgraph/kivgraph.go:1104.2,1105.18 2 1
github.com/Tutitoos/atenea/internal/adapter/kivgraph/kivgraph.go:1105.18,1107.3 1 0
github.com/Tutitoos/atenea/internal/adapter/kivgraph/kivgraph.go:1110.2,1110.51 1 1
github.com/Tutitoos/atenea/internal/adapter/kivgraph/kivgraph.go:1110.51,1112.3 1 0
github.com/Tutitoos/atenea/internal/adapter/kivgraph/kivgraph.go:1113.2,1113.29 1 1
github.com/Tutitoos/atenea/internal/adapter/kivgraph/kivgraph.go:1178.60,1180.39 2 1
github.com/Tutitoos/atenea/internal/adapter/kivgraph/kivgraph.go:1180.39,1182.3 1 1
github.com/Tutitoos/atenea/internal/adapter/kivgraph/kivgraph.go:1183.2,1183.41 1 1
github.com/Tutitoos/atenea/internal/adapter/kivgraph/kivgraph.go:1183.41,1184.36 1 1
github.com/Tutitoos/atenea/internal/adapter/kivgraph/kivgraph.go:1184.36,1185.31 1 1
github.com/Tutitoos/atenea/internal/adapter/kivgraph/kivgraph.go:1185.31,1187.11 2 1
github.com/Tutitoos/atenea/internal/adapter/kivgraph/kivgraph.go:1187.11,1189.6 1 1
github.com/Tutitoos/atenea/internal/adapter/kivgraph/kivgraph.go:1193.2,1193.12 1 1
github.com/Tutitoos/atenea/internal/adapter/kivgraph/kivgraph.go:1196.81,1198.37 2 1
github.com/Tutitoos/atenea/internal/adapter/kivgraph/kivgraph.go:1198.37,1200.3 1 0
github.com/Tutitoos/atenea/internal/adapter/kivgraph/kivgraph.go:1201.2,1204.30 4 1
github.com/Tutitoos/atenea/internal/adapter/kivgraph/kivgraph.go:1204.30,1206.3 1 0
github.com/Tutitoos/atenea/internal/adapter/kivgraph/kivgraph.go:1207.2,1208.20 2 1
github.com/Tutitoos/atenea/internal/adapter/kivgraph/kivgraph.go:1208.20,1210.32 2 1
github.com/Tutitoos/atenea/internal/adapter/kivgraph/kivgraph.go:1210.32,1212.4 1 0
github.com/Tutitoos/atenea/internal/adapter/kivgraph/kivgraph.go:1214.2,1220.9 1 1
github.com/Tutitoos/atenea/internal/adapter/kivgraph/kivgraph.go:1238.100,1241.16 2 1
github.com/Tutitoos/atenea/internal/adapter/kivgraph/kivgraph.go:1241.16,1251.3 1 0
github.com/Tutitoos/atenea/internal/adapter/kivgraph/kivgraph.go:1252.2,1253.62 2 1
github.com/Tutitoos/atenea/internal/adapter/kivgraph/kivgraph.go:1253.62,1256.3 1 0
github.com/Tutitoos/atenea/internal/adapter/kivgraph/kivgraph.go:1258.2,1259.45 2 1
github.com/Tutitoos/atenea/internal/adapter/kivgraph/kivgraph.go:1259.45,1260.53 1 1
github.com/Tutitoos/atenea/internal/adapter/kivgraph/kivgraph.go:1260.53,1262.4 1 1
github.com/Tutitoos/atenea/internal/adapter/kivgraph/kivgraph.go:1264.2,1264.26 1 1
github.com/Tutitoos/atenea/internal/adapter/kivgraph/kivgraph.go:1264.26,1271.3 1 1
github.com/Tutitoos/atenea/internal/adapter/kivgraph/kivgraph.go:1277.2,1277.16 1 1
github.com/Tutitoos/atenea/internal/adapter/kivgraph/kivgraph.go:1277.16,1279.35 2 0
github.com/Tutitoos/atenea/internal/adapter/kivgraph/kivgraph.go:1279.35,1280.25 1 0
github.com/Tutitoos/atenea/internal/adapter/kivgraph/kivgraph.go:1280.25,1282.5 1 0
github.com/Tutitoos/atenea/internal/adapter/kivgraph/kivgraph.go:1284.3,1284.31 1 0
github.com/Tutitoos/atenea/internal/adapter/kivgraph/kivgraph.go:1284.31,1285.34 1 0
github.com/Tutitoos/atenea/internal/adapter/kivgraph/kivgraph.go:1285.34,1287.5 1 0
github.com/Tutitoos/atenea/internal/adapter/kivgraph/kivgraph.go:1289.3,1289.23 1 0
github.com/Tutitoos/atenea/internal/adapter/kivgraph/kivgraph.go:1289.23,1291.4 1 0
github.com/Tutitoos/atenea/internal/adapter/kivgraph/kivgraph.go:1292.3,1292.22 1 0
github.com/Tutitoos/atenea/internal/adapter/kivgraph/kivgraph.go:1292.22,1294.4 1 0
github.com/Tutitoos/atenea/internal/adapter/kivgraph/kivgraph.go:1297.2,1299.25 3 1
github.com/Tutitoos/atenea/internal/adapter/kivgraph/kivgraph.go:1299.25,1301.35 2 0
github.com/Tutitoos/atenea/internal/adapter/kivgraph/kivgraph.go:1301.35,1307.82 1 0
github.com/Tutitoos/atenea/internal/adapter/kivgraph/kivgraph.go:1307.82,1308.13 1 0
github.com/Tutitoos/atenea/internal/adapter/kivgraph/kivgraph.go:1310.4,1311.93 1 0
github.com/Tutitoos/atenea/internal/adapter/kivgraph/kivgraph.go:1313.3,1313.26 1 0
github.com/Tutitoos/atenea/internal/adapter/kivgraph/kivgraph.go:1313.26,1321.4 1 0
github.com/Tutitoos/atenea/internal/adapter/kivgraph/kivgraph.go:1323.2,1323.30 1 1
github.com/Tutitoos/atenea/internal/adapter/kivgraph/kivgraph.go:1334.153,1336.16 2 1
github.com/Tutitoos/atenea/internal/adapter/kivgraph/kivgraph.go:1336.16,1338.3 1 1
github.com/Tutitoos/atenea/internal/adapter/kivgraph/kivgraph.go:1339.2,1340.16 2 1
github.com/Tutitoos/atenea/internal/adapter/kivgraph/kivgraph.go:1340.16,1342.3 1 1
github.com/Tutitoos/atenea/internal/adapter/kivgraph/kivgraph.go:1343.2,1343.24 1 1
github.com/Tutitoos/atenea/internal/adapter/kivgraph/kivgraph.go:1363.68,1365.26 1 1
github.com/Tutitoos/atenea/internal/adapter/kivgraph/kivgraph.go:1365.26,1367.3 1 1
github.com/Tutitoos/atenea/internal/adapter/kivgraph/kivgraph.go:1368.2,1369.21 2 1
github.com/Tutitoos/atenea/internal/adapter/kivgraph/kivgraph.go:1369.21,1371.3 1 1
github.com/Tutitoos/atenea/internal/adapter/kivgraph/kivgraph.go:1372.2,1372.21 1 1
github.com/Tutitoos/atenea/internal/adapter/kivgraph/kivgraph.go:1372.21,1376.3 1 0
github.com/Tutitoos/atenea/internal/adapter/kivgraph/kivgraph.go:1377.2,1382.16 2 1
github.com/Tutitoos/atenea/internal/adapter/kivgraph/kivgraph.go:1382.16,1390.47 2 1
github.com/Tutitoos/atenea/internal/adapter/kivgraph/kivgraph.go:1390.47,1392.4 1 0
github.com/Tutitoos/atenea/internal/adapter/kivgraph/kivgraph.go:1393.3,1395.52 1 1
github.com/Tutitoos/atenea/internal/adapter/kivgraph/kivgraph.go:1397.2,1398.62 2 1
github.com/Tutitoos/atenea/internal/adapter/kivgraph/kivgraph.go:1398.62,1401.3 1 0
github.com/Tutitoos/atenea/internal/adapter/kivgraph/kivgraph.go:1402.2,1402.61 1 1
github.com/Tutitoos/atenea/internal/adapter/kivgraph/kivgraph.go:1402.61,1406.3 1 1
github.com/Tutitoos/atenea/internal/adapter/kivgraph/kivgraph.go:1407.2,1407.38 1 1
github.com/Tutitoos/atenea/internal/adapter/kivgraph/kivgraph.go:1414.72,1417.38 3 1
github.com/Tutitoos/atenea/internal/adapter/kivgraph/kivgraph.go:1417.38,1418.61 1 0
github.com/Tutitoos/atenea/internal/adapter/kivgraph/kivgraph.go:1418.61,1421.4 2 0
github.com/Tutitoos/atenea/internal/adapter/kivgraph/kivgraph.go:1423.2,1423.13 1 1
github.com/Tutitoos/atenea/internal/adapter/kivgraph/kivgraph.go:1461.129,1463.28 2 0
github.com/Tutitoos/atenea/internal/adapter/kivgraph/kivgraph.go:1463.28,1465.3 1 0
github.com/Tutitoos/atenea/internal/adapter/kivgraph/kivgraph.go:1467.2,1468.16 2 0
github.com/Tutitoos/atenea/internal/adapter/kivgraph/kivgraph.go:1468.16,1470.3 1 0
github.com/Tutitoos/atenea/internal/adapter/kivgraph/kivgraph.go:1471.2,1472.62 2 0
github.com/Tutitoos/atenea/internal/adapter/kivgraph/kivgraph.go:1472.62,1474.3 1 0
github.com/Tutitoos/atenea/internal/adapter/kivgraph/kivgraph.go:1476.2,1477.27 2 0
github.com/Tutitoos/atenea/internal/adapter/kivgraph/kivgraph.go:1477.27,1484.3 1 0
github.com/Tutitoos/atenea/internal/adapter/kivgraph/kivgraph.go:1485.2,1486.62 2 0
github.com/Tutitoos/atenea/internal/adapter/kivgraph/kivgraph.go:1486.62,1488.3 1 0
github.com/Tutitoos/atenea/internal/adapter/kivgraph/kivgraph.go:1490.2,1491.27 2 0
github.com/Tutitoos/atenea/internal/adapter/kivgraph/kivgraph.go:1521.136,1523.55 2 0
github.com/Tutitoos/atenea/internal/adapter/kivgraph/kivgraph.go:1523.55,1525.3 1 0
github.com/Tutitoos/atenea/internal/adapter/kivgraph/kivgraph.go:1526.2,1526.76 1 0
github.com/Tutitoos/atenea/internal/adapter/kivgraph/kivgraph.go:1526.76,1528.3 1 0
github.com/Tutitoos/atenea/internal/adapter/kivgraph/kivgraph.go:1529.2,1529.50 1 0
github.com/Tutitoos/atenea/internal/adapter/kivgraph/kivgraph.go:1529.50,1531.3 1 0
github.com/Tutitoos/atenea/internal/adapter/kivgraph/kivgraph.go:1533.2,1534.16 2 0
github.com/Tutitoos/atenea/internal/adapter/kivgraph/kivgraph.go:1534.16,1536.3 1 0
github.com/Tutitoos/atenea/internal/adapter/kivgraph/kivgraph.go:1537.2,1538.62 2 0
github.com/Tutitoos/atenea/internal/adapter/kivgraph/kivgraph.go:1538.62,1540.3 1 0
github.com/Tutitoos/atenea/internal/adapter/kivgraph/kivgraph.go:1542.2,1543.37 2 0
github.com/Tutitoos/atenea/internal/adapter/kivgraph/kivgraph.go:1543.37,1549.33 2 0
github.com/Tutitoos/atenea/internal/adapter/kivgraph/kivgraph.go:1549.33,1551.4 1 0
github.com/Tutitoos/atenea/internal/adapter/kivgraph/kivgraph.go:1552.3,1552.36 1 0
github.com/Tutitoos/atenea/internal/adapter/kivgraph/kivgraph.go:1554.2,1555.62 2 0
github.com/Tutitoos/atenea/internal/adapter/kivgraph/kivgraph.go:1555.62,1557.3 1 0
github.com/Tutitoos/atenea/internal/adapter/kivgraph/kivgraph.go:1559.2,1561.22 2 0
github.com/Tutitoos/atenea/internal/adapter/kivgraph/kivgraph.go:1561.22,1564.3 1 0
github.com/Tutitoos/atenea/internal/adapter/kivgraph/kivgraph.go:1565.2,1565.27 1 0
github.com/Tutitoos/atenea/internal/adapter/kivgraph/kivgraph.go:1579.114,1591.62 3 0
github.com/Tutitoos/atenea/internal/adapter/kivgraph/kivgraph.go:1591.62,1593.3 1 0
github.com/Tutitoos/atenea/internal/adapter/kivgraph/kivgraph.go:1595.2,1597.27 2 0
github.com/Tutitoos/atenea/internal/adapter/kivgraph/kivgraph.go:1607.85,1609.16 2 1
github.com/Tutitoos/atenea/internal/adapter/kivgraph/kivgraph.go:1609.16,1611.3 1 0
github.com/Tutitoos/atenea/internal/adapter/kivgraph/kivgraph.go:1612.2,1612.45 1 1
github.com/Tutitoos/atenea/internal/adapter/kivgraph/kivgraph.go:1612.45,1614.3 1 0
github.com/Tutitoos/atenea/internal/adapter/kivgraph/kivgraph.go:1615.2,1616.16 2 1
github.com/Tutitoos/atenea/internal/adapter/kivgraph/kivgraph.go:1616.16,1618.3 1 1
github.com/Tutitoos/atenea/internal/adapter/kivgraph/kivgraph.go:1619.2,1620.16 2 1
github.com/Tutitoos/atenea/internal/adapter/kivgraph/kivgraph.go:1620.16,1622.3 1 0
github.com/Tutitoos/atenea/internal/adapter/kivgraph/kivgraph.go:1623.2,1623.55 1 1
github.com/Tutitoos/atenea/internal/adapter/kivgraph/kivgraph.go:1624.23,1625.23 1 1
github.com/Tutitoos/atenea/internal/adapter/kivgraph/kivgraph.go:1626.64,1627.38 1 1
github.com/Tutitoos/atenea/internal/adapter/kivgraph/kivgraph.go:1628.10,1629.29 1 0
github.com/Tutitoos/atenea/internal/adapter/kivgraph/kivgraph.go:1639.47,1641.2 1 1
github.com/Tutitoos/atenea/internal/adapter/kivgraph/kivgraph.go:1655.79,1657.28 2 1
github.com/Tutitoos/atenea/internal/adapter/kivgraph/kivgraph.go:1657.28,1666.49 1 1
github.com/Tutitoos/atenea/internal/adapter/kivgraph/kivgraph.go:1666.49,1668.4 1 1
github.com/Tutitoos/atenea/internal/adapter/kivgraph/kivgraph.go:1669.3,1669.98 1 1
github.com/Tutitoos/atenea/internal/adapter/kivgraph/kivgraph.go:1669.98,1671.17 2 1
github.com/Tutitoos/atenea/internal/adapter/kivgraph/kivgraph.go:1671.17,1673.5 1 1
github.com/Tutitoos/atenea/internal/adapter/kivgraph/kivgraph.go:1674.4,1674.88 1 1
github.com/Tutitoos/atenea/internal/adapter/kivgraph/kivgraph.go:1676.3,1676.15 1 1
github.com/Tutitoos/atenea/internal/adapter/kivgraph/kivgraph.go:1678.2,1678.40 1 1
github.com/Tutitoos/atenea/internal/adapter/kivgraph/kivgraph.go:1678.40,1680.3 1 0
github.com/Tutitoos/atenea/internal/adapter/kivgraph/kivgraph.go:1681.2,1682.88 2 1
github.com/Tutitoos/atenea/internal/adapter/kivgraph/kivgraph.go:1682.88,1684.3 1 0
github.com/Tutitoos/atenea/internal/adapter/kivgraph/kivgraph.go:1685.2,1686.9 2 1
github.com/Tutitoos/atenea/internal/adapter/kivgraph/kivgraph.go:1689.90,1690.95 1 0
github.com/Tutitoos/atenea/internal/adapter/kivgraph/kivgraph.go:1691.126,1692.99 1 0
github.com/Tutitoos/atenea/internal/adapter/kivgraph/kivgraph.go:1693.90,1694.98 1 0
github.com/Tutitoos/atenea/internal/adapter/kivgraph/kivgraph.go:1696.2,1696.92 1 1
github.com/Tutitoos/atenea/internal/adapter/kivgraph/kivgraph.go:1702.33,1703.13 1 1
github.com/Tutitoos/atenea/internal/adapter/kivgraph/kivgraph.go:1703.13,1705.3 1 0
github.com/Tutitoos/atenea/internal/adapter/kivgraph/kivgraph.go:1706.2,1706.22 1 1
github.com/Tutitoos/atenea/internal/adapter/kivgraph/kivgraph.go:1706.22,1707.41 1 1
github.com/Tutitoos/atenea/internal/adapter/kivgraph/kivgraph.go:1707.41,1708.12 1 1
github.com/Tutitoos/atenea/internal/adapter/kivgraph/kivgraph.go:1710.3,1710.15 1 1
github.com/Tutitoos/atenea/internal/adapter/kivgraph/kivgraph.go:1712.2,1712.13 1 1
github.com/Tutitoos/atenea/internal/adapter/kivgraph/kivgraph.go:1722.67,1724.6 2 1
github.com/Tutitoos/atenea/internal/adapter/kivgraph/kivgraph.go:1724.6,1726.11 2 1
github.com/Tutitoos/atenea/internal/adapter/kivgraph/kivgraph.go:1726.11,1728.4 1 1
github.com/Tutitoos/atenea/internal/adapter/kivgraph/kivgraph.go:1729.3,1729.56 1 1
github.com/Tutitoos/atenea/internal/adapter/kivgraph/kivgraph.go:1729.56,1731.4 1 1
github.com/Tutitoos/atenea/internal/adapter/kivgraph/kivgraph.go:1732.3,1732.14 1 1
github.com/Tutitoos/atenea/internal/adapter/kivgraph/kivgraph.go:1747.56,1750.2 2 1
github.com/Tutitoos/atenea/internal/adapter/kivgraph/kivgraph.go:1755.66,1756.29 1 1
github.com/Tutitoos/atenea/internal/adapter/kivgraph/kivgraph.go:1756.29,1758.3 1 1
github.com/Tutitoos/atenea/internal/adapter/kivgraph/kivgraph.go:1759.2,1760.17 2 1
github.com/Tutitoos/atenea/internal/adapter/kivgraph/kivgraph.go:1765.60,1766.38 1 1
github.com/Tutitoos/atenea/internal/adapter/kivgraph/kivgraph.go:1767.11,1768.21 1 1
github.com/Tutitoos/atenea/internal/adapter/kivgraph/kivgraph.go:1769.13,1770.26 1 0
github.com/Tutitoos/atenea/internal/adapter/kivgraph/kivgraph.go:1771.15,1772.26 1 0
github.com/Tutitoos/atenea/internal/adapter/kivgraph/kivgraph.go:1773.10,1774.18 1 1
github.com/Tutitoos/atenea/internal/adapter/kivgraph/kivgraph.go:1789.52,1791.38 2 1
github.com/Tutitoos/atenea/internal/adapter/kivgraph/kivgraph.go:1791.38,1792.46 1 1
github.com/Tutitoos/atenea/internal/adapter/kivgraph/kivgraph.go:1792.46,1794.4 1 1
github.com/Tutitoos/atenea/internal/adapter/kivgraph/kivgraph.go:1795.3,1795.57 1 1
github.com/Tutitoos/atenea/internal/adapter/kivgraph/kivgraph.go:1795.57,1797.4 1 1
github.com/Tutitoos/atenea/internal/adapter/kivgraph/kivgraph.go:1799.2,1799.14 1 1
github.com/Tutitoos/atenea/internal/adapter/kivgraph/kivgraph.go:1807.48,1808.60 1 1
github.com/Tutitoos/atenea/internal/adapter/kivgraph/kivgraph.go:1808.60,1810.3 1 1
github.com/Tutitoos/atenea/internal/adapter/kivgraph/kivgraph.go:1811.2,1812.16 2 1
github.com/Tutitoos/atenea/internal/adapter/kivgraph/kivgraph.go:1812.16,1814.3 1 0
github.com/Tutitoos/atenea/internal/adapter/kivgraph/kivgraph.go:1815.2,1815.65 1 1
github.com/Tutitoos/atenea/internal/adapter/kivgraph/kivgraph.go:1815.65,1817.3 1 1
github.com/Tutitoos/atenea/internal/adapter/kivgraph/kivgraph.go:1818.2,1819.57 2 1
github.com/Tutitoos/atenea/internal/adapter/kivgraph/kivgraph.go:1819.57,1821.3 1 1
github.com/Tutitoos/atenea/internal/adapter/kivgraph/kivgraph.go:1826.2,1827.16 2 1
github.com/Tutitoos/atenea/internal/adapter/kivgraph/kivgraph.go:1827.16,1828.25 1 0
github.com/Tutitoos/atenea/internal/adapter/kivgraph/kivgraph.go:1828.25,1830.4 1 0
github.com/Tutitoos/atenea/internal/adapter/kivgraph/kivgraph.go:1831.3,1831.92 1 0
github.com/Tutitoos/atenea/internal/adapter/kivgraph/kivgraph.go:1833.2,1833.59 1 1
github.com/Tutitoos/atenea/internal/adapter/kivgraph/kivgraph.go:1833.59,1835.3 1 0
github.com/Tutitoos/atenea/internal/adapter/kivgraph/kivgraph.go:1836.2,1836.20 1 1
github.com/Tutitoos/atenea/internal/adapter/kivgraph/kivgraph.go:1840.49,1842.90 2 1
github.com/Tutitoos/atenea/internal/adapter/kivgraph/kivgraph.go:1842.90,1844.3 1 1
github.com/Tutitoos/atenea/internal/adapter/kivgraph/kivgraph.go:1845.2,1845.12 1 1
github.com/Tutitoos/atenea/internal/adapter/kivgraph/kivgraph.go:1852.38,1854.65 2 1
github.com/Tutitoos/atenea/internal/adapter/kivgraph/kivgraph.go:1854.65,1856.3 1 1
github.com/Tutitoos/atenea/internal/adapter/kivgraph/kivgraph.go:1857.2,1858.16 2 1
github.com/Tutitoos/atenea/internal/adapter/kivgraph/kivgraph.go:1858.16,1860.3 1 0
github.com/Tutitoos/atenea/internal/adapter/kivgraph/kivgraph.go:1861.2,1861.15 1 1
github.com/Tutitoos/atenea/internal/adapter/kivgraph/kivgraph.go:1861.15,1861.35 1 1
github.com/Tutitoos/atenea/internal/adapter/kivgraph/kivgraph.go:1862.2,1865.21 4 1
github.com/Tutitoos/atenea/internal/adapter/kivgraph/kivgraph.go:1865.21,1867.3 1 1
github.com/Tutitoos/atenea/internal/adapter/kivgraph/kivgraph.go:1868.2,1868.26 1 1
github.com/Tutitoos/atenea/internal/adapter/kivgraph/kivgraph.go:1868.26,1870.3 1 0
github.com/Tutitoos/atenea/internal/adapter/kivgraph/kivgraph.go:1871.2,1871.12 1 1
github.com/Tutitoos/atenea/internal/adapter/kivgraph/kivgraph.go:1878.58,1879.50 1 1
github.com/Tutitoos/atenea/internal/adapter/kivgraph/kivgraph.go:1879.50,1881.3 1 1
github.com/Tutitoos/atenea/internal/adapter/kivgraph/kivgraph.go:1882.2,1883.16 2 1
github.com/Tutitoos/atenea/internal/adapter/kivgraph/kivgraph.go:1883.16,1885.3 1 0
github.com/Tutitoos/atenea/internal/adapter/kivgraph/kivgraph.go:1886.2,1886.58 1 1
github.com/Tutitoos/atenea/internal/adapter/kivgraph/kivgraph.go:1886.58,1888.3 1 1
github.com/Tutitoos/atenea/internal/adapter/kivgraph/kivgraph.go:1889.2,1889.10 1 0
github.com/Tutitoos/atenea/internal/adapter/kivgraph/kivgraph.go:1899.85,1900.29 1 1
github.com/Tutitoos/atenea/internal/adapter/kivgraph/kivgraph.go:1900.29,1903.3 1 1
github.com/Tutitoos/atenea/internal/adapter/kivgraph/kivgraph.go:1904.2,1905.16 2 1
github.com/Tutitoos/atenea/internal/adapter/kivgraph/kivgraph.go:1905.16,1907.3 1 0
github.com/Tutitoos/atenea/internal/adapter/kivgraph/kivgraph.go:1908.2,1909.36 2 1
github.com/Tutitoos/atenea/internal/adapter/kivgraph/kivgraph.go:1909.36,1911.3 1 0
github.com/Tutitoos/atenea/internal/adapter/kivgraph/kivgraph.go:1912.2,1913.50 2 1
github.com/Tutitoos/atenea/internal/adapter/kivgraph/kivgraph.go:1918.48,1919.67 1 1
github.com/Tutitoos/atenea/internal/adapter/kivgraph/kivgraph.go:1919.67,1921.3 1 1
github.com/Tutitoos/atenea/internal/adapter/kivgraph/kivgraph.go:1922.2,1922.28 1 1
github.com/Tutitoos/atenea/internal/adapter/kivgraph/kivgraph.go:1928.52,1930.9 2 1
github.com/Tutitoos/atenea/internal/adapter/kivgraph/kivgraph.go:1930.9,1932.3 1 1
github.com/Tutitoos/atenea/internal/adapter/kivgraph/kivgraph.go:1933.2,1934.27 2 1
github.com/Tutitoos/atenea/internal/adapter/kivgraph/kivgraph.go:1934.27,1936.47 2 1
github.com/Tutitoos/atenea/internal/adapter/kivgraph/kivgraph.go:1936.47,1937.12 1 0
github.com/Tutitoos/atenea/internal/adapter/kivgraph/kivgraph.go:1939.3,1939.56 1 1
github.com/Tutitoos/atenea/internal/adapter/kivgraph/kivgraph.go:1941.2,1941.12 1 1
github.com/Tutitoos/atenea/internal/adapter/kivgraph/kivgraph.go:1946.52,1947.21 1 1
github.com/Tutitoos/atenea/internal/adapter/kivgraph/kivgraph.go:1947.21,1949.3 1 1
github.com/Tutitoos/atenea/internal/adapter/kivgraph/kivgraph.go:1950.2,1950.30 1 1
github.com/Tutitoos/atenea/internal/adapter/kivgraph/kivgraph.go:1950.30,1951.66 1 1
github.com/Tutitoos/atenea/internal/adapter/kivgraph/kivgraph.go:1951.66,1953.4 1 1
github.com/Tutitoos/atenea/internal/adapter/kivgraph/kivgraph.go:1955.2,1955.14 1 1
github.com/Tutitoos/atenea/internal/adapter/kivgraph/kivgraph.go:1960.54,1963.2 2 1
github.com/Tutitoos/atenea/internal/adapter/serena/mcp.go:43.35,43.97 1 0
github.com/Tutitoos/atenea/internal/adapter/serena/mcp.go:59.103,60.44 1 1
github.com/Tutitoos/atenea/internal/adapter/serena/mcp.go:60.44,62.3 1 1
github.com/Tutitoos/atenea/internal/adapter/serena/mcp.go:63.2,64.16 2 1
github.com/Tutitoos/atenea/internal/adapter/serena/mcp.go:64.16,66.3 1 0
github.com/Tutitoos/atenea/internal/adapter/serena/mcp.go:67.2,68.50 2 1
github.com/Tutitoos/atenea/internal/adapter/serena/mcp.go:68.50,70.3 1 0
github.com/Tutitoos/atenea/internal/adapter/serena/mcp.go:71.2,72.35 2 1
github.com/Tutitoos/atenea/internal/adapter/serena/mcp.go:72.35,73.26 1 1
github.com/Tutitoos/atenea/internal/adapter/serena/mcp.go:73.26,75.4 1 1
github.com/Tutitoos/atenea/internal/adapter/serena/mcp.go:77.2,78.17 2 1
github.com/Tutitoos/atenea/internal/adapter/serena/mcp.go:78.17,82.17 1 1
github.com/Tutitoos/atenea/internal/adapter/serena/mcp.go:82.17,89.4 1 0
github.com/Tutitoos/atenea/internal/adapter/serena/mcp.go:90.3,90.55 1 1
github.com/Tutitoos/atenea/internal/adapter/serena/mcp.go:92.2,92.18 1 1
github.com/Tutitoos/atenea/internal/adapter/serena/mcp.go:99.64,103.17 4 1
github.com/Tutitoos/atenea/internal/adapter/serena/mcp.go:103.17,105.3 1 1
github.com/Tutitoos/atenea/internal/adapter/serena/mcp.go:106.2,116.16 2 1
github.com/Tutitoos/atenea/internal/adapter/serena/mcp.go:116.16,118.3 1 0
github.com/Tutitoos/atenea/internal/adapter/serena/mcp.go:119.2,120.16 2 1
github.com/Tutitoos/atenea/internal/adapter/serena/mcp.go:120.16,122.3 1 0
github.com/Tutitoos/atenea/internal/adapter/serena/mcp.go:123.2,123.19 1 1
github.com/Tutitoos/atenea/internal/adapter/serena/mcp.go:123.19,125.3 1 1
github.com/Tutitoos/atenea/internal/adapter/serena/mcp.go:126.2,127.16 2 1
github.com/Tutitoos/atenea/internal/adapter/serena/mcp.go:127.16,129.3 1 0
github.com/Tutitoos/atenea/internal/adapter/serena/mcp.go:134.2,140.43 3 1
github.com/Tutitoos/atenea/internal/adapter/serena/mcp.go:140.43,142.3 1 1
github.com/Tutitoos/atenea/internal/adapter/serena/mcp.go:143.2,148.16 4 1
github.com/Tutitoos/atenea/internal/adapter/serena/mcp.go:148.16,150.3 1 0
github.com/Tutitoos/atenea/internal/adapter/serena/mcp.go:151.2,151.60 1 1
github.com/Tutitoos/atenea/internal/adapter/serena/mcp.go:151.60,156.3 4 0
github.com/Tutitoos/atenea/internal/adapter/serena/mcp.go:157.2,157.12 1 1
github.com/Tutitoos/atenea/internal/adapter/serena/mcp.go:161.104,168.16 7 1
github.com/Tutitoos/atenea/internal/adapter/serena/mcp.go:168.16,170.3 1 0
github.com/Tutitoos/atenea/internal/adapter/serena/mcp.go:171.2,172.16 2 1
github.com/Tutitoos/atenea/internal/adapter/serena/mcp.go:172.16,180.3 5 0
github.com/Tutitoos/atenea/internal/adapter/serena/mcp.go:181.2,181.21 1 1
github.com/Tutitoos/atenea/internal/adapter/serena/mcp.go:190.106,192.16 2 1
github.com/Tutitoos/atenea/internal/adapter/serena/mcp.go:192.16,194.3 1 0
github.com/Tutitoos/atenea/internal/adapter/serena/mcp.go:195.2,200.19 3 1
github.com/Tutitoos/atenea/internal/adapter/serena/mcp.go:200.19,202.3 1 1
github.com/Tutitoos/atenea/internal/adapter/serena/mcp.go:203.2,204.16 2 1
github.com/Tutitoos/atenea/internal/adapter/serena/mcp.go:204.16,206.3 1 0
github.com/Tutitoos/atenea/internal/adapter/serena/mcp.go:207.2,207.15 1 1
github.com/Tutitoos/atenea/internal/adapter/serena/mcp.go:207.15,207.40 1 1
github.com/Tutitoos/atenea/internal/adapter/serena/mcp.go:208.2,209.16 2 1
github.com/Tutitoos/atenea/internal/adapter/serena/mcp.go:209.16,211.3 1 0
github.com/Tutitoos/atenea/internal/adapter/serena/mcp.go:212.2,212.28 1 1
github.com/Tutitoos/atenea/internal/adapter/serena/mcp.go:212.28,214.3 1 0
github.com/Tutitoos/atenea/internal/adapter/serena/mcp.go:215.2,215.61 1 1
github.com/Tutitoos/atenea/internal/adapter/serena/mcp.go:219.51,221.19 2 1
github.com/Tutitoos/atenea/internal/adapter/serena/mcp.go:221.19,223.3 1 0
github.com/Tutitoos/atenea/internal/adapter/serena/mcp.go:224.2,224.81 1 1
github.com/Tutitoos/atenea/internal/adapter/serena/mcp.go:224.81,226.20 2 1
github.com/Tutitoos/atenea/internal/adapter/serena/mcp.go:226.20,228.4 1 0
github.com/Tutitoos/atenea/internal/adapter/serena/mcp.go:230.2,231.62 2 1
github.com/Tutitoos/atenea/internal/adapter/serena/mcp.go:231.62,233.3 1 0
github.com/Tutitoos/atenea/internal/adapter/serena/mcp.go:234.2,234.22 1 1
github.com/Tutitoos/atenea/internal/adapter/serena/mcp.go:234.22,236.3 1 0
github.com/Tutitoos/atenea/internal/adapter/serena/mcp.go:237.2,237.24 1 1
github.com/Tutitoos/atenea/internal/adapter/serena/mcp.go:242.34,244.49 2 1
github.com/Tutitoos/atenea/internal/adapter/serena/mcp.go:244.49,246.56 2 1
github.com/Tutitoos/atenea/internal/adapter/serena/mcp.go:246.56,248.4 1 1
github.com/Tutitoos/atenea/internal/adapter/serena/mcp.go:250.2,250.19 1 1
github.com/Tutitoos/atenea/internal/adapter/serena/mcp.go:255.28,257.18 2 1
github.com/Tutitoos/atenea/internal/adapter/serena/mcp.go:257.18,259.3 1 0
github.com/Tutitoos/atenea/internal/adapter/serena/mcp.go:260.2,260.10 1 1
github.com/Tutitoos/atenea/internal/adapter/serena/serena.go:92.40,94.2 1 1
github.com/Tutitoos/atenea/internal/adapter/serena/serena.go:179.46,181.20 2 1
github.com/Tutitoos/atenea/internal/adapter/serena/serena.go:181.20,183.3 1 0
github.com/Tutitoos/atenea/internal/adapter/serena/serena.go:184.2,184.89 1 1
github.com/Tutitoos/atenea/internal/adapter/serena/serena.go:184.89,187.3 1 0
github.com/Tutitoos/atenea/internal/adapter/serena/serena.go:188.2,188.12 1 1
github.com/Tutitoos/atenea/internal/adapter/serena/serena.go:192.41,194.51 2 1
github.com/Tutitoos/atenea/internal/adapter/serena/serena.go:194.51,196.3 1 0
github.com/Tutitoos/atenea/internal/adapter/serena/serena.go:197.2,197.20 1 1
github.com/Tutitoos/atenea/internal/adapter/serena/serena.go:197.20,199.3 1 0
github.com/Tutitoos/atenea/internal/adapter/serena/serena.go:200.2,201.18 2 1
github.com/Tutitoos/atenea/internal/adapter/serena/serena.go:201.18,203.3 1 0
github.com/Tutitoos/atenea/internal/adapter/serena/serena.go:204.2,204.17 1 1
github.com/Tutitoos/atenea/internal/adapter/serena/serena.go:204.17,207.3 1 0
github.com/Tutitoos/atenea/internal/adapter/serena/serena.go:208.2,209.18 2 1
github.com/Tutitoos/atenea/internal/adapter/serena/serena.go:209.18,211.3 1 0
github.com/Tutitoos/atenea/internal/adapter/serena/serena.go:212.2,214.19 3 1
github.com/Tutitoos/atenea/internal/adapter/serena/serena.go:214.19,219.3 1 1
github.com/Tutitoos/atenea/internal/adapter/serena/serena.go:220.2,228.8 1 1
github.com/Tutitoos/atenea/internal/adapter/serena/serena.go:240.67,242.26 2 1
github.com/Tutitoos/atenea/internal/adapter/serena/serena.go:242.26,244.17 2 1
github.com/Tutitoos/atenea/internal/adapter/serena/serena.go:244.17,246.4 1 1
github.com/Tutitoos/atenea/internal/adapter/serena/serena.go:247.3,247.61 1 1
github.com/Tutitoos/atenea/internal/adapter/serena/serena.go:247.61,249.4 1 1
github.com/Tutitoos/atenea/internal/adapter/serena/serena.go:251.2,253.36 3 1
github.com/Tutitoos/atenea/internal/adapter/serena/serena.go:253.36,255.3 1 1
github.com/Tutitoos/atenea/internal/adapter/serena/serena.go:256.2,258.15 3 1
github.com/Tutitoos/atenea/internal/adapter/serena/serena.go:262.30,262.49 1 0
github.com/Tutitoos/atenea/internal/adapter/serena/serena.go:275.45,275.87 1 0
github.com/Tutitoos/atenea/internal/adapter/serena/serena.go:278.55,280.2 1 1
github.com/Tutitoos/atenea/internal/adapter/serena/serena.go:285.42,287.2 1 0
github.com/Tutitoos/atenea/internal/adapter/serena/serena.go:295.102,297.15 2 1
github.com/Tutitoos/atenea/internal/adapter/serena/serena.go:297.15,297.48 1 1
github.com/Tutitoos/atenea/internal/adapter/serena/serena.go:298.2,298.39 1 1
github.com/Tutitoos/atenea/internal/adapter/serena/serena.go:298.39,300.3 1 0
github.com/Tutitoos/atenea/internal/adapter/serena/serena.go:301.2,301.38 1 1
github.com/Tutitoos/atenea/internal/adapter/serena/serena.go:301.38,304.3 1 1
github.com/Tutitoos/atenea/internal/adapter/serena/serena.go:305.2,305.45 1 1
github.com/Tutitoos/atenea/internal/adapter/serena/serena.go:305.45,317.3 3 1
github.com/Tutitoos/atenea/internal/adapter/serena/serena.go:318.2,318.43 1 1
github.com/Tutitoos/atenea/internal/adapter/serena/serena.go:318.43,322.3 3 1
github.com/Tutitoos/atenea/internal/adapter/serena/serena.go:323.2,324.16 2 1
github.com/Tutitoos/atenea/internal/adapter/serena/serena.go:324.16,326.3 1 0
github.com/Tutitoos/atenea/internal/adapter/serena/serena.go:327.2,328.16 2 1
github.com/Tutitoos/atenea/internal/adapter/serena/serena.go:328.16,330.3 1 0
github.com/Tutitoos/atenea/internal/adapter/serena/serena.go:332.2,337.16 5 1
github.com/Tutitoos/atenea/internal/adapter/serena/serena.go:337.16,340.3 1 0
github.com/Tutitoos/atenea/internal/adapter/serena/serena.go:342.2,343.16 2 1
github.com/Tutitoos/atenea/internal/adapter/serena/serena.go:343.16,345.3 1 1
github.com/Tutitoos/atenea/internal/adapter/serena/serena.go:350.2,357.19 7 1
github.com/Tutitoos/atenea/internal/adapter/serena/serena.go:357.19,359.3 1 1
github.com/Tutitoos/atenea/internal/adapter/serena/serena.go:361.2,362.16 2 1
github.com/Tutitoos/atenea/internal/adapter/serena/serena.go:362.16,364.3 1 0
github.com/Tutitoos/atenea/internal/adapter/serena/serena.go:365.2,376.29 2 1
github.com/Tutitoos/atenea/internal/adapter/serena/serena.go:376.29,377.17 1 1
github.com/Tutitoos/atenea/internal/adapter/serena/serena.go:377.17,378.12 1 0
github.com/Tutitoos/atenea/internal/adapter/serena/serena.go:380.3,381.70 1 1
github.com/Tutitoos/atenea/internal/adapter/serena/serena.go:383.2,388.21 2 1
github.com/Tutitoos/atenea/internal/adapter/serena/serena.go:407.108,409.16 2 1
github.com/Tutitoos/atenea/internal/adapter/serena/serena.go:409.16,411.3 1 0
github.com/Tutitoos/atenea/internal/adapter/serena/serena.go:412.2,417.16 5 1
github.com/Tutitoos/atenea/internal/adapter/serena/serena.go:417.16,420.3 1 0
github.com/Tutitoos/atenea/internal/adapter/serena/serena.go:421.2,422.16 2 1
github.com/Tutitoos/atenea/internal/adapter/serena/serena.go:422.16,424.3 1 0
github.com/Tutitoos/atenea/internal/adapter/serena/serena.go:425.2,431.19 7 1
github.com/Tutitoos/atenea/internal/adapter/serena/serena.go:431.19,433.3 1 0
github.com/Tutitoos/atenea/internal/adapter/serena/serena.go:434.2,435.16 2 1
github.com/Tutitoos/atenea/internal/adapter/serena/serena.go:435.16,437.3 1 0
github.com/Tutitoos/atenea/internal/adapter/serena/serena.go:438.2,443.29 2 1
github.com/Tutitoos/atenea/internal/adapter/serena/serena.go:443.29,444.17 1 0
github.com/Tutitoos/atenea/internal/adapter/serena/serena.go:444.17,447.4 1 0
github.com/Tutitoos/atenea/internal/adapter/serena/serena.go:449.2,454.34 2 1
github.com/Tutitoos/atenea/internal/adapter/serena/serena.go:460.114,462.16 2 1
github.com/Tutitoos/atenea/internal/adapter/serena/serena.go:462.16,464.3 1 0
github.com/Tutitoos/atenea/internal/adapter/serena/serena.go:465.2,466.16 2 1
github.com/Tutitoos/atenea/internal/adapter/serena/serena.go:466.16,468.3 1 0
github.com/Tutitoos/atenea/internal/adapter/serena/serena.go:469.2,473.16 2 1
github.com/Tutitoos/atenea/internal/adapter/serena/serena.go:473.16,475.3 1 0
github.com/Tutitoos/atenea/internal/adapter/serena/serena.go:476.2,477.16 2 1
github.com/Tutitoos/atenea/internal/adapter/serena/serena.go:477.16,479.3 1 0
github.com/Tutitoos/atenea/internal/adapter/serena/serena.go:480.2,481.31 2 1
github.com/Tutitoos/atenea/internal/adapter/serena/serena.go:481.31,482.74 1 1
github.com/Tutitoos/atenea/internal/adapter/serena/serena.go:482.74,483.12 1 1
github.com/Tutitoos/atenea/internal/adapter/serena/serena.go:485.3,485.62 1 1
github.com/Tutitoos/atenea/internal/adapter/serena/serena.go:485.62,486.12 1 0
github.com/Tutitoos/atenea/internal/adapter/serena/serena.go:488.3,495.5 1 1
github.com/Tutitoos/atenea/internal/adapter/serena/serena.go:497.2,497.54 1 1
github.com/Tutitoos/atenea/internal/adapter/serena/serena.go:497.54,498.23 1 1
github.com/Tutitoos/atenea/internal/adapter/serena/serena.go:498.23,500.4 1 1
github.com/Tutitoos/atenea/internal/adapter/serena/serena.go:501.3,501.51 1 1
github.com/Tutitoos/atenea/internal/adapter/serena/serena.go:501.51,503.4 1 1
github.com/Tutitoos/atenea/internal/adapter/serena/serena.go:504.3,504.51 1 0
github.com/Tutitoos/atenea/internal/adapter/serena/serena.go:504.51,506.4 1 0
github.com/Tutitoos/atenea/internal/adapter/serena/serena.go:507.3,507.25 1 0
github.com/Tutitoos/atenea/internal/adapter/serena/serena.go:509.2,509.28 1 1
github.com/Tutitoos/atenea/internal/adapter/serena/serena.go:509.28,511.3 1 1
github.com/Tutitoos/atenea/internal/adapter/serena/serena.go:512.2,512.28 1 1
github.com/Tutitoos/atenea/internal/adapter/serena/serena.go:515.55,516.21 1 1
github.com/Tutitoos/atenea/internal/adapter/serena/serena.go:516.21,518.3 1 0
github.com/Tutitoos/atenea/internal/adapter/serena/serena.go:519.2,519.31 1 1
github.com/Tutitoos/atenea/internal/adapter/serena/serena.go:519.31,521.19 2 1
github.com/Tutitoos/atenea/internal/adapter/serena/serena.go:521.19,523.4 1 0
github.com/Tutitoos/atenea/internal/adapter/serena/serena.go:524.3,524.81 1 1
github.com/Tutitoos/atenea/internal/adapter/serena/serena.go:524.81,526.4 1 1
github.com/Tutitoos/atenea/internal/adapter/serena/serena.go:528.2,528.14 1 0
github.com/Tutitoos/atenea/internal/adapter/serena/serena.go:536.110,538.16 2 1
github.com/Tutitoos/atenea/internal/adapter/serena/serena.go:538.16,540.3 1 0
github.com/Tutitoos/atenea/internal/adapter/serena/serena.go:542.2,547.16 5 1
github.com/Tutitoos/atenea/internal/adapter/serena/serena.go:547.16,550.3 1 0
github.com/Tutitoos/atenea/internal/adapter/serena/serena.go:552.2,553.16 2 1
github.com/Tutitoos/atenea/internal/adapter/serena/serena.go:553.16,555.3 1 0
github.com/Tutitoos/atenea/internal/adapter/serena/serena.go:558.2,565.19 7 1
github.com/Tutitoos/atenea/internal/adapter/serena/serena.go:565.19,567.3 1 1
github.com/Tutitoos/atenea/internal/adapter/serena/serena.go:569.2,570.16 2 1
github.com/Tutitoos/atenea/internal/adapter/serena/serena.go:570.16,572.3 1 0
github.com/Tutitoos/atenea/internal/adapter/serena/serena.go:573.2,580.29 2 1
github.com/Tutitoos/atenea/internal/adapter/serena/serena.go:580.29,581.17 1 1
github.com/Tutitoos/atenea/internal/adapter/serena/serena.go:581.17,582.12 1 0
github.com/Tutitoos/atenea/internal/adapter/serena/serena.go:584.3,585.70 1 1
github.com/Tutitoos/atenea/internal/adapter/serena/serena.go:587.2,592.34 2 1
github.com/Tutitoos/atenea/internal/adapter/serena/serena.go:605.120,606.27 1 1
github.com/Tutitoos/atenea/internal/adapter/serena/serena.go:606.27,609.3 1 1
github.com/Tutitoos/atenea/internal/adapter/serena/serena.go:610.2,610.48 1 1
github.com/Tutitoos/atenea/internal/adapter/serena/serena.go:610.48,612.3 1 1
github.com/Tutitoos/atenea/internal/adapter/serena/serena.go:613.2,614.16 2 1
github.com/Tutitoos/atenea/internal/adapter/serena/serena.go:614.16,616.3 1 0
github.com/Tutitoos/atenea/internal/adapter/serena/serena.go:617.2,618.16 2 1
github.com/Tutitoos/atenea/internal/adapter/serena/serena.go:618.16,621.3 1 0
github.com/Tutitoos/atenea/internal/adapter/serena/serena.go:622.2,626.16 2 1
github.com/Tutitoos/atenea/internal/adapter/serena/serena.go:626.16,628.3 1 0
github.com/Tutitoos/atenea/internal/adapter/serena/serena.go:629.2,630.16 2 1
github.com/Tutitoos/atenea/internal/adapter/serena/serena.go:630.16,632.3 1 0
github.com/Tutitoos/atenea/internal/adapter/serena/serena.go:633.2,634.16 2 1
github.com/Tutitoos/atenea/internal/adapter/serena/serena.go:634.16,636.3 1 1
github.com/Tutitoos/atenea/internal/adapter/serena/serena.go:637.2,637.21 1 1
github.com/Tutitoos/atenea/internal/adapter/serena/serena.go:637.21,644.3 1 1
github.com/Tutitoos/atenea/internal/adapter/serena/serena.go:648.2,648.56 1 1
github.com/Tutitoos/atenea/internal/adapter/serena/serena.go:648.56,649.23 1 1
github.com/Tutitoos/atenea/internal/adapter/serena/serena.go:649.23,651.4 1 1
github.com/Tutitoos/atenea/internal/adapter/serena/serena.go:652.3,652.27 1 0
github.com/Tutitoos/atenea/internal/adapter/serena/serena.go:652.27,654.4 1 0
github.com/Tutitoos/atenea/internal/adapter/serena/serena.go:655.3,655.41 1 0
github.com/Tutitoos/atenea/internal/adapter/serena/serena.go:657.2,657.28 1 1
github.com/Tutitoos/atenea/internal/adapter/serena/serena.go:671.48,672.22 1 1
github.com/Tutitoos/atenea/internal/adapter/serena/serena.go:673.28,674.29 1 1
github.com/Tutitoos/atenea/internal/adapter/serena/serena.go:675.28,676.29 1 1
github.com/Tutitoos/atenea/internal/adapter/serena/serena.go:677.33,678.34 1 1
github.com/Tutitoos/atenea/internal/adapter/serena/serena.go:680.2,681.60 1 0
github.com/Tutitoos/atenea/internal/adapter/serena/serena.go:701.72,705.20 4 1
github.com/Tutitoos/atenea/internal/adapter/serena/serena.go:705.20,708.3 1 0
github.com/Tutitoos/atenea/internal/adapter/serena/serena.go:709.2,709.30 1 1
github.com/Tutitoos/atenea/internal/adapter/serena/serena.go:709.30,715.3 1 0
github.com/Tutitoos/atenea/internal/adapter/serena/serena.go:716.2,717.73 2 1
github.com/Tutitoos/atenea/internal/adapter/serena/serena.go:717.73,719.3 1 0
github.com/Tutitoos/atenea/internal/adapter/serena/serena.go:720.2,720.77 1 1
github.com/Tutitoos/atenea/internal/adapter/serena/serena.go:720.77,722.3 1 0
github.com/Tutitoos/atenea/internal/adapter/serena/serena.go:723.2,723.46 1 1
github.com/Tutitoos/atenea/internal/adapter/serena/serena.go:723.46,725.3 1 1
github.com/Tutitoos/atenea/internal/adapter/serena/serena.go:726.2,726.45 1 1
github.com/Tutitoos/atenea/internal/adapter/serena/serena.go:726.45,727.49 1 1
github.com/Tutitoos/atenea/internal/adapter/serena/serena.go:727.49,729.4 1 1
github.com/Tutitoos/atenea/internal/adapter/serena/serena.go:731.2,732.50 2 1
github.com/Tutitoos/atenea/internal/adapter/serena/serena.go:732.50,733.13 1 0
github.com/Tutitoos/atenea/internal/adapter/serena/serena.go:733.13,736.4 1 0
github.com/Tutitoos/atenea/internal/adapter/serena/serena.go:737.3,737.16 1 0
github.com/Tutitoos/atenea/internal/adapter/serena/serena.go:739.2,739.17 1 1
github.com/Tutitoos/atenea/internal/adapter/serena/serena.go:742.80,744.9 2 1
github.com/Tutitoos/atenea/internal/adapter/serena/serena.go:744.9,747.3 1 0
github.com/Tutitoos/atenea/internal/adapter/serena/serena.go:748.2,748.11 1 1
github.com/Tutitoos/atenea/internal/adapter/serena/serena.go:748.11,754.3 1 0
github.com/Tutitoos/atenea/internal/adapter/serena/serena.go:755.2,755.15 1 1
github.com/Tutitoos/atenea/internal/adapter/serena/serena.go:760.35,761.27 1 1
github.com/Tutitoos/atenea/internal/adapter/serena/serena.go:762.11,763.17 1 1
github.com/Tutitoos/atenea/internal/adapter/serena/serena.go:764.13,765.22 1 0
github.com/Tutitoos/atenea/internal/adapter/serena/serena.go:766.15,767.29 1 0
github.com/Tutitoos/atenea/internal/adapter/serena/serena.go:767.29,769.4 1 0
github.com/Tutitoos/atenea/internal/adapter/serena/serena.go:771.2,771.17 1 1
github.com/Tutitoos/atenea/internal/adapter/serena/serena.go:774.31,775.27 1 1
github.com/Tutitoos/atenea/internal/adapter/serena/serena.go:776.16,777.11 1 1
github.com/Tutitoos/atenea/internal/adapter/serena/serena.go:778.13,780.26 2 1
github.com/Tutitoos/atenea/internal/adapter/serena/serena.go:780.26,781.34 1 1
github.com/Tutitoos/atenea/internal/adapter/serena/serena.go:781.34,783.5 1 1
github.com/Tutitoos/atenea/internal/adapter/serena/serena.go:785.3,785.13 1 1
github.com/Tutitoos/atenea/internal/adapter/serena/serena.go:787.2,787.12 1 1
github.com/Tutitoos/atenea/internal/adapter/serena/serena.go:800.63,803.21 3 1
github.com/Tutitoos/atenea/internal/adapter/serena/serena.go:803.21,806.3 1 0
github.com/Tutitoos/atenea/internal/adapter/serena/serena.go:807.2,808.34 2 1
github.com/Tutitoos/atenea/internal/adapter/serena/serena.go:808.34,810.106 2 1
github.com/Tutitoos/atenea/internal/adapter/serena/serena.go:810.106,813.4 1 0
github.com/Tutitoos/atenea/internal/adapter/serena/serena.go:814.3,814.23 1 1
github.com/Tutitoos/atenea/internal/adapter/serena/serena.go:816.2,816.46 1 1
github.com/Tutitoos/atenea/internal/adapter/serena/serena.go:816.46,818.3 1 0
github.com/Tutitoos/atenea/internal/adapter/serena/serena.go:819.2,819.42 1 1
github.com/Tutitoos/atenea/internal/adapter/serena/serena.go:819.42,820.23 1 1
github.com/Tutitoos/atenea/internal/adapter/serena/serena.go:820.23,823.4 1 0
github.com/Tutitoos/atenea/internal/adapter/serena/serena.go:824.3,824.16 1 1
github.com/Tutitoos/atenea/internal/adapter/serena/serena.go:826.2,826.17 1 1
github.com/Tutitoos/atenea/internal/adapter/serena/serena.go:838.67,841.20 3 1
github.com/Tutitoos/atenea/internal/adapter/serena/serena.go:841.20,844.3 1 0
github.com/Tutitoos/atenea/internal/adapter/serena/serena.go:845.2,845.30 1 1
github.com/Tutitoos/atenea/internal/adapter/serena/serena.go:845.30,851.3 1 0
github.com/Tutitoos/atenea/internal/adapter/serena/serena.go:852.2,852.42 1 1
github.com/Tutitoos/atenea/internal/adapter/serena/serena.go:852.42,853.12 1 1
github.com/Tutitoos/atenea/internal/adapter/serena/serena.go:853.12,856.4 1 0
github.com/Tutitoos/atenea/internal/adapter/serena/serena.go:857.3,857.16 1 1
github.com/Tutitoos/atenea/internal/adapter/serena/serena.go:859.2,859.17 1 1
github.com/Tutitoos/atenea/internal/adapter/serena/serena.go:870.114,875.16 2 1
github.com/Tutitoos/atenea/internal/adapter/serena/serena.go:875.16,877.3 1 1
github.com/Tutitoos/atenea/internal/adapter/serena/serena.go:878.2,880.16 3 1
github.com/Tutitoos/atenea/internal/adapter/serena/serena.go:880.16,882.3 1 1
github.com/Tutitoos/atenea/internal/adapter/serena/serena.go:883.2,884.16 2 1
github.com/Tutitoos/atenea/internal/adapter/serena/serena.go:884.16,890.3 1 1
github.com/Tutitoos/atenea/internal/adapter/serena/serena.go:891.2,892.16 2 1
github.com/Tutitoos/atenea/internal/adapter/serena/serena.go:892.16,894.3 1 0
github.com/Tutitoos/atenea/internal/adapter/serena/serena.go:895.2,896.11 2 1
github.com/Tutitoos/atenea/internal/adapter/serena/serena.go:897.22,898.63 1 1
github.com/Tutitoos/atenea/internal/adapter/serena/serena.go:899.22,901.25 2 1
github.com/Tutitoos/atenea/internal/adapter/serena/serena.go:902.10,904.25 2 1
github.com/Tutitoos/atenea/internal/adapter/serena/serena.go:914.116,919.13 5 1
github.com/Tutitoos/atenea/internal/adapter/serena/serena.go:919.13,921.3 1 1
github.com/Tutitoos/atenea/internal/adapter/serena/serena.go:922.2,922.95 1 1
github.com/Tutitoos/atenea/internal/adapter/serena/serena.go:922.95,927.3 4 1
github.com/Tutitoos/atenea/internal/adapter/serena/serena.go:928.2,931.38 4 1
github.com/Tutitoos/atenea/internal/adapter/serena/serena.go:978.138,984.26 5 1
github.com/Tutitoos/atenea/internal/adapter/serena/serena.go:984.26,987.34 3 1
github.com/Tutitoos/atenea/internal/adapter/serena/serena.go:987.34,989.17 2 1
github.com/Tutitoos/atenea/internal/adapter/serena/serena.go:989.17,989.26 1 1
github.com/Tutitoos/atenea/internal/adapter/serena/serena.go:990.4,990.57 1 1
github.com/Tutitoos/atenea/internal/adapter/serena/serena.go:993.2,997.23 4 1
github.com/Tutitoos/atenea/internal/adapter/serena/serena.go:997.23,998.10 1 1
github.com/Tutitoos/atenea/internal/adapter/serena/serena.go:999.46,1000.17 1 1
github.com/Tutitoos/atenea/internal/adapter/serena/serena.go:1001.23,1002.26 1 1
github.com/Tutitoos/atenea/internal/adapter/serena/serena.go:1003.11,1004.33 1 1
github.com/Tutitoos/atenea/internal/adapter/serena/serena.go:1007.2,1007.30 1 1
github.com/Tutitoos/atenea/internal/adapter/serena/serena.go:1020.125,1026.16 2 1
github.com/Tutitoos/atenea/internal/adapter/serena/serena.go:1026.16,1028.3 1 0
github.com/Tutitoos/atenea/internal/adapter/serena/serena.go:1029.2,1030.16 2 1
github.com/Tutitoos/atenea/internal/adapter/serena/serena.go:1030.16,1032.3 1 0
github.com/Tutitoos/atenea/internal/adapter/serena/serena.go:1054.2,1054.73 1 1
github.com/Tutitoos/atenea/internal/adapter/serena/serena.go:1054.73,1054.109 1 1
github.com/Tutitoos/atenea/internal/adapter/serena/serena.go:1054.127,1056.3 1 1
github.com/Tutitoos/atenea/internal/adapter/serena/serena.go:1057.2,1057.21 1 1
github.com/Tutitoos/atenea/internal/adapter/serena/serena.go:1057.21,1059.3 1 1
github.com/Tutitoos/atenea/internal/adapter/serena/serena.go:1060.2,1060.20 1 1
github.com/Tutitoos/atenea/internal/adapter/serena/serena.go:1060.20,1064.3 1 1
github.com/Tutitoos/atenea/internal/adapter/serena/serena.go:1065.2,1074.14 5 1
github.com/Tutitoos/atenea/internal/adapter/serena/serena.go:1074.14,1076.3 1 0
github.com/Tutitoos/atenea/internal/adapter/serena/serena.go:1077.2,1077.26 1 1
github.com/Tutitoos/atenea/internal/adapter/serena/serena.go:1077.26,1079.3 1 0
github.com/Tutitoos/atenea/internal/adapter/serena/serena.go:1080.2,1081.16 2 1
github.com/Tutitoos/atenea/internal/adapter/serena/serena.go:1081.16,1083.3 1 0
github.com/Tutitoos/atenea/internal/adapter/serena/serena.go:1084.2,1085.9 2 1
github.com/Tutitoos/atenea/internal/adapter/serena/serena.go:1085.9,1087.3 1 0
github.com/Tutitoos/atenea/internal/adapter/serena/serena.go:1089.2,1090.25 2 1
github.com/Tutitoos/atenea/internal/adapter/serena/serena.go:1090.25,1094.3 1 1
github.com/Tutitoos/atenea/internal/adapter/serena/serena.go:1095.2,1095.19 1 1
github.com/Tutitoos/atenea/internal/adapter/serena/serena.go:1123.101,1124.55 1 1
github.com/Tutitoos/atenea/internal/adapter/serena/serena.go:1124.55,1126.3 1 1
github.com/Tutitoos/atenea/internal/adapter/serena/serena.go:1127.2,1132.16 2 1
github.com/Tutitoos/atenea/internal/adapter/serena/serena.go:1132.16,1134.3 1 0
github.com/Tutitoos/atenea/internal/adapter/serena/serena.go:1135.2,1136.16 2 1
github.com/Tutitoos/atenea/internal/adapter/serena/serena.go:1136.16,1138.3 1 0
github.com/Tutitoos/atenea/internal/adapter/serena/serena.go:1139.2,1140.16 2 1
github.com/Tutitoos/atenea/internal/adapter/serena/serena.go:1140.16,1142.3 1 0
github.com/Tutitoos/atenea/internal/adapter/serena/serena.go:1143.2,1143.45 1 1
github.com/Tutitoos/atenea/internal/adapter/serena/serena.go:1159.97,1161.16 2 1
github.com/Tutitoos/atenea/internal/adapter/serena/serena.go:1161.16,1163.3 1 0
github.com/Tutitoos/atenea/internal/adapter/serena/serena.go:1164.2,1168.16 2 1
github.com/Tutitoos/atenea/internal/adapter/serena/serena.go:1168.16,1170.3 1 1
github.com/Tutitoos/atenea/internal/adapter/serena/serena.go:1171.2,1172.16 2 1
github.com/Tutitoos/atenea/internal/adapter/serena/serena.go:1172.16,1174.3 1 1
github.com/Tutitoos/atenea/internal/adapter/serena/serena.go:1175.2,1175.20 1 1
github.com/Tutitoos/atenea/internal/adapter/serena/serena.go:1180.49,1186.44 2 1
github.com/Tutitoos/atenea/internal/adapter/serena/serena.go:1186.44,1188.3 1 1
github.com/Tutitoos/atenea/internal/adapter/serena/serena.go:1189.2,1189.13 1 1
github.com/Tutitoos/atenea/internal/adapter/serena/serena.go:1205.102,1210.16 2 1
github.com/Tutitoos/atenea/internal/adapter/serena/serena.go:1210.16,1212.3 1 0
github.com/Tutitoos/atenea/internal/adapter/serena/serena.go:1213.2,1214.16 2 1
github.com/Tutitoos/atenea/internal/adapter/serena/serena.go:1214.16,1216.3 1 0
github.com/Tutitoos/atenea/internal/adapter/serena/serena.go:1217.2,1217.41 1 1
github.com/Tutitoos/atenea/internal/adapter/serena/serena.go:1225.123,1230.16 2 1
github.com/Tutitoos/atenea/internal/adapter/serena/serena.go:1230.16,1232.3 1 1
github.com/Tutitoos/atenea/internal/adapter/serena/serena.go:1239.2,1240.16 2 1
github.com/Tutitoos/atenea/internal/adapter/serena/serena.go:1240.16,1242.3 1 0
github.com/Tutitoos/atenea/internal/adapter/serena/serena.go:1243.2,1243.67 1 1
github.com/Tutitoos/atenea/internal/adapter/serena/serena.go:1248.97,1250.32 2 1
github.com/Tutitoos/atenea/internal/adapter/serena/serena.go:1250.32,1259.3 1 1
github.com/Tutitoos/atenea/internal/adapter/serena/serena.go:1260.2,1261.58 2 1
github.com/Tutitoos/atenea/internal/adapter/serena/serena.go:1261.58,1263.3 1 0
github.com/Tutitoos/atenea/internal/adapter/serena/serena.go:1264.2,1264.20 1 1
github.com/Tutitoos/atenea/internal/adapter/serena/serena.go:1273.63,1274.21 1 1
github.com/Tutitoos/atenea/internal/adapter/serena/serena.go:1274.21,1276.3 1 1
github.com/Tutitoos/atenea/internal/adapter/serena/serena.go:1277.2,1278.28 2 1
github.com/Tutitoos/atenea/internal/adapter/serena/serena.go:1278.28,1279.32 1 1
github.com/Tutitoos/atenea/internal/adapter/serena/serena.go:1279.32,1281.90 2 1
github.com/Tutitoos/atenea/internal/adapter/serena/serena.go:1281.90,1283.10 2 1
github.com/Tutitoos/atenea/internal/adapter/serena/serena.go:1287.2,1287.13 1 1
github.com/Tutitoos/atenea/internal/adapter/serena/serena.go:1294.94,1296.28 2 1
github.com/Tutitoos/atenea/internal/adapter/serena/serena.go:1296.28,1298.24 2 1
github.com/Tutitoos/atenea/internal/adapter/serena/serena.go:1298.24,1300.4 1 1
github.com/Tutitoos/atenea/internal/adapter/serena/serena.go:1301.3,1301.36 1 1
github.com/Tutitoos/atenea/internal/adapter/serena/serena.go:1303.2,1304.25 2 1
github.com/Tutitoos/atenea/internal/adapter/serena/serena.go:1304.25,1305.24 1 1
github.com/Tutitoos/atenea/internal/adapter/serena/serena.go:1305.24,1307.4 1 0
github.com/Tutitoos/atenea/internal/adapter/serena/serena.go:1308.3,1308.50 1 1
github.com/Tutitoos/atenea/internal/adapter/serena/serena.go:1309.8,1311.3 1 1
github.com/Tutitoos/atenea/internal/adapter/serena/serena.go:1312.2,1312.58 1 1
github.com/Tutitoos/atenea/internal/adapter/serena/serena.go:1312.58,1314.3 1 0
github.com/Tutitoos/atenea/internal/adapter/serena/serena.go:1315.2,1315.20 1 1
github.com/Tutitoos/atenea/internal/adapter/serena/serena.go:1322.101,1324.28 2 1
github.com/Tutitoos/atenea/internal/adapter/serena/serena.go:1324.28,1331.21 2 1
github.com/Tutitoos/atenea/internal/adapter/serena/serena.go:1331.21,1333.4 1 1
github.com/Tutitoos/atenea/internal/adapter/serena/serena.go:1334.3,1334.21 1 1
github.com/Tutitoos/atenea/internal/adapter/serena/serena.go:1334.21,1336.4 1 1
github.com/Tutitoos/atenea/internal/adapter/serena/serena.go:1337.3,1337.36 1 1
github.com/Tutitoos/atenea/internal/adapter/serena/serena.go:1339.2,1340.58 2 1
github.com/Tutitoos/atenea/internal/adapter/serena/serena.go:1340.58,1342.3 1 0
github.com/Tutitoos/atenea/internal/adapter/serena/serena.go:1343.2,1343.20 1 1
github.com/Tutitoos/atenea/internal/adapter/serena/serena.go:1351.79,1355.28 2 1
github.com/Tutitoos/atenea/internal/adapter/serena/serena.go:1355.28,1357.3 1 1
github.com/Tutitoos/atenea/internal/adapter/serena/serena.go:1358.2,1360.40 3 1
github.com/Tutitoos/atenea/internal/adapter/serena/serena.go:1360.40,1362.3 1 0
github.com/Tutitoos/atenea/internal/adapter/serena/serena.go:1363.2,1363.9 1 1
github.com/Tutitoos/atenea/internal/adapter/serena/serena.go:1368.47,1376.75 1 1
github.com/Tutitoos/atenea/internal/adapter/serena/serena.go:1379.43,1381.61 1 0
github.com/Tutitoos/atenea/internal/adapter/serena/serena.go:1382.88,1384.52 1 0
github.com/Tutitoos/atenea/internal/adapter/serena/serena.go:1385.90,1387.42 1 0
github.com/Tutitoos/atenea/internal/adapter/serena/serena.go:1388.85,1390.65 1 0
github.com/Tutitoos/atenea/internal/adapter/serena/serena.go:1392.2,1393.41 1 1
github.com/Tutitoos/atenea/internal/adapter/serena/symbols.go:50.41,50.66 1 1
github.com/Tutitoos/atenea/internal/adapter/serena/symbols.go:53.39,56.2 1 1
github.com/Tutitoos/atenea/internal/adapter/serena/symbols.go:60.50,62.19 2 1
github.com/Tutitoos/atenea/internal/adapter/serena/symbols.go:62.19,64.3 1 0
github.com/Tutitoos/atenea/internal/adapter/serena/symbols.go:65.2,66.62 2 1
github.com/Tutitoos/atenea/internal/adapter/serena/symbols.go:66.62,68.3 1 0
github.com/Tutitoos/atenea/internal/adapter/serena/symbols.go:69.2,69.17 1 1
github.com/Tutitoos/atenea/internal/adapter/serena/symbols.go:75.50,77.30 2 1
github.com/Tutitoos/atenea/internal/adapter/serena/symbols.go:77.30,79.3 1 0
github.com/Tutitoos/atenea/internal/adapter/serena/symbols.go:80.2,80.43 1 1
github.com/Tutitoos/atenea/internal/adapter/serena/symbols.go:80.43,82.3 1 1
github.com/Tutitoos/atenea/internal/adapter/serena/symbols.go:83.2,83.80 1 1
github.com/Tutitoos/atenea/internal/adapter/serena/symbols.go:83.80,85.3 1 1
github.com/Tutitoos/atenea/internal/adapter/serena/symbols.go:86.2,86.10 1 0
github.com/Tutitoos/atenea/internal/adapter/serena/symbols.go:94.47,97.62 3 1
github.com/Tutitoos/atenea/internal/adapter/serena/symbols.go:97.62,99.3 1 1
github.com/Tutitoos/atenea/internal/adapter/serena/symbols.go:100.2,100.17 1 1
github.com/Tutitoos/atenea/internal/adapter/serena/symbols.go:129.62,131.38 2 1
github.com/Tutitoos/atenea/internal/adapter/serena/symbols.go:131.38,133.3 1 1
github.com/Tutitoos/atenea/internal/adapter/serena/symbols.go:134.2,135.66 2 1
github.com/Tutitoos/atenea/internal/adapter/serena/symbols.go:135.66,137.3 1 1
github.com/Tutitoos/atenea/internal/adapter/serena/symbols.go:141.2,142.25 2 1
github.com/Tutitoos/atenea/internal/adapter/serena/symbols.go:142.25,144.3 1 1
github.com/Tutitoos/atenea/internal/adapter/serena/symbols.go:145.2,147.26 3 1
github.com/Tutitoos/atenea/internal/adapter/serena/symbols.go:147.26,149.17 2 1
github.com/Tutitoos/atenea/internal/adapter/serena/symbols.go:149.17,151.4 1 1
github.com/Tutitoos/atenea/internal/adapter/serena/symbols.go:152.3,152.30 1 1
github.com/Tutitoos/atenea/internal/adapter/serena/symbols.go:154.2,154.17 1 1
github.com/Tutitoos/atenea/internal/adapter/serena/symbols.go:161.96,163.52 2 1
github.com/Tutitoos/atenea/internal/adapter/serena/symbols.go:163.52,165.3 1 0
github.com/Tutitoos/atenea/internal/adapter/serena/symbols.go:166.2,167.29 2 1
github.com/Tutitoos/atenea/internal/adapter/serena/symbols.go:167.29,169.53 2 1
github.com/Tutitoos/atenea/internal/adapter/serena/symbols.go:169.53,171.12 2 1
github.com/Tutitoos/atenea/internal/adapter/serena/symbols.go:173.3,174.87 2 1
github.com/Tutitoos/atenea/internal/adapter/serena/symbols.go:174.87,176.4 1 1
github.com/Tutitoos/atenea/internal/adapter/serena/symbols.go:177.3,177.44 1 1
github.com/Tutitoos/atenea/internal/adapter/serena/symbols.go:177.44,181.65 4 1
github.com/Tutitoos/atenea/internal/adapter/serena/symbols.go:181.65,183.5 1 0
github.com/Tutitoos/atenea/internal/adapter/serena/symbols.go:184.4,185.32 2 1
github.com/Tutitoos/atenea/internal/adapter/serena/symbols.go:185.32,187.5 1 1
github.com/Tutitoos/atenea/internal/adapter/serena/symbols.go:188.4,189.34 2 1
github.com/Tutitoos/atenea/internal/adapter/serena/symbols.go:189.34,191.19 2 1
github.com/Tutitoos/atenea/internal/adapter/serena/symbols.go:191.19,193.6 1 0
github.com/Tutitoos/atenea/internal/adapter/serena/symbols.go:194.5,194.33 1 1
github.com/Tutitoos/atenea/internal/adapter/serena/symbols.go:198.2,198.17 1 1
github.com/Tutitoos/atenea/internal/adapter/serena/symbols.go:204.46,205.22 1 1
github.com/Tutitoos/atenea/internal/adapter/serena/symbols.go:205.22,207.3 1 1
github.com/Tutitoos/atenea/internal/adapter/serena/symbols.go:208.2,208.32 1 1
github.com/Tutitoos/atenea/internal/adapter/serena/symbols.go:219.55,224.57 2 1
github.com/Tutitoos/atenea/internal/adapter/serena/symbols.go:224.57,226.3 1 1
github.com/Tutitoos/atenea/internal/adapter/serena/symbols.go:227.2,234.65 2 1
github.com/Tutitoos/atenea/internal/adapter/serena/symbols.go:234.65,236.3 1 0
github.com/Tutitoos/atenea/internal/adapter/serena/symbols.go:237.2,238.35 2 1
github.com/Tutitoos/atenea/internal/adapter/serena/symbols.go:238.35,239.34 1 1
github.com/Tutitoos/atenea/internal/adapter/serena/symbols.go:239.34,240.34 1 1
github.com/Tutitoos/atenea/internal/adapter/serena/symbols.go:240.34,242.12 2 1
github.com/Tutitoos/atenea/internal/adapter/serena/symbols.go:242.12,249.6 2 1
github.com/Tutitoos/atenea/internal/adapter/serena/symbols.go:250.5,250.74 1 1
github.com/Tutitoos/atenea/internal/adapter/serena/symbols.go:257.2,257.47 1 1
github.com/Tutitoos/atenea/internal/adapter/serena/symbols.go:257.47,258.51 1 1
github.com/Tutitoos/atenea/internal/adapter/serena/symbols.go:258.51,260.4 1 1
github.com/Tutitoos/atenea/internal/adapter/serena/symbols.go:261.3,261.25 1 0
github.com/Tutitoos/atenea/internal/adapter/serena/symbols.go:263.2,263.17 1 1
github.com/Tutitoos/atenea/internal/adapter/serena/symbols.go:275.52,276.50 1 1
github.com/Tutitoos/atenea/internal/adapter/serena/symbols.go:276.50,278.13 2 1
github.com/Tutitoos/atenea/internal/adapter/serena/symbols.go:278.13,279.12 1 1
github.com/Tutitoos/atenea/internal/adapter/serena/symbols.go:281.3,282.13 2 1
github.com/Tutitoos/atenea/internal/adapter/serena/symbols.go:282.13,283.12 1 0
github.com/Tutitoos/atenea/internal/adapter/serena/symbols.go:285.3,286.17 2 1
github.com/Tutitoos/atenea/internal/adapter/serena/symbols.go:286.17,287.12 1 0
github.com/Tutitoos/atenea/internal/adapter/serena/symbols.go:289.3,289.58 1 1
github.com/Tutitoos/atenea/internal/adapter/serena/symbols.go:291.2,291.21 1 1
github.com/Tutitoos/atenea/internal/adapter/serena/symbols.go:306.81,308.28 2 1
github.com/Tutitoos/atenea/internal/adapter/serena/symbols.go:308.28,311.50 3 1
github.com/Tutitoos/atenea/internal/adapter/serena/symbols.go:311.50,313.16 2 1
github.com/Tutitoos/atenea/internal/adapter/serena/symbols.go:313.16,315.5 1 0
github.com/Tutitoos/atenea/internal/adapter/serena/symbols.go:316.4,316.28 1 1
github.com/Tutitoos/atenea/internal/adapter/serena/symbols.go:316.28,318.5 1 0
github.com/Tutitoos/atenea/internal/adapter/serena/symbols.go:322.4,322.78 1 1
github.com/Tutitoos/atenea/internal/adapter/serena/symbols.go:322.78,323.59 1 1
github.com/Tutitoos/atenea/internal/adapter/serena/symbols.go:323.59,325.6 1 1
github.com/Tutitoos/atenea/internal/adapter/serena/symbols.go:328.3,328.16 1 1
github.com/Tutitoos/atenea/internal/adapter/serena/symbols.go:328.16,330.34 2 0
github.com/Tutitoos/atenea/internal/adapter/serena/symbols.go:330.34,332.82 2 0
github.com/Tutitoos/atenea/internal/adapter/serena/symbols.go:332.82,334.6 1 0
github.com/Tutitoos/atenea/internal/adapter/serena/symbols.go:336.4,336.44 1 0
github.com/Tutitoos/atenea/internal/adapter/serena/symbols.go:338.3,338.25 1 1
github.com/Tutitoos/atenea/internal/adapter/serena/symbols.go:340.2,340.12 1 1
github.com/Tutitoos/atenea/internal/adapter/serena/symbols.go:346.42,348.51 2 1
github.com/Tutitoos/atenea/internal/adapter/serena/symbols.go:348.51,350.3 1 1
github.com/Tutitoos/atenea/internal/adapter/serena/symbols.go:351.2,351.50 1 1
github.com/Tutitoos/atenea/internal/adapter/serena/symbols.go:351.50,353.3 1 0
github.com/Tutitoos/atenea/internal/adapter/serena/symbols.go:354.2,354.13 1 1
github.com/Tutitoos/atenea/internal/adapter/serena/symbols.go:360.49,361.30 1 0
github.com/Tutitoos/atenea/internal/adapter/serena/symbols.go:361.30,363.3 1 0
github.com/Tutitoos/atenea/internal/adapter/serena/symbols.go:364.2,365.25 2 0
github.com/Tutitoos/atenea/internal/adapter/serena/symbols.go:365.25,367.3 1 0
github.com/Tutitoos/atenea/internal/adapter/serena/symbols.go:368.2,368.42 1 0
github.com/Tutitoos/atenea/internal/adapter/serena/symbols.go:380.55,381.25 1 1
github.com/Tutitoos/atenea/internal/adapter/serena/symbols.go:382.9,384.66 1 0
github.com/Tutitoos/atenea/internal/adapter/serena/symbols.go:385.9,386.28 1 1
github.com/Tutitoos/atenea/internal/adapter/serena/symbols.go:388.2,389.39 2 1
github.com/Tutitoos/atenea/internal/adapter/serena/symbols.go:389.39,390.31 1 1
github.com/Tutitoos/atenea/internal/adapter/serena/symbols.go:390.31,392.4 1 1
github.com/Tutitoos/atenea/internal/adapter/serena/symbols.go:394.2,394.24 1 1
github.com/Tutitoos/atenea/internal/adapter/serena/symbols.go:394.24,396.3 1 0
github.com/Tutitoos/atenea/internal/adapter/serena/symbols.go:397.2,397.23 1 1
github.com/Tutitoos/atenea/internal/adapter/serena/symbols.go:397.23,401.42 2 1
github.com/Tutitoos/atenea/internal/adapter/serena/symbols.go:401.42,402.62 1 1
github.com/Tutitoos/atenea/internal/adapter/serena/symbols.go:402.62,404.5 1 0
github.com/Tutitoos/atenea/internal/adapter/serena/symbols.go:406.3,406.19 1 1
github.com/Tutitoos/atenea/internal/adapter/serena/symbols.go:408.2,409.39 2 0
github.com/Tutitoos/atenea/internal/adapter/serena/symbols.go:409.39,411.3 1 0
github.com/Tutitoos/atenea/internal/adapter/serena/symbols.go:412.2,414.69 1 0
github.com/Tutitoos/atenea/internal/adapter/serena/symbols.go:432.73,434.16 2 1
github.com/Tutitoos/atenea/internal/adapter/serena/symbols.go:434.16,436.3 1 1
github.com/Tutitoos/atenea/internal/adapter/serena/symbols.go:437.2,437.22 1 1
github.com/Tutitoos/atenea/internal/adapter/serena/symbols.go:449.86,450.25 1 1
github.com/Tutitoos/atenea/internal/adapter/serena/symbols.go:450.25,457.3 1 1
github.com/Tutitoos/atenea/internal/adapter/serena/symbols.go:458.2,459.16 2 1
github.com/Tutitoos/atenea/internal/adapter/serena/symbols.go:459.16,461.3 1 1
github.com/Tutitoos/atenea/internal/adapter/serena/symbols.go:462.2,463.16 2 1
github.com/Tutitoos/atenea/internal/adapter/serena/symbols.go:463.16,464.25 1 1
github.com/Tutitoos/atenea/internal/adapter/serena/symbols.go:464.25,467.4 1 1
github.com/Tutitoos/atenea/internal/adapter/serena/symbols.go:468.3,469.36 1 0
github.com/Tutitoos/atenea/internal/adapter/serena/symbols.go:472.2,472.15 1 1
github.com/Tutitoos/atenea/internal/adapter/serena/symbols.go:472.15,472.32 1 1
github.com/Tutitoos/atenea/internal/adapter/serena/symbols.go:474.2,477.34 4 1
github.com/Tutitoos/atenea/internal/adapter/serena/symbols.go:477.34,478.16 1 1
github.com/Tutitoos/atenea/internal/adapter/serena/symbols.go:478.16,479.12 1 1
github.com/Tutitoos/atenea/internal/adapter/serena/symbols.go:481.3,482.24 2 1
github.com/Tutitoos/atenea/internal/adapter/serena/symbols.go:482.24,483.9 1 1
github.com/Tutitoos/atenea/internal/adapter/serena/symbols.go:486.2,486.38 1 1
github.com/Tutitoos/atenea/internal/adapter/serena/symbols.go:486.38,489.3 1 0
github.com/Tutitoos/atenea/internal/adapter/serena/symbols.go:490.2,490.19 1 1
github.com/Tutitoos/atenea/internal/adapter/serena/symbols.go:490.19,493.3 1 0
github.com/Tutitoos/atenea/internal/adapter/serena/symbols.go:494.2,494.17 1 1
github.com/Tutitoos/atenea/internal/adapter/serena/symbols.go:507.66,509.16 2 1
github.com/Tutitoos/atenea/internal/adapter/serena/symbols.go:509.16,511.3 1 1
github.com/Tutitoos/atenea/internal/adapter/serena/symbols.go:512.2,512.34 1 1
github.com/Tutitoos/atenea/internal/adapter/serena/symbols.go:519.52,521.38 2 1
github.com/Tutitoos/atenea/internal/adapter/serena/symbols.go:521.38,522.49 1 1
github.com/Tutitoos/atenea/internal/adapter/serena/symbols.go:522.49,524.4 1 1
github.com/Tutitoos/atenea/internal/adapter/serena/symbols.go:525.3,525.45 1 1
github.com/Tutitoos/atenea/internal/adapter/serena/symbols.go:525.45,527.4 1 0
github.com/Tutitoos/atenea/internal/adapter/serena/symbols.go:529.2,529.14 1 1
github.com/Tutitoos/atenea/internal/adapter/serena/symbols.go:534.48,536.16 2 1
github.com/Tutitoos/atenea/internal/adapter/serena/symbols.go:536.16,538.3 1 0
github.com/Tutitoos/atenea/internal/adapter/serena/symbols.go:539.2,542.58 2 1
github.com/Tutitoos/atenea/internal/adapter/serena/symbols.go:542.58,544.3 1 1
github.com/Tutitoos/atenea/internal/adapter/serena/symbols.go:548.2,549.16 2 1
github.com/Tutitoos/atenea/internal/adapter/serena/symbols.go:549.16,550.25 1 1
github.com/Tutitoos/atenea/internal/adapter/serena/symbols.go:550.25,554.4 1 1
github.com/Tutitoos/atenea/internal/adapter/serena/symbols.go:558.3,559.70 1 0
github.com/Tutitoos/atenea/internal/adapter/serena/symbols.go:561.2,561.60 1 1
github.com/Tutitoos/atenea/internal/adapter/serena/symbols.go:561.60,563.3 1 0
github.com/Tutitoos/atenea/internal/adapter/serena/symbols.go:564.2,564.22 1 1
github.com/Tutitoos/atenea/internal/adapter/serena/symbols.go:567.47,569.100 2 1
github.com/Tutitoos/atenea/internal/adapter/serena/symbols.go:569.100,572.3 1 1
github.com/Tutitoos/atenea/internal/adapter/serena/symbols.go:573.2,573.12 1 1
github.com/Tutitoos/atenea/internal/adapter/serena/symbols.go:584.91,587.25 3 1
github.com/Tutitoos/atenea/internal/adapter/serena/symbols.go:587.25,591.3 1 0
github.com/Tutitoos/atenea/internal/adapter/serena/symbols.go:592.2,592.27 1 1
github.com/Tutitoos/atenea/internal/adapter/serena/symbols.go:592.27,596.3 1 1
github.com/Tutitoos/atenea/internal/adapter/serena/symbols.go:597.2,598.42 2 1
github.com/Tutitoos/atenea/internal/adapter/serena/symbols.go:598.42,600.3 1 0
github.com/Tutitoos/atenea/internal/adapter/serena/symbols.go:601.2,602.49 2 1
github.com/Tutitoos/atenea/internal/adapter/serena/symbols.go:602.49,604.3 1 1
github.com/Tutitoos/atenea/internal/adapter/serena/symbols.go:605.2,605.31 1 1
github.com/Tutitoos/atenea/internal/adapter/serena/symbols.go:609.61,611.16 2 1
github.com/Tutitoos/atenea/internal/adapter/serena/symbols.go:611.16,613.3 1 1
github.com/Tutitoos/atenea/internal/adapter/serena/symbols.go:614.2,614.42 1 1
github.com/Tutitoos/atenea/internal/adapter/serena/symbols.go:617.26,623.2 1 1
github.com/Tutitoos/atenea/internal/adapter/serena/symbols.go:637.46,638.16 1 1
github.com/Tutitoos/atenea/internal/adapter/serena/symbols.go:638.16,640.3 1 1
github.com/Tutitoos/atenea/internal/adapter/serena/symbols.go:641.2,643.59 3 1
github.com/Tutitoos/atenea/internal/adapter/serena/symbols.go:643.59,644.42 1 1
github.com/Tutitoos/atenea/internal/adapter/serena/symbols.go:644.42,645.12 1 1
github.com/Tutitoos/atenea/internal/adapter/serena/symbols.go:647.3,648.45 2 1
github.com/Tutitoos/atenea/internal/adapter/serena/symbols.go:648.45,649.12 1 1
github.com/Tutitoos/atenea/internal/adapter/serena/symbols.go:651.3,651.39 1 1
github.com/Tutitoos/atenea/internal/adapter/serena/symbols.go:651.39,653.4 1 1
github.com/Tutitoos/atenea/internal/adapter/serena/symbols.go:655.2,655.17 1 1
github.com/Tutitoos/atenea/internal/adapter/serena/symbols.go:671.41,673.19 2 1
github.com/Tutitoos/atenea/internal/adapter/serena/symbols.go:673.19,675.3 1 1
github.com/Tutitoos/atenea/internal/adapter/serena/symbols.go:676.2,676.40 1 1
github.com/Tutitoos/atenea/internal/adapter/serena/symbols.go:676.40,677.41 1 1
github.com/Tutitoos/atenea/internal/adapter/serena/symbols.go:677.41,679.4 1 1
github.com/Tutitoos/atenea/internal/adapter/serena/symbols.go:681.2,681.14 1 1
github.com/Tutitoos/atenea/internal/adapter/serena/symbols.go:701.85,702.29 1 1
github.com/Tutitoos/atenea/internal/adapter/serena/symbols.go:702.29,703.29 1 1
github.com/Tutitoos/atenea/internal/adapter/serena/symbols.go:703.29,704.12 1 1
github.com/Tutitoos/atenea/internal/adapter/serena/symbols.go:706.3,706.51 1 1
github.com/Tutitoos/atenea/internal/adapter/serena/symbols.go:706.51,708.4 1 1
github.com/Tutitoos/atenea/internal/adapter/serena/symbols.go:710.2,710.29 1 0
github.com/Tutitoos/atenea/internal/adapter/serena/symbols.go:710.29,711.51 1 0
github.com/Tutitoos/atenea/internal/adapter/serena/symbols.go:711.51,713.4 1 0
github.com/Tutitoos/atenea/internal/adapter/serena/symbols.go:715.2,715.20 1 0
github.com/Tutitoos/atenea/internal/adapter/serena/symbols.go:729.70,731.16 2 1
github.com/Tutitoos/atenea/internal/adapter/serena/symbols.go:731.16,733.3 1 0
github.com/Tutitoos/atenea/internal/adapter/serena/symbols.go:734.2,735.16 2 1
github.com/Tutitoos/atenea/internal/adapter/serena/symbols.go:735.16,737.3 1 0
github.com/Tutitoos/atenea/internal/adapter/serena/symbols.go:738.2,741.47 4 1
github.com/Tutitoos/atenea/internal/adapter/tokensave/context.go:167.61,170.35 2 1
github.com/Tutitoos/atenea/internal/adapter/tokensave/context.go:170.35,172.3 1 0
github.com/Tutitoos/atenea/internal/adapter/tokensave/context.go:173.2,174.16 2 1
github.com/Tutitoos/atenea/internal/adapter/tokensave/context.go:174.16,176.3 1 0
github.com/Tutitoos/atenea/internal/adapter/tokensave/context.go:177.2,178.16 2 1
github.com/Tutitoos/atenea/internal/adapter/tokensave/context.go:178.16,180.3 1 0
github.com/Tutitoos/atenea/internal/adapter/tokensave/context.go:181.2,181.16 1 1
github.com/Tutitoos/atenea/internal/adapter/tokensave/context.go:181.16,184.3 1 0
github.com/Tutitoos/atenea/internal/adapter/tokensave/context.go:185.2,192.18 3 1
github.com/Tutitoos/atenea/internal/adapter/tokensave/context.go:192.18,194.71 2 1
github.com/Tutitoos/atenea/internal/adapter/tokensave/context.go:194.71,196.4 1 0
github.com/Tutitoos/atenea/internal/adapter/tokensave/context.go:196.9,196.23 1 1
github.com/Tutitoos/atenea/internal/adapter/tokensave/context.go:196.23,198.4 1 1
github.com/Tutitoos/atenea/internal/adapter/tokensave/context.go:200.2,200.65 1 1
github.com/Tutitoos/atenea/internal/adapter/tokensave/context.go:200.65,202.3 1 1
github.com/Tutitoos/atenea/internal/adapter/tokensave/context.go:214.2,215.62 2 1
github.com/Tutitoos/atenea/internal/adapter/tokensave/context.go:215.62,217.31 2 1
github.com/Tutitoos/atenea/internal/adapter/tokensave/context.go:217.31,219.19 2 1
github.com/Tutitoos/atenea/internal/adapter/tokensave/context.go:219.19,220.13 1 0
github.com/Tutitoos/atenea/internal/adapter/tokensave/context.go:222.4,223.18 2 1
github.com/Tutitoos/atenea/internal/adapter/tokensave/context.go:223.18,225.5 1 0
github.com/Tutitoos/atenea/internal/adapter/tokensave/context.go:226.4,226.37 1 1
github.com/Tutitoos/atenea/internal/adapter/tokensave/context.go:228.8,228.25 1 1
github.com/Tutitoos/atenea/internal/adapter/tokensave/context.go:228.25,230.3 1 1
github.com/Tutitoos/atenea/internal/adapter/tokensave/context.go:231.2,231.22 1 1
github.com/Tutitoos/atenea/internal/adapter/tokensave/context.go:231.22,233.3 1 1
github.com/Tutitoos/atenea/internal/adapter/tokensave/context.go:235.2,236.16 2 1
github.com/Tutitoos/atenea/internal/adapter/tokensave/context.go:236.16,238.3 1 0
github.com/Tutitoos/atenea/internal/adapter/tokensave/context.go:239.2,246.38 6 1
github.com/Tutitoos/atenea/internal/adapter/tokensave/context.go:246.38,248.14 2 1
github.com/Tutitoos/atenea/internal/adapter/tokensave/context.go:248.14,250.12 2 1
github.com/Tutitoos/atenea/internal/adapter/tokensave/context.go:252.3,258.27 2 1
github.com/Tutitoos/atenea/internal/adapter/tokensave/context.go:258.27,260.4 1 1
github.com/Tutitoos/atenea/internal/adapter/tokensave/context.go:261.3,261.25 1 1
github.com/Tutitoos/atenea/internal/adapter/tokensave/context.go:261.25,263.4 1 1
github.com/Tutitoos/atenea/internal/adapter/tokensave/context.go:264.3,264.36 1 1
github.com/Tutitoos/atenea/internal/adapter/tokensave/context.go:267.2,268.38 2 1
github.com/Tutitoos/atenea/internal/adapter/tokensave/context.go:268.38,270.14 2 1
github.com/Tutitoos/atenea/internal/adapter/tokensave/context.go:270.14,272.12 2 1
github.com/Tutitoos/atenea/internal/adapter/tokensave/context.go:274.3,278.5 1 1
github.com/Tutitoos/atenea/internal/adapter/tokensave/context.go:281.2,282.39 2 1
github.com/Tutitoos/atenea/internal/adapter/tokensave/context.go:282.39,284.14 2 1
github.com/Tutitoos/atenea/internal/adapter/tokensave/context.go:284.14,286.12 2 1
github.com/Tutitoos/atenea/internal/adapter/tokensave/context.go:292.3,292.30 1 1
github.com/Tutitoos/atenea/internal/adapter/tokensave/context.go:292.30,294.12 2 1
github.com/Tutitoos/atenea/internal/adapter/tokensave/context.go:296.3,301.5 1 1
github.com/Tutitoos/atenea/internal/adapter/tokensave/context.go:304.2,305.36 2 1
github.com/Tutitoos/atenea/internal/adapter/tokensave/context.go:305.36,307.14 2 1
github.com/Tutitoos/atenea/internal/adapter/tokensave/context.go:307.14,309.12 2 1
github.com/Tutitoos/atenea/internal/adapter/tokensave/context.go:311.3,311.34 1 1
github.com/Tutitoos/atenea/internal/adapter/tokensave/context.go:314.2,315.22 2 1
github.com/Tutitoos/atenea/internal/adapter/tokensave/context.go:315.22,317.3 1 1
github.com/Tutitoos/atenea/internal/adapter/tokensave/context.go:318.2,318.23 1 1
github.com/Tutitoos/atenea/internal/adapter/tokensave/context.go:318.23,320.3 1 1
github.com/Tutitoos/atenea/internal/adapter/tokensave/context.go:321.2,321.20 1 1
github.com/Tutitoos/atenea/internal/adapter/tokensave/context.go:321.20,323.3 1 1
github.com/Tutitoos/atenea/internal/adapter/tokensave/context.go:325.2,327.17 2 1
github.com/Tutitoos/atenea/internal/adapter/tokensave/context.go:327.17,331.3 1 1
github.com/Tutitoos/atenea/internal/adapter/tokensave/context.go:332.2,332.16 1 1
github.com/Tutitoos/atenea/internal/adapter/tokensave/context.go:332.16,335.3 1 1
github.com/Tutitoos/atenea/internal/adapter/tokensave/context.go:336.2,336.55 1 1
github.com/Tutitoos/atenea/internal/adapter/tokensave/context.go:336.55,338.3 1 0
github.com/Tutitoos/atenea/internal/adapter/tokensave/context.go:339.2,339.27 1 1
github.com/Tutitoos/atenea/internal/adapter/tokensave/context.go:345.58,347.23 2 1
github.com/Tutitoos/atenea/internal/adapter/tokensave/context.go:347.23,349.3 1 1
github.com/Tutitoos/atenea/internal/adapter/tokensave/context.go:350.2,351.13 2 1
github.com/Tutitoos/atenea/internal/adapter/tokensave/context.go:351.13,353.3 1 0
github.com/Tutitoos/atenea/internal/adapter/tokensave/context.go:354.2,354.15 1 1
github.com/Tutitoos/atenea/internal/adapter/tokensave/context.go:355.10,356.26 1 0
github.com/Tutitoos/atenea/internal/adapter/tokensave/context.go:357.29,358.20 1 1
github.com/Tutitoos/atenea/internal/adapter/tokensave/context.go:360.2,361.58 1 0
github.com/Tutitoos/atenea/internal/adapter/tokensave/context.go:372.54,380.24 7 1
github.com/Tutitoos/atenea/internal/adapter/tokensave/context.go:380.24,381.21 1 1
github.com/Tutitoos/atenea/internal/adapter/tokensave/context.go:381.21,384.4 2 1
github.com/Tutitoos/atenea/internal/adapter/tokensave/context.go:386.2,386.22 1 1
github.com/Tutitoos/atenea/internal/adapter/tokensave/context.go:386.22,387.18 1 1
github.com/Tutitoos/atenea/internal/adapter/tokensave/context.go:387.18,391.4 3 1
github.com/Tutitoos/atenea/internal/adapter/tokensave/context.go:392.3,393.18 2 1
github.com/Tutitoos/atenea/internal/adapter/tokensave/context.go:396.2,396.50 1 1
github.com/Tutitoos/atenea/internal/adapter/tokensave/context.go:396.50,401.14 2 1
github.com/Tutitoos/atenea/internal/adapter/tokensave/context.go:401.14,402.57 1 1
github.com/Tutitoos/atenea/internal/adapter/tokensave/context.go:402.57,404.13 2 1
github.com/Tutitoos/atenea/internal/adapter/tokensave/context.go:406.4,407.12 2 1
github.com/Tutitoos/atenea/internal/adapter/tokensave/context.go:410.3,411.81 2 1
github.com/Tutitoos/atenea/internal/adapter/tokensave/context.go:411.81,415.12 4 1
github.com/Tutitoos/atenea/internal/adapter/tokensave/context.go:419.3,419.73 1 1
github.com/Tutitoos/atenea/internal/adapter/tokensave/context.go:419.73,420.12 1 1
github.com/Tutitoos/atenea/internal/adapter/tokensave/context.go:422.3,422.20 1 1
github.com/Tutitoos/atenea/internal/adapter/tokensave/context.go:422.20,423.12 1 1
github.com/Tutitoos/atenea/internal/adapter/tokensave/context.go:426.3,426.18 1 1
github.com/Tutitoos/atenea/internal/adapter/tokensave/context.go:427.27,428.61 1 1
github.com/Tutitoos/atenea/internal/adapter/tokensave/context.go:428.61,431.19 3 1
github.com/Tutitoos/atenea/internal/adapter/tokensave/context.go:431.19,432.14 1 0
github.com/Tutitoos/atenea/internal/adapter/tokensave/context.go:434.5,435.13 2 1
github.com/Tutitoos/atenea/internal/adapter/tokensave/context.go:441.4,441.56 1 1
github.com/Tutitoos/atenea/internal/adapter/tokensave/context.go:441.56,442.13 1 0
github.com/Tutitoos/atenea/internal/adapter/tokensave/context.go:444.4,444.66 1 1
github.com/Tutitoos/atenea/internal/adapter/tokensave/context.go:444.66,446.13 2 1
github.com/Tutitoos/atenea/internal/adapter/tokensave/context.go:448.4,448.29 1 1
github.com/Tutitoos/atenea/internal/adapter/tokensave/context.go:448.29,450.5 1 1
github.com/Tutitoos/atenea/internal/adapter/tokensave/context.go:452.23,454.16 2 1
github.com/Tutitoos/atenea/internal/adapter/tokensave/context.go:454.16,455.13 1 0
github.com/Tutitoos/atenea/internal/adapter/tokensave/context.go:457.4,458.50 2 1
github.com/Tutitoos/atenea/internal/adapter/tokensave/context.go:458.50,461.16 3 1
github.com/Tutitoos/atenea/internal/adapter/tokensave/context.go:461.16,462.14 1 0
github.com/Tutitoos/atenea/internal/adapter/tokensave/context.go:464.5,465.19 2 1
github.com/Tutitoos/atenea/internal/adapter/tokensave/context.go:465.19,466.14 1 0
github.com/Tutitoos/atenea/internal/adapter/tokensave/context.go:468.5,470.7 1 1
github.com/Tutitoos/atenea/internal/adapter/tokensave/context.go:473.20,474.63 1 1
github.com/Tutitoos/atenea/internal/adapter/tokensave/context.go:474.63,477.19 3 1
github.com/Tutitoos/atenea/internal/adapter/tokensave/context.go:477.19,478.14 1 0
github.com/Tutitoos/atenea/internal/adapter/tokensave/context.go:480.5,481.13 2 1
github.com/Tutitoos/atenea/internal/adapter/tokensave/context.go:483.4,483.56 1 1
github.com/Tutitoos/atenea/internal/adapter/tokensave/context.go:483.56,486.5 2 1
github.com/Tutitoos/atenea/internal/adapter/tokensave/context.go:488.21,489.60 1 1
github.com/Tutitoos/atenea/internal/adapter/tokensave/context.go:489.60,491.5 1 1
github.com/Tutitoos/atenea/internal/adapter/tokensave/context.go:493.25,497.12 1 0
github.com/Tutitoos/atenea/internal/adapter/tokensave/context.go:500.2,502.12 3 1
github.com/Tutitoos/atenea/internal/adapter/tokensave/context.go:507.54,510.2 2 1
github.com/Tutitoos/atenea/internal/adapter/tokensave/context.go:515.61,516.38 1 1
github.com/Tutitoos/atenea/internal/adapter/tokensave/context.go:517.16,518.41 1 0
github.com/Tutitoos/atenea/internal/adapter/tokensave/context.go:519.13,521.30 2 1
github.com/Tutitoos/atenea/internal/adapter/tokensave/context.go:521.30,522.37 1 1
github.com/Tutitoos/atenea/internal/adapter/tokensave/context.go:522.37,524.5 1 1
github.com/Tutitoos/atenea/internal/adapter/tokensave/context.go:526.3,526.13 1 1
github.com/Tutitoos/atenea/internal/adapter/tokensave/context.go:527.10,528.13 1 1
github.com/Tutitoos/atenea/internal/adapter/tokensave/tokensave.go:171.40,173.2 1 1
github.com/Tutitoos/atenea/internal/adapter/tokensave/tokensave.go:205.41,206.25 1 1
github.com/Tutitoos/atenea/internal/adapter/tokensave/tokensave.go:206.25,209.3 1 0
github.com/Tutitoos/atenea/internal/adapter/tokensave/tokensave.go:210.2,211.16 2 1
github.com/Tutitoos/atenea/internal/adapter/tokensave/tokensave.go:211.16,214.3 1 0
github.com/Tutitoos/atenea/internal/adapter/tokensave/tokensave.go:215.2,215.27 1 1
github.com/Tutitoos/atenea/internal/adapter/tokensave/tokensave.go:215.27,218.3 1 0
github.com/Tutitoos/atenea/internal/adapter/tokensave/tokensave.go:219.2,219.41 1 1
github.com/Tutitoos/atenea/internal/adapter/tokensave/tokensave.go:219.41,220.57 1 1
github.com/Tutitoos/atenea/internal/adapter/tokensave/tokensave.go:220.57,223.4 1 0
github.com/Tutitoos/atenea/internal/adapter/tokensave/tokensave.go:225.2,226.18 2 1
github.com/Tutitoos/atenea/internal/adapter/tokensave/tokensave.go:226.18,228.3 1 1
github.com/Tutitoos/atenea/internal/adapter/tokensave/tokensave.go:229.2,229.17 1 1
github.com/Tutitoos/atenea/internal/adapter/tokensave/tokensave.go:229.17,232.3 1 0
github.com/Tutitoos/atenea/internal/adapter/tokensave/tokensave.go:233.2,234.18 2 1
github.com/Tutitoos/atenea/internal/adapter/tokensave/tokensave.go:234.18,236.3 1 1
github.com/Tutitoos/atenea/internal/adapter/tokensave/tokensave.go:237.2,244.8 2 1
github.com/Tutitoos/atenea/internal/adapter/tokensave/tokensave.go:248.30,248.52 1 0
github.com/Tutitoos/atenea/internal/adapter/tokensave/tokensave.go:251.55,253.2 1 1
github.com/Tutitoos/atenea/internal/adapter/tokensave/tokensave.go:257.45,257.87 1 0
github.com/Tutitoos/atenea/internal/adapter/tokensave/tokensave.go:262.42,264.2 1 0
github.com/Tutitoos/atenea/internal/adapter/tokensave/tokensave.go:267.39,271.2 3 0
github.com/Tutitoos/atenea/internal/adapter/tokensave/tokensave.go:274.94,275.39 1 1
github.com/Tutitoos/atenea/internal/adapter/tokensave/tokensave.go:275.39,277.3 1 1
github.com/Tutitoos/atenea/internal/adapter/tokensave/tokensave.go:278.2,278.38 1 1
github.com/Tutitoos/atenea/internal/adapter/tokensave/tokensave.go:278.38,281.3 1 0
github.com/Tutitoos/atenea/internal/adapter/tokensave/tokensave.go:283.2,292.16 5 1
github.com/Tutitoos/atenea/internal/adapter/tokensave/tokensave.go:292.16,294.3 1 1
github.com/Tutitoos/atenea/internal/adapter/tokensave/tokensave.go:296.2,297.16 2 1
github.com/Tutitoos/atenea/internal/adapter/tokensave/tokensave.go:297.16,299.3 1 0
github.com/Tutitoos/atenea/internal/adapter/tokensave/tokensave.go:300.2,300.46 1 1
github.com/Tutitoos/atenea/internal/adapter/tokensave/tokensave.go:300.46,302.3 1 0
github.com/Tutitoos/atenea/internal/adapter/tokensave/tokensave.go:303.2,303.54 1 1
github.com/Tutitoos/atenea/internal/adapter/tokensave/tokensave.go:303.54,305.3 1 1
github.com/Tutitoos/atenea/internal/adapter/tokensave/tokensave.go:307.2,311.27 2 1
github.com/Tutitoos/atenea/internal/adapter/tokensave/tokensave.go:312.25,313.61 1 1
github.com/Tutitoos/atenea/internal/adapter/tokensave/tokensave.go:314.26,315.62 1 1
github.com/Tutitoos/atenea/internal/adapter/tokensave/tokensave.go:316.23,317.59 1 1
github.com/Tutitoos/atenea/internal/adapter/tokensave/tokensave.go:318.10,320.71 1 0
github.com/Tutitoos/atenea/internal/adapter/tokensave/tokensave.go:322.2,322.16 1 1
github.com/Tutitoos/atenea/internal/adapter/tokensave/tokensave.go:322.16,324.3 1 1
github.com/Tutitoos/atenea/internal/adapter/tokensave/tokensave.go:325.2,325.62 1 1
github.com/Tutitoos/atenea/internal/adapter/tokensave/tokensave.go:325.62,327.3 1 0
github.com/Tutitoos/atenea/internal/adapter/tokensave/tokensave.go:329.2,338.29 2 1
github.com/Tutitoos/atenea/internal/adapter/tokensave/tokensave.go:338.29,339.17 1 1
github.com/Tutitoos/atenea/internal/adapter/tokensave/tokensave.go:339.17,340.12 1 0
github.com/Tutitoos/atenea/internal/adapter/tokensave/tokensave.go:342.3,343.70 1 1
github.com/Tutitoos/atenea/internal/adapter/tokensave/tokensave.go:345.2,345.21 1 1
github.com/Tutitoos/atenea/internal/adapter/tokensave/tokensave.go:351.70,353.16 2 1
github.com/Tutitoos/atenea/internal/adapter/tokensave/tokensave.go:353.16,356.3 1 0
github.com/Tutitoos/atenea/internal/adapter/tokensave/tokensave.go:357.2,358.100 2 1
github.com/Tutitoos/atenea/internal/adapter/tokensave/tokensave.go:358.100,362.3 1 1
github.com/Tutitoos/atenea/internal/adapter/tokensave/tokensave.go:363.2,363.21 1 1
github.com/Tutitoos/atenea/internal/adapter/tokensave/tokensave.go:363.21,365.3 1 1
github.com/Tutitoos/atenea/internal/adapter/tokensave/tokensave.go:366.2,366.40 1 1
github.com/Tutitoos/atenea/internal/adapter/tokensave/tokensave.go:373.64,379.33 2 1
github.com/Tutitoos/atenea/internal/adapter/tokensave/tokensave.go:379.33,381.3 1 0
github.com/Tutitoos/atenea/internal/adapter/tokensave/tokensave.go:382.2,382.23 1 1
github.com/Tutitoos/atenea/internal/adapter/tokensave/tokensave.go:382.23,385.3 1 0
github.com/Tutitoos/atenea/internal/adapter/tokensave/tokensave.go:386.2,386.54 1 1
github.com/Tutitoos/atenea/internal/adapter/tokensave/tokensave.go:386.54,389.3 1 1
github.com/Tutitoos/atenea/internal/adapter/tokensave/tokensave.go:390.2,390.18 1 1
github.com/Tutitoos/atenea/internal/adapter/tokensave/tokensave.go:390.18,392.3 1 0
github.com/Tutitoos/atenea/internal/adapter/tokensave/tokensave.go:393.2,393.34 1 1
github.com/Tutitoos/atenea/internal/adapter/tokensave/tokensave.go:400.55,402.18 2 1
github.com/Tutitoos/atenea/internal/adapter/tokensave/tokensave.go:402.18,404.3 1 1
github.com/Tutitoos/atenea/internal/adapter/tokensave/tokensave.go:405.2,405.21 1 1
github.com/Tutitoos/atenea/internal/adapter/tokensave/tokensave.go:405.21,407.3 1 0
github.com/Tutitoos/atenea/internal/adapter/tokensave/tokensave.go:408.2,408.43 1 1
github.com/Tutitoos/atenea/internal/adapter/tokensave/tokensave.go:408.43,410.3 1 1
github.com/Tutitoos/atenea/internal/adapter/tokensave/tokensave.go:411.2,411.52 1 1
github.com/Tutitoos/atenea/internal/adapter/tokensave/tokensave.go:417.52,418.38 1 1
github.com/Tutitoos/atenea/internal/adapter/tokensave/tokensave.go:418.38,419.49 1 1
github.com/Tutitoos/atenea/internal/adapter/tokensave/tokensave.go:419.49,421.4 1 1
github.com/Tutitoos/atenea/internal/adapter/tokensave/tokensave.go:422.3,422.60 1 1
github.com/Tutitoos/atenea/internal/adapter/tokensave/tokensave.go:422.60,424.4 1 0
github.com/Tutitoos/atenea/internal/adapter/tokensave/tokensave.go:426.2,426.14 1 1
github.com/Tutitoos/atenea/internal/adapter/tokensave/tokensave.go:450.36,451.55 1 1
github.com/Tutitoos/atenea/internal/adapter/tokensave/tokensave.go:451.55,453.3 1 1
github.com/Tutitoos/atenea/internal/adapter/tokensave/tokensave.go:454.2,454.40 1 1
github.com/Tutitoos/atenea/internal/adapter/tokensave/tokensave.go:460.85,462.16 2 1
github.com/Tutitoos/atenea/internal/adapter/tokensave/tokensave.go:462.16,464.3 1 0
github.com/Tutitoos/atenea/internal/adapter/tokensave/tokensave.go:465.2,466.65 2 1
github.com/Tutitoos/atenea/internal/adapter/tokensave/tokensave.go:466.65,469.3 1 0
github.com/Tutitoos/atenea/internal/adapter/tokensave/tokensave.go:470.2,470.65 1 1
github.com/Tutitoos/atenea/internal/adapter/tokensave/tokensave.go:470.65,473.3 1 1
github.com/Tutitoos/atenea/internal/adapter/tokensave/tokensave.go:474.2,474.12 1 1
github.com/Tutitoos/atenea/internal/adapter/tokensave/tokensave.go:495.108,497.16 2 1
github.com/Tutitoos/atenea/internal/adapter/tokensave/tokensave.go:497.16,499.3 1 0
github.com/Tutitoos/atenea/internal/adapter/tokensave/tokensave.go:500.2,501.77 2 1
github.com/Tutitoos/atenea/internal/adapter/tokensave/tokensave.go:501.77,503.3 1 1
github.com/Tutitoos/atenea/internal/adapter/tokensave/tokensave.go:509.2,514.41 2 1
github.com/Tutitoos/atenea/internal/adapter/tokensave/tokensave.go:514.41,519.21 2 1
github.com/Tutitoos/atenea/internal/adapter/tokensave/tokensave.go:519.21,521.12 2 0
github.com/Tutitoos/atenea/internal/adapter/tokensave/tokensave.go:523.3,524.80 2 1
github.com/Tutitoos/atenea/internal/adapter/tokensave/tokensave.go:524.80,526.12 2 0
github.com/Tutitoos/atenea/internal/adapter/tokensave/tokensave.go:528.3,529.41 2 1
github.com/Tutitoos/atenea/internal/adapter/tokensave/tokensave.go:531.2,531.16 1 1
github.com/Tutitoos/atenea/internal/adapter/tokensave/tokensave.go:531.16,532.21 1 0
github.com/Tutitoos/atenea/internal/adapter/tokensave/tokensave.go:532.21,534.4 1 0
github.com/Tutitoos/atenea/internal/adapter/tokensave/tokensave.go:535.3,535.116 1 0
github.com/Tutitoos/atenea/internal/adapter/tokensave/tokensave.go:538.2,540.27 3 1
github.com/Tutitoos/atenea/internal/adapter/tokensave/tokensave.go:540.27,542.29 2 1
github.com/Tutitoos/atenea/internal/adapter/tokensave/tokensave.go:542.29,543.12 1 0
github.com/Tutitoos/atenea/internal/adapter/tokensave/tokensave.go:545.3,546.32 2 1
github.com/Tutitoos/atenea/internal/adapter/tokensave/tokensave.go:548.2,548.48 1 1
github.com/Tutitoos/atenea/internal/adapter/tokensave/tokensave.go:548.48,549.23 1 1
github.com/Tutitoos/atenea/internal/adapter/tokensave/tokensave.go:549.23,551.4 1 1
github.com/Tutitoos/atenea/internal/adapter/tokensave/tokensave.go:552.3,552.29 1 0
github.com/Tutitoos/atenea/internal/adapter/tokensave/tokensave.go:552.29,554.4 1 0
github.com/Tutitoos/atenea/internal/adapter/tokensave/tokensave.go:555.3,555.51 1 0
github.com/Tutitoos/atenea/internal/adapter/tokensave/tokensave.go:555.51,557.4 1 0
github.com/Tutitoos/atenea/internal/adapter/tokensave/tokensave.go:558.3,558.41 1 0
github.com/Tutitoos/atenea/internal/adapter/tokensave/tokensave.go:560.2,560.20 1 1
github.com/Tutitoos/atenea/internal/adapter/tokensave/tokensave.go:565.61,568.42 2 1
github.com/Tutitoos/atenea/internal/adapter/tokensave/tokensave.go:568.42,570.3 1 0
github.com/Tutitoos/atenea/internal/adapter/tokensave/tokensave.go:571.2,572.29 2 1
github.com/Tutitoos/atenea/internal/adapter/tokensave/tokensave.go:572.29,575.3 1 1
github.com/Tutitoos/atenea/internal/adapter/tokensave/tokensave.go:576.2,577.16 2 1
github.com/Tutitoos/atenea/internal/adapter/tokensave/tokensave.go:577.16,579.3 1 0
github.com/Tutitoos/atenea/internal/adapter/tokensave/tokensave.go:580.2,581.16 2 1
github.com/Tutitoos/atenea/internal/adapter/tokensave/tokensave.go:581.16,583.3 1 0
github.com/Tutitoos/atenea/internal/adapter/tokensave/tokensave.go:584.2,584.15 1 1
github.com/Tutitoos/atenea/internal/adapter/tokensave/tokensave.go:584.15,587.3 1 0
github.com/Tutitoos/atenea/internal/adapter/tokensave/tokensave.go:589.2,590.16 2 1
github.com/Tutitoos/atenea/internal/adapter/tokensave/tokensave.go:590.16,592.3 1 0
github.com/Tutitoos/atenea/internal/adapter/tokensave/tokensave.go:597.2,601.29 4 1
github.com/Tutitoos/atenea/internal/adapter/tokensave/tokensave.go:601.29,602.29 1 1
github.com/Tutitoos/atenea/internal/adapter/tokensave/tokensave.go:602.29,603.12 1 1
github.com/Tutitoos/atenea/internal/adapter/tokensave/tokensave.go:605.3,606.27 2 1
github.com/Tutitoos/atenea/internal/adapter/tokensave/tokensave.go:606.27,607.12 1 1
github.com/Tutitoos/atenea/internal/adapter/tokensave/tokensave.go:609.3,616.31 2 1
github.com/Tutitoos/atenea/internal/adapter/tokensave/tokensave.go:616.31,618.4 1 1
github.com/Tutitoos/atenea/internal/adapter/tokensave/tokensave.go:619.3,619.13 1 1
github.com/Tutitoos/atenea/internal/adapter/tokensave/tokensave.go:619.13,620.47 1 1
github.com/Tutitoos/atenea/internal/adapter/tokensave/tokensave.go:620.47,622.5 1 1
github.com/Tutitoos/atenea/internal/adapter/tokensave/tokensave.go:624.3,624.36 1 1
github.com/Tutitoos/atenea/internal/adapter/tokensave/tokensave.go:626.2,627.55 2 1
github.com/Tutitoos/atenea/internal/adapter/tokensave/tokensave.go:633.40,635.29 2 1
github.com/Tutitoos/atenea/internal/adapter/tokensave/tokensave.go:635.29,636.55 1 1
github.com/Tutitoos/atenea/internal/adapter/tokensave/tokensave.go:636.55,637.12 1 1
github.com/Tutitoos/atenea/internal/adapter/tokensave/tokensave.go:639.3,639.26 1 1
github.com/Tutitoos/atenea/internal/adapter/tokensave/tokensave.go:641.2,641.45 1 1
github.com/Tutitoos/atenea/internal/adapter/tokensave/tokensave.go:641.45,641.73 1 1
github.com/Tutitoos/atenea/internal/adapter/tokensave/tokensave.go:642.2,642.12 1 1
github.com/Tutitoos/atenea/internal/adapter/tokensave/tokensave.go:646.59,647.33 1 1
github.com/Tutitoos/atenea/internal/adapter/tokensave/tokensave.go:647.33,648.89 1 1
github.com/Tutitoos/atenea/internal/adapter/tokensave/tokensave.go:648.89,650.4 1 1
github.com/Tutitoos/atenea/internal/adapter/tokensave/tokensave.go:652.2,652.18 1 0
github.com/Tutitoos/atenea/internal/adapter/tokensave/tokensave.go:655.25,656.25 1 1
github.com/Tutitoos/atenea/internal/adapter/tokensave/tokensave.go:656.25,658.3 1 1
github.com/Tutitoos/atenea/internal/adapter/tokensave/tokensave.go:659.2,659.27 1 1
github.com/Tutitoos/atenea/internal/adapter/tokensave/tokensave.go:691.61,694.42 2 1
github.com/Tutitoos/atenea/internal/adapter/tokensave/tokensave.go:694.42,696.3 1 0
github.com/Tutitoos/atenea/internal/adapter/tokensave/tokensave.go:697.2,698.16 2 1
github.com/Tutitoos/atenea/internal/adapter/tokensave/tokensave.go:698.16,700.3 1 0
github.com/Tutitoos/atenea/internal/adapter/tokensave/tokensave.go:701.2,701.15 1 1
github.com/Tutitoos/atenea/internal/adapter/tokensave/tokensave.go:701.15,704.3 1 0
github.com/Tutitoos/atenea/internal/adapter/tokensave/tokensave.go:705.2,706.16 2 1
github.com/Tutitoos/atenea/internal/adapter/tokensave/tokensave.go:706.16,708.3 1 0
github.com/Tutitoos/atenea/internal/adapter/tokensave/tokensave.go:709.2,710.16 2 1
github.com/Tutitoos/atenea/internal/adapter/tokensave/tokensave.go:710.16,712.3 1 0
github.com/Tutitoos/atenea/internal/adapter/tokensave/tokensave.go:713.2,713.16 1 1
github.com/Tutitoos/atenea/internal/adapter/tokensave/tokensave.go:713.16,716.3 1 0
github.com/Tutitoos/atenea/internal/adapter/tokensave/tokensave.go:717.2,718.16 2 1
github.com/Tutitoos/atenea/internal/adapter/tokensave/tokensave.go:718.16,720.3 1 0
github.com/Tutitoos/atenea/internal/adapter/tokensave/tokensave.go:721.2,725.16 4 1
github.com/Tutitoos/atenea/internal/adapter/tokensave/tokensave.go:725.16,727.3 1 0
github.com/Tutitoos/atenea/internal/adapter/tokensave/tokensave.go:728.2,729.16 2 1
github.com/Tutitoos/atenea/internal/adapter/tokensave/tokensave.go:729.16,731.3 1 1
github.com/Tutitoos/atenea/internal/adapter/tokensave/tokensave.go:733.2,738.44 3 1
github.com/Tutitoos/atenea/internal/adapter/tokensave/tokensave.go:738.44,740.31 2 1
github.com/Tutitoos/atenea/internal/adapter/tokensave/tokensave.go:740.31,742.4 1 1
github.com/Tutitoos/atenea/internal/adapter/tokensave/tokensave.go:743.3,744.17 2 1
github.com/Tutitoos/atenea/internal/adapter/tokensave/tokensave.go:744.17,746.4 1 0
github.com/Tutitoos/atenea/internal/adapter/tokensave/tokensave.go:747.3,747.29 1 1
github.com/Tutitoos/atenea/internal/adapter/tokensave/tokensave.go:747.29,749.15 2 1
github.com/Tutitoos/atenea/internal/adapter/tokensave/tokensave.go:749.15,753.13 2 1
github.com/Tutitoos/atenea/internal/adapter/tokensave/tokensave.go:755.4,755.31 1 1
github.com/Tutitoos/atenea/internal/adapter/tokensave/tokensave.go:755.31,760.13 1 0
github.com/Tutitoos/atenea/internal/adapter/tokensave/tokensave.go:762.4,762.33 1 1
github.com/Tutitoos/atenea/internal/adapter/tokensave/tokensave.go:762.33,763.13 1 0
github.com/Tutitoos/atenea/internal/adapter/tokensave/tokensave.go:765.4,772.19 2 1
github.com/Tutitoos/atenea/internal/adapter/tokensave/tokensave.go:772.19,773.95 1 0
github.com/Tutitoos/atenea/internal/adapter/tokensave/tokensave.go:773.95,775.6 1 0
github.com/Tutitoos/atenea/internal/adapter/tokensave/tokensave.go:777.4,777.31 1 1
github.com/Tutitoos/atenea/internal/adapter/tokensave/tokensave.go:780.2,780.17 1 1
github.com/Tutitoos/atenea/internal/adapter/tokensave/tokensave.go:780.17,782.3 1 0
github.com/Tutitoos/atenea/internal/adapter/tokensave/tokensave.go:784.2,786.17 2 1
github.com/Tutitoos/atenea/internal/adapter/tokensave/tokensave.go:786.17,790.3 1 1
github.com/Tutitoos/atenea/internal/adapter/tokensave/tokensave.go:791.2,791.50 1 1
github.com/Tutitoos/atenea/internal/adapter/tokensave/tokensave.go:803.30,806.16 2 1
github.com/Tutitoos/atenea/internal/adapter/tokensave/tokensave.go:806.16,808.3 1 0
github.com/Tutitoos/atenea/internal/adapter/tokensave/tokensave.go:809.2,810.9 2 1
github.com/Tutitoos/atenea/internal/adapter/tokensave/tokensave.go:810.9,813.3 1 1
github.com/Tutitoos/atenea/internal/adapter/tokensave/tokensave.go:814.2,815.16 2 1
github.com/Tutitoos/atenea/internal/adapter/tokensave/tokensave.go:815.16,817.3 1 0
github.com/Tutitoos/atenea/internal/adapter/tokensave/tokensave.go:818.2,819.65 2 1
github.com/Tutitoos/atenea/internal/adapter/tokensave/tokensave.go:819.65,821.3 1 0
github.com/Tutitoos/atenea/internal/adapter/tokensave/tokensave.go:822.2,822.43 1 1
github.com/Tutitoos/atenea/internal/adapter/tokensave/tokensave.go:822.43,823.97 1 1
github.com/Tutitoos/atenea/internal/adapter/tokensave/tokensave.go:823.97,825.4 1 1
github.com/Tutitoos/atenea/internal/adapter/tokensave/tokensave.go:827.2,829.44 1 0
github.com/Tutitoos/atenea/internal/adapter/tokensave/tokensave.go:836.74,839.29 3 1
github.com/Tutitoos/atenea/internal/adapter/tokensave/tokensave.go:839.29,840.55 1 1
github.com/Tutitoos/atenea/internal/adapter/tokensave/tokensave.go:840.55,841.12 1 1
github.com/Tutitoos/atenea/internal/adapter/tokensave/tokensave.go:843.3,844.37 2 1
github.com/Tutitoos/atenea/internal/adapter/tokensave/tokensave.go:844.37,845.12 1 1
github.com/Tutitoos/atenea/internal/adapter/tokensave/tokensave.go:847.3,847.10 1 1
github.com/Tutitoos/atenea/internal/adapter/tokensave/tokensave.go:848.12,849.25 1 1
github.com/Tutitoos/atenea/internal/adapter/tokensave/tokensave.go:850.61,851.15 1 0
github.com/Tutitoos/atenea/internal/adapter/tokensave/tokensave.go:852.69,853.15 1 1
github.com/Tutitoos/atenea/internal/adapter/tokensave/tokensave.go:856.2,856.17 1 1
github.com/Tutitoos/atenea/internal/adapter/tokensave/tokensave.go:861.29,864.16 2 1
github.com/Tutitoos/atenea/internal/adapter/tokensave/tokensave.go:864.16,866.3 1 0
github.com/Tutitoos/atenea/internal/adapter/tokensave/tokensave.go:867.2,868.63 2 1
github.com/Tutitoos/atenea/internal/adapter/tokensave/tokensave.go:868.63,870.3 1 0
github.com/Tutitoos/atenea/internal/adapter/tokensave/tokensave.go:871.2,871.50 1 1
github.com/Tutitoos/atenea/internal/adapter/tokensave/tokensave.go:871.50,872.25 1 1
github.com/Tutitoos/atenea/internal/adapter/tokensave/tokensave.go:872.25,874.4 1 0
github.com/Tutitoos/atenea/internal/adapter/tokensave/tokensave.go:875.3,875.23 1 1
github.com/Tutitoos/atenea/internal/adapter/tokensave/tokensave.go:875.23,877.4 1 1
github.com/Tutitoos/atenea/internal/adapter/tokensave/tokensave.go:878.3,878.25 1 0
github.com/Tutitoos/atenea/internal/adapter/tokensave/tokensave.go:880.2,880.18 1 1
github.com/Tutitoos/atenea/internal/adapter/tokensave/tokensave.go:884.43,885.31 1 1
github.com/Tutitoos/atenea/internal/adapter/tokensave/tokensave.go:885.31,887.3 1 1
github.com/Tutitoos/atenea/internal/adapter/tokensave/tokensave.go:888.2,888.27 1 0
github.com/Tutitoos/atenea/internal/adapter/tokensave/tokensave.go:892.60,894.51 2 1
github.com/Tutitoos/atenea/internal/adapter/tokensave/tokensave.go:895.25,896.32 1 1
github.com/Tutitoos/atenea/internal/adapter/tokensave/tokensave.go:897.25,898.32 1 0
github.com/Tutitoos/atenea/internal/adapter/tokensave/tokensave.go:899.21,900.28 1 1
github.com/Tutitoos/atenea/internal/adapter/tokensave/tokensave.go:902.2,903.97 1 0
github.com/Tutitoos/atenea/internal/adapter/tokensave/tokensave.go:908.82,912.9 4 1
github.com/Tutitoos/atenea/internal/adapter/tokensave/tokensave.go:912.9,914.3 1 1
github.com/Tutitoos/atenea/internal/adapter/tokensave/tokensave.go:915.2,916.27 2 0
github.com/Tutitoos/atenea/internal/adapter/tokensave/tokensave.go:916.27,918.47 2 0
github.com/Tutitoos/atenea/internal/adapter/tokensave/tokensave.go:918.47,919.12 1 0
github.com/Tutitoos/atenea/internal/adapter/tokensave/tokensave.go:921.3,921.56 1 0
github.com/Tutitoos/atenea/internal/adapter/tokensave/tokensave.go:923.2,923.12 1 0
github.com/Tutitoos/atenea/internal/adapter/tokensave/tokensave.go:928.52,929.21 1 1
github.com/Tutitoos/atenea/internal/adapter/tokensave/tokensave.go:929.21,931.3 1 1
github.com/Tutitoos/atenea/internal/adapter/tokensave/tokensave.go:932.2,932.30 1 0
github.com/Tutitoos/atenea/internal/adapter/tokensave/tokensave.go:932.30,933.66 1 0
github.com/Tutitoos/atenea/internal/adapter/tokensave/tokensave.go:933.66,935.4 1 0
github.com/Tutitoos/atenea/internal/adapter/tokensave/tokensave.go:937.2,937.14 1 0
github.com/Tutitoos/atenea/internal/adapter/tokensave/tokensave.go:943.38,945.65 2 1
github.com/Tutitoos/atenea/internal/adapter/tokensave/tokensave.go:945.65,947.3 1 0
github.com/Tutitoos/atenea/internal/adapter/tokensave/tokensave.go:948.2,949.16 2 1
github.com/Tutitoos/atenea/internal/adapter/tokensave/tokensave.go:949.16,951.3 1 0
github.com/Tutitoos/atenea/internal/adapter/tokensave/tokensave.go:952.2,952.15 1 1
github.com/Tutitoos/atenea/internal/adapter/tokensave/tokensave.go:952.15,952.35 1 1
github.com/Tutitoos/atenea/internal/adapter/tokensave/tokensave.go:953.2,956.21 4 1
github.com/Tutitoos/atenea/internal/adapter/tokensave/tokensave.go:956.21,958.3 1 1
github.com/Tutitoos/atenea/internal/adapter/tokensave/tokensave.go:959.2,959.26 1 1
github.com/Tutitoos/atenea/internal/adapter/tokensave/tokensave.go:959.26,961.3 1 0
github.com/Tutitoos/atenea/internal/adapter/tokensave/tokensave.go:962.2,962.12 1 1
github.com/Tutitoos/atenea/internal/adapter/tokensave/tokensave.go:969.58,970.50 1 1
github.com/Tutitoos/atenea/internal/adapter/tokensave/tokensave.go:970.50,972.3 1 0
github.com/Tutitoos/atenea/internal/adapter/tokensave/tokensave.go:973.2,975.49 3 1
github.com/Tutitoos/atenea/internal/adapter/tokensave/tokensave.go:975.49,977.3 1 1
github.com/Tutitoos/atenea/internal/adapter/tokensave/tokensave.go:978.2,978.10 1 0
github.com/Tutitoos/atenea/internal/adapter/tokensave/tokensave.go:982.54,983.17 1 0
github.com/Tutitoos/atenea/internal/adapter/tokensave/tokensave.go:983.17,985.3 1 0
github.com/Tutitoos/atenea/internal/adapter/tokensave/tokensave.go:986.2,987.36 2 0
github.com/Tutitoos/atenea/internal/adapter/tokensave/tokensave.go:987.36,989.3 1 0
github.com/Tutitoos/atenea/internal/adapter/tokensave/tokensave.go:990.2,992.45 3 0
github.com/Tutitoos/atenea/internal/adapter/tokensave/tokensave.go:999.75,1000.38 1 1
github.com/Tutitoos/atenea/internal/adapter/tokensave/tokensave.go:1001.11,1002.23 1 1
github.com/Tutitoos/atenea/internal/adapter/tokensave/tokensave.go:1003.11,1004.20 1 1
github.com/Tutitoos/atenea/internal/adapter/tokensave/tokensave.go:1005.13,1006.25 1 0
github.com/Tutitoos/atenea/internal/adapter/tokensave/tokensave.go:1007.15,1008.25 1 0
github.com/Tutitoos/atenea/internal/adapter/tokensave/tokensave.go:1010.2,1011.52 1 0
github.com/Tutitoos/atenea/internal/adapter/tokensave/tokensave.go:1016.67,1018.28 2 1
github.com/Tutitoos/atenea/internal/adapter/tokensave/tokensave.go:1018.28,1020.3 1 1
github.com/Tutitoos/atenea/internal/adapter/tokensave/tokensave.go:1021.2,1021.40 1 0
github.com/Tutitoos/atenea/internal/adapter/tokensave/tokensave.go:1021.40,1023.3 1 0
github.com/Tutitoos/atenea/internal/adapter/tokensave/tokensave.go:1024.2,1025.9 2 0
github.com/Tutitoos/atenea/internal/adapter/tokensave/tokensave.go:1026.89,1027.71 1 0
github.com/Tutitoos/atenea/internal/adapter/tokensave/tokensave.go:1028.54,1029.79 1 0
github.com/Tutitoos/atenea/internal/adapter/tokensave/tokensave.go:1031.2,1031.94 1 0
github.com/Tutitoos/atenea/internal/agent/filereader/filereader.go:65.52,67.16 2 1
github.com/Tutitoos/atenea/internal/agent/filereader/filereader.go:67.16,69.3 1 0
github.com/Tutitoos/atenea/internal/agent/filereader/filereader.go:70.2,71.49 2 1
github.com/Tutitoos/atenea/internal/agent/filereader/filereader.go:71.49,73.3 1 1
github.com/Tutitoos/atenea/internal/agent/filereader/filereader.go:74.2,74.51 1 1
github.com/Tutitoos/atenea/internal/agent/filereader/filereader.go:77.35,78.29 1 1
github.com/Tutitoos/atenea/internal/agent/filereader/filereader.go:78.29,86.3 1 1
github.com/Tutitoos/atenea/internal/agent/filereader/filereader.go:87.2,88.69 2 1
github.com/Tutitoos/atenea/internal/agent/filereader/filereader.go:88.69,90.3 1 1
github.com/Tutitoos/atenea/internal/agent/filereader/filereader.go:92.2,93.9 2 1
github.com/Tutitoos/atenea/internal/agent/filereader/filereader.go:94.26,98.4 1 1
github.com/Tutitoos/atenea/internal/agent/filereader/filereader.go:99.18,103.4 1 0
github.com/Tutitoos/atenea/internal/agent/filereader/filereader.go:104.20,108.4 1 1
github.com/Tutitoos/atenea/internal/agent/filereader/filereader.go:111.2,112.16 2 1
github.com/Tutitoos/atenea/internal/agent/filereader/filereader.go:112.16,117.3 1 0
github.com/Tutitoos/atenea/internal/agent/filereader/filereader.go:119.2,134.25 2 1
github.com/Tutitoos/atenea/internal/agent/filereader/filereader.go:134.25,143.3 4 1
github.com/Tutitoos/atenea/internal/agent/filereader/filereader.go:144.2,144.23 1 1
github.com/Tutitoos/atenea/internal/agent/filereader/filereader.go:144.23,152.3 4 1
github.com/Tutitoos/atenea/internal/agent/filereader/filereader.go:153.2,154.12 2 1
github.com/Tutitoos/atenea/internal/agent/filereader/filereader.go:160.43,162.9 2 1
github.com/Tutitoos/atenea/internal/agent/filereader/filereader.go:162.9,164.3 1 1
github.com/Tutitoos/atenea/internal/agent/filereader/filereader.go:165.2,168.51 2 1
github.com/Tutitoos/atenea/internal/agent/filereader/filereader.go:168.51,170.3 1 1
github.com/Tutitoos/atenea/internal/agent/filereader/filereader.go:171.2,171.18 1 1
github.com/Tutitoos/atenea/internal/agent/filereader/filereader.go:174.34,175.20 1 1
github.com/Tutitoos/atenea/internal/agent/filereader/filereader.go:175.20,177.3 1 1
github.com/Tutitoos/atenea/internal/agent/filereader/filereader.go:178.2,179.44 2 1
github.com/Tutitoos/atenea/internal/agent/filereader/filereader.go:179.44,181.3 1 1
github.com/Tutitoos/atenea/internal/agent/filereader/filereader.go:182.2,182.10 1 1
github.com/Tutitoos/atenea/internal/adapter/omp/omp.go:106.45,107.52 1 1
github.com/Tutitoos/atenea/internal/adapter/omp/omp.go:107.52,109.3 1 1
github.com/Tutitoos/atenea/internal/adapter/omp/omp.go:118.41,119.41 1 1
github.com/Tutitoos/atenea/internal/adapter/omp/omp.go:119.41,120.57 1 1
github.com/Tutitoos/atenea/internal/adapter/omp/omp.go:120.57,123.4 1 1
github.com/Tutitoos/atenea/internal/adapter/omp/omp.go:125.2,125.25 1 1
github.com/Tutitoos/atenea/internal/adapter/omp/omp.go:125.25,128.3 1 0
github.com/Tutitoos/atenea/internal/adapter/omp/omp.go:129.2,129.22 1 1
github.com/Tutitoos/atenea/internal/adapter/omp/omp.go:129.22,132.3 1 0
github.com/Tutitoos/atenea/internal/adapter/omp/omp.go:133.2,140.25 2 1
github.com/Tutitoos/atenea/internal/adapter/omp/omp.go:140.25,142.3 1 1
github.com/Tutitoos/atenea/internal/adapter/omp/omp.go:143.2,143.28 1 1
github.com/Tutitoos/atenea/internal/adapter/omp/omp.go:143.28,145.3 1 1
github.com/Tutitoos/atenea/internal/adapter/omp/omp.go:146.2,146.25 1 1
github.com/Tutitoos/atenea/internal/adapter/omp/omp.go:146.25,148.3 1 1
github.com/Tutitoos/atenea/internal/adapter/omp/omp.go:149.2,150.20 2 1
github.com/Tutitoos/atenea/internal/adapter/omp/omp.go:155.30,155.46 1 1
github.com/Tutitoos/atenea/internal/adapter/omp/omp.go:158.55,160.2 1 1
github.com/Tutitoos/atenea/internal/adapter/omp/omp.go:165.42,165.73 1 0
github.com/Tutitoos/atenea/internal/adapter/omp/omp.go:168.45,172.2 3 0
github.com/Tutitoos/atenea/internal/adapter/omp/omp.go:180.102,181.15 1 1
github.com/Tutitoos/atenea/internal/adapter/omp/omp.go:181.15,181.59 1 1
github.com/Tutitoos/atenea/internal/adapter/omp/omp.go:182.2,182.39 1 1
github.com/Tutitoos/atenea/internal/adapter/omp/omp.go:182.39,184.3 1 1
github.com/Tutitoos/atenea/internal/adapter/omp/omp.go:185.2,185.38 1 1
github.com/Tutitoos/atenea/internal/adapter/omp/omp.go:185.38,188.3 1 1
github.com/Tutitoos/atenea/internal/adapter/omp/omp.go:189.2,189.37 1 1
github.com/Tutitoos/atenea/internal/adapter/omp/omp.go:189.37,192.3 1 1
github.com/Tutitoos/atenea/internal/adapter/omp/omp.go:194.2,196.16 3 1
github.com/Tutitoos/atenea/internal/adapter/omp/omp.go:196.16,198.3 1 0
github.com/Tutitoos/atenea/internal/adapter/omp/omp.go:199.2,200.16 2 1
github.com/Tutitoos/atenea/internal/adapter/omp/omp.go:200.16,203.3 1 0
github.com/Tutitoos/atenea/internal/adapter/omp/omp.go:204.2,205.16 2 1
github.com/Tutitoos/atenea/internal/adapter/omp/omp.go:205.16,207.3 1 0
github.com/Tutitoos/atenea/internal/adapter/omp/omp.go:209.2,212.31 4 1
github.com/Tutitoos/atenea/internal/adapter/omp/omp.go:212.31,214.20 2 1
github.com/Tutitoos/atenea/internal/adapter/omp/omp.go:214.20,216.4 1 1
github.com/Tutitoos/atenea/internal/adapter/omp/omp.go:217.3,218.31 2 1
github.com/Tutitoos/atenea/internal/adapter/omp/omp.go:220.2,220.20 1 1
github.com/Tutitoos/atenea/internal/adapter/omp/omp.go:220.20,222.3 1 0
github.com/Tutitoos/atenea/internal/adapter/omp/omp.go:224.2,225.62 2 1
github.com/Tutitoos/atenea/internal/adapter/omp/omp.go:225.62,227.3 1 0
github.com/Tutitoos/atenea/internal/adapter/omp/omp.go:228.2,240.15 2 1
github.com/Tutitoos/atenea/internal/adapter/omp/omp.go:240.15,250.3 1 0
github.com/Tutitoos/atenea/internal/adapter/omp/omp.go:251.2,251.21 1 1
github.com/Tutitoos/atenea/internal/adapter/omp/omp.go:274.68,276.35 2 1
github.com/Tutitoos/atenea/internal/adapter/omp/omp.go:276.35,278.3 1 1
github.com/Tutitoos/atenea/internal/adapter/omp/omp.go:280.2,281.31 2 1
github.com/Tutitoos/atenea/internal/adapter/omp/omp.go:281.31,283.3 1 1
github.com/Tutitoos/atenea/internal/adapter/omp/omp.go:284.2,284.35 1 1
github.com/Tutitoos/atenea/internal/adapter/omp/omp.go:284.35,286.3 1 1
github.com/Tutitoos/atenea/internal/adapter/omp/omp.go:290.2,290.36 1 1
github.com/Tutitoos/atenea/internal/adapter/omp/omp.go:290.36,292.3 1 1
github.com/Tutitoos/atenea/internal/adapter/omp/omp.go:297.2,298.16 2 1
github.com/Tutitoos/atenea/internal/adapter/omp/omp.go:298.16,300.3 1 1
github.com/Tutitoos/atenea/internal/adapter/omp/omp.go:302.2,310.56 3 1
github.com/Tutitoos/atenea/internal/adapter/omp/omp.go:310.56,312.17 2 1
github.com/Tutitoos/atenea/internal/adapter/omp/omp.go:312.17,314.4 1 1
github.com/Tutitoos/atenea/internal/adapter/omp/omp.go:316.2,317.54 2 1
github.com/Tutitoos/atenea/internal/adapter/omp/omp.go:317.54,318.16 1 1
github.com/Tutitoos/atenea/internal/adapter/omp/omp.go:318.16,321.4 1 1
github.com/Tutitoos/atenea/internal/adapter/omp/omp.go:322.3,322.29 1 1
github.com/Tutitoos/atenea/internal/adapter/omp/omp.go:324.2,324.19 1 1
github.com/Tutitoos/atenea/internal/adapter/omp/omp.go:332.37,333.20 1 1
github.com/Tutitoos/atenea/internal/adapter/omp/omp.go:334.9,335.12 1 1
github.com/Tutitoos/atenea/internal/adapter/omp/omp.go:336.9,337.25 1 1
github.com/Tutitoos/atenea/internal/adapter/omp/omp.go:338.10,339.48 1 1
github.com/Tutitoos/atenea/internal/adapter/omp/omp.go:346.46,352.18 2 1
github.com/Tutitoos/atenea/internal/adapter/omp/omp.go:352.18,354.3 1 1
github.com/Tutitoos/atenea/internal/adapter/omp/omp.go:355.2,355.46 1 1
github.com/Tutitoos/atenea/internal/adapter/omp/omp.go:364.82,365.21 1 1
github.com/Tutitoos/atenea/internal/adapter/omp/omp.go:365.21,367.3 1 1
github.com/Tutitoos/atenea/internal/adapter/omp/omp.go:368.2,369.30 2 1
github.com/Tutitoos/atenea/internal/adapter/omp/omp.go:369.30,371.28 2 1
github.com/Tutitoos/atenea/internal/adapter/omp/omp.go:371.28,373.4 1 0
github.com/Tutitoos/atenea/internal/adapter/omp/omp.go:374.3,375.101 2 1
github.com/Tutitoos/atenea/internal/adapter/omp/omp.go:375.101,378.4 1 1
github.com/Tutitoos/atenea/internal/adapter/omp/omp.go:379.3,379.28 1 1
github.com/Tutitoos/atenea/internal/adapter/omp/omp.go:381.2,381.17 1 1
github.com/Tutitoos/atenea/internal/adapter/omp/omp.go:386.116,388.16 2 1
github.com/Tutitoos/atenea/internal/adapter/omp/omp.go:388.16,390.3 1 1
github.com/Tutitoos/atenea/internal/adapter/omp/omp.go:391.2,392.16 2 1
github.com/Tutitoos/atenea/internal/adapter/omp/omp.go:392.16,394.3 1 0
github.com/Tutitoos/atenea/internal/adapter/omp/omp.go:395.2,396.34 2 1
github.com/Tutitoos/atenea/internal/adapter/omp/omp.go:396.34,397.17 1 1
github.com/Tutitoos/atenea/internal/adapter/omp/omp.go:397.17,398.12 1 1
github.com/Tutitoos/atenea/internal/adapter/omp/omp.go:400.3,401.10 2 1
github.com/Tutitoos/atenea/internal/adapter/omp/omp.go:401.10,404.12 1 0
github.com/Tutitoos/atenea/internal/adapter/omp/omp.go:406.3,406.55 1 1
github.com/Tutitoos/atenea/internal/adapter/omp/omp.go:406.55,407.12 1 1
github.com/Tutitoos/atenea/internal/adapter/omp/omp.go:409.3,414.5 1 1
github.com/Tutitoos/atenea/internal/adapter/omp/omp.go:416.2,416.35 1 1
github.com/Tutitoos/atenea/internal/adapter/omp/omp.go:425.104,441.9 11 1
github.com/Tutitoos/atenea/internal/adapter/omp/omp.go:442.18,443.30 1 1
github.com/Tutitoos/atenea/internal/adapter/omp/omp.go:444.24,445.84 1 0
github.com/Tutitoos/atenea/internal/adapter/omp/omp.go:446.40,448.77 1 1
github.com/Tutitoos/atenea/internal/adapter/omp/omp.go:450.2,451.30 2 1
github.com/Tutitoos/atenea/internal/adapter/omp/omp.go:451.30,453.3 1 1
github.com/Tutitoos/atenea/internal/adapter/omp/omp.go:454.2,455.64 1 0
github.com/Tutitoos/atenea/internal/adapter/omp/omp.go:467.38,470.48 3 1
github.com/Tutitoos/atenea/internal/adapter/omp/omp.go:470.48,471.85 1 1
github.com/Tutitoos/atenea/internal/adapter/omp/omp.go:471.85,473.9 2 1
github.com/Tutitoos/atenea/internal/adapter/omp/omp.go:476.2,476.19 1 1
github.com/Tutitoos/atenea/internal/adapter/omp/omp.go:476.19,478.3 1 1
github.com/Tutitoos/atenea/internal/adapter/omp/omp.go:479.2,481.9 3 1
github.com/Tutitoos/atenea/internal/adapter/omp/omp.go:482.85,483.34 1 1
github.com/Tutitoos/atenea/internal/adapter/omp/omp.go:484.87,485.42 1 1
github.com/Tutitoos/atenea/internal/adapter/omp/omp.go:486.80,487.33 1 1
github.com/Tutitoos/atenea/internal/adapter/omp/omp.go:489.2,489.61 1 1
github.com/Tutitoos/atenea/internal/adapter/omp/omp.go:504.31,506.22 2 1
github.com/Tutitoos/atenea/internal/adapter/omp/omp.go:506.22,507.14 1 1
github.com/Tutitoos/atenea/internal/adapter/omp/omp.go:507.14,509.4 1 1
github.com/Tutitoos/atenea/internal/adapter/omp/omp.go:511.2,511.12 1 1
github.com/Tutitoos/atenea/internal/adapter/omp/omp.go:520.46,522.53 2 1
github.com/Tutitoos/atenea/internal/adapter/omp/omp.go:522.53,524.3 1 1
github.com/Tutitoos/atenea/internal/adapter/omp/omp.go:525.2,526.56 2 1
github.com/Tutitoos/atenea/internal/adapter/omp/omp.go:526.56,528.3 1 1
github.com/Tutitoos/atenea/internal/adapter/omp/omp.go:529.2,530.35 2 1
github.com/Tutitoos/atenea/internal/adapter/omp/omp.go:530.35,532.3 1 1
github.com/Tutitoos/atenea/internal/adapter/omp/omp.go:533.2,533.34 1 1
github.com/Tutitoos/atenea/internal/adapter/omp/omp.go:537.47,538.27 1 1
github.com/Tutitoos/atenea/internal/adapter/omp/omp.go:538.27,540.3 1 1
github.com/Tutitoos/atenea/internal/adapter/omp/omp.go:541.2,542.18 2 1
github.com/Tutitoos/atenea/internal/adapter/omp/omp.go:542.18,544.3 1 1
github.com/Tutitoos/atenea/internal/adapter/omp/omp.go:545.2,545.27 1 1
github.com/Tutitoos/atenea/internal/adapter/omp/omp.go:570.43,572.51 2 1
github.com/Tutitoos/atenea/internal/adapter/omp/omp.go:572.51,573.10 1 1
github.com/Tutitoos/atenea/internal/adapter/omp/omp.go:574.45,578.37 1 1
github.com/Tutitoos/atenea/internal/adapter/omp/omp.go:579.45,581.18 2 1
github.com/Tutitoos/atenea/internal/adapter/omp/omp.go:581.18,584.5 1 1
github.com/Tutitoos/atenea/internal/adapter/omp/omp.go:585.4,586.25 2 1
github.com/Tutitoos/atenea/internal/adapter/omp/omp.go:587.45,588.93 1 1
github.com/Tutitoos/atenea/internal/adapter/omp/omp.go:589.11,590.35 1 1
github.com/Tutitoos/atenea/internal/adapter/omp/omp.go:590.35,592.5 1 1
github.com/Tutitoos/atenea/internal/adapter/omp/omp.go:601.2,601.80 1 1
github.com/Tutitoos/atenea/internal/adapter/omp/omp.go:601.80,605.3 1 1
github.com/Tutitoos/atenea/internal/adapter/omp/omp.go:606.2,606.17 1 1
github.com/Tutitoos/atenea/internal/adapter/omp/omp.go:610.40,612.64 2 1
github.com/Tutitoos/atenea/internal/adapter/omp/omp.go:612.64,614.3 1 1
github.com/Tutitoos/atenea/internal/adapter/omp/omp.go:615.2,616.31 2 1
github.com/Tutitoos/atenea/internal/adapter/omp/omp.go:616.31,618.3 1 1
github.com/Tutitoos/atenea/internal/adapter/omp/omp.go:619.2,619.91 1 1
github.com/Tutitoos/atenea/internal/adapter/omp/omp.go:629.41,630.54 1 1
github.com/Tutitoos/atenea/internal/adapter/omp/omp.go:630.54,632.3 1 1
github.com/Tutitoos/atenea/internal/adapter/omp/omp.go:633.2,633.10 1 1
github.com/Tutitoos/atenea/internal/adapter/omp/omp.go:643.59,644.27 1 1
github.com/Tutitoos/atenea/internal/adapter/omp/omp.go:644.27,646.3 1 1
github.com/Tutitoos/atenea/internal/adapter/omp/omp.go:647.2,648.100 2 1
github.com/Tutitoos/atenea/internal/adapter/omp/omp.go:648.100,650.3 1 1
github.com/Tutitoos/atenea/internal/adapter/omp/omp.go:651.2,651.41 1 1
github.com/Tutitoos/atenea/internal/adapter/omp/omp.go:657.58,658.38 1 1
github.com/Tutitoos/atenea/internal/adapter/omp/omp.go:658.38,659.49 1 1
github.com/Tutitoos/atenea/internal/adapter/omp/omp.go:659.49,661.4 1 1
github.com/Tutitoos/atenea/internal/adapter/omp/omp.go:662.3,662.45 1 1
github.com/Tutitoos/atenea/internal/adapter/omp/omp.go:662.45,664.4 1 1
github.com/Tutitoos/atenea/internal/adapter/omp/omp.go:666.2,666.14 1 1
github.com/Tutitoos/atenea/internal/adapter/omp/omp.go:670.39,674.2 3 1
github.com/Tutitoos/atenea/internal/adapter/omp/omp.go:676.54,679.2 2 1
github.com/Tutitoos/atenea/internal/adapter/omp/omp.go:681.61,683.9 2 1
github.com/Tutitoos/atenea/internal/adapter/omp/omp.go:683.9,684.58 1 1
github.com/Tutitoos/atenea/internal/adapter/omp/omp.go:684.58,686.4 1 0
github.com/Tutitoos/atenea/internal/adapter/omp/omp.go:687.3,687.13 1 1
github.com/Tutitoos/atenea/internal/adapter/omp/omp.go:689.2,690.27 2 1
github.com/Tutitoos/atenea/internal/adapter/omp/omp.go:690.27,691.44 1 1
github.com/Tutitoos/atenea/internal/adapter/omp/omp.go:691.44,693.4 1 1
github.com/Tutitoos/atenea/internal/adapter/omp/omp.go:695.2,695.12 1 1
github.com/Tutitoos/atenea/internal/adapter/omp/omp.go:698.60,699.38 1 1
github.com/Tutitoos/atenea/internal/adapter/omp/omp.go:700.11,701.21 1 1
github.com/Tutitoos/atenea/internal/adapter/omp/omp.go:702.13,703.26 1 1
github.com/Tutitoos/atenea/internal/adapter/omp/omp.go:704.15,705.26 1 1
github.com/Tutitoos/atenea/internal/adapter/omp/omp.go:706.10,707.18 1 1
github.com/Tutitoos/atenea/internal/agent/plancheck/plancheck.go:74.52,76.16 2 1
github.com/Tutitoos/atenea/internal/agent/plancheck/plancheck.go:76.16,78.3 1 0
github.com/Tutitoos/atenea/internal/agent/plancheck/plancheck.go:79.2,80.49 2 1
github.com/Tutitoos/atenea/internal/agent/plancheck/plancheck.go:80.49,82.3 1 0
github.com/Tutitoos/atenea/internal/agent/plancheck/plancheck.go:83.2,83.63 1 1
github.com/Tutitoos/atenea/internal/agent/plancheck/plancheck.go:90.47,91.23 1 1
github.com/Tutitoos/atenea/internal/agent/plancheck/plancheck.go:91.23,93.3 1 1
github.com/Tutitoos/atenea/internal/agent/plancheck/plancheck.go:94.2,99.19 2 1
github.com/Tutitoos/atenea/internal/agent/plancheck/plancheck.go:100.16,101.72 1 1
github.com/Tutitoos/atenea/internal/agent/plancheck/plancheck.go:102.20,103.80 1 0
github.com/Tutitoos/atenea/internal/agent/plancheck/plancheck.go:104.18,105.66 1 0
github.com/Tutitoos/atenea/internal/agent/plancheck/plancheck.go:108.2,109.9 2 1
github.com/Tutitoos/atenea/internal/agent/plancheck/plancheck.go:109.9,113.3 1 1
github.com/Tutitoos/atenea/internal/agent/plancheck/plancheck.go:114.2,114.35 1 1
github.com/Tutitoos/atenea/internal/agent/plancheck/plancheck.go:114.35,116.3 1 0
github.com/Tutitoos/atenea/internal/agent/plancheck/plancheck.go:122.2,123.16 2 1
github.com/Tutitoos/atenea/internal/agent/plancheck/plancheck.go:123.16,129.3 1 1
github.com/Tutitoos/atenea/internal/agent/plancheck/plancheck.go:131.2,132.16 2 1
github.com/Tutitoos/atenea/internal/agent/plancheck/plancheck.go:132.16,134.3 1 1
github.com/Tutitoos/atenea/internal/agent/plancheck/plancheck.go:135.2,136.16 2 1
github.com/Tutitoos/atenea/internal/agent/plancheck/plancheck.go:136.16,138.3 1 1
github.com/Tutitoos/atenea/internal/agent/plancheck/plancheck.go:146.2,152.3 1 1
github.com/Tutitoos/atenea/internal/agent/plancheck/plancheck.go:159.33,165.2 1 1
github.com/Tutitoos/atenea/internal/agent/plancheck/plancheck.go:168.37,174.2 1 1
github.com/Tutitoos/atenea/internal/agent/plancheck/plancheck.go:176.36,177.63 1 1
github.com/Tutitoos/atenea/internal/agent/plancheck/plancheck.go:177.63,179.3 1 0
github.com/Tutitoos/atenea/internal/agent/plancheck/plancheck.go:180.2,180.22 1 1
github.com/Tutitoos/atenea/internal/agent/planner/costs.go:41.70,42.25 1 1
github.com/Tutitoos/atenea/internal/agent/planner/costs.go:42.25,44.3 1 1
github.com/Tutitoos/atenea/internal/agent/planner/costs.go:45.2,60.74 3 1
github.com/Tutitoos/atenea/internal/agent/planner/costs.go:60.74,62.3 1 0
github.com/Tutitoos/atenea/internal/agent/planner/costs.go:64.2,66.34 3 1
github.com/Tutitoos/atenea/internal/agent/planner/costs.go:66.34,68.3 1 1
github.com/Tutitoos/atenea/internal/agent/planner/costs.go:69.2,72.38 2 1
github.com/Tutitoos/atenea/internal/agent/planner/costs.go:72.38,74.41 2 1
github.com/Tutitoos/atenea/internal/agent/planner/costs.go:74.41,77.12 2 1
github.com/Tutitoos/atenea/internal/agent/planner/costs.go:79.3,81.63 1 1
github.com/Tutitoos/atenea/internal/agent/planner/costs.go:97.2,97.19 1 1
github.com/Tutitoos/atenea/internal/agent/planner/costs.go:119.32,120.11 1 1
github.com/Tutitoos/atenea/internal/agent/planner/costs.go:121.9,122.12 1 1
github.com/Tutitoos/atenea/internal/agent/planner/costs.go:123.9,124.52 1 1
github.com/Tutitoos/atenea/internal/agent/planner/costs.go:125.10,126.70 1 1
github.com/Tutitoos/atenea/internal/agent/planner/costs.go:132.51,134.19 2 1
github.com/Tutitoos/atenea/internal/agent/planner/costs.go:134.19,136.3 1 1
github.com/Tutitoos/atenea/internal/agent/planner/costs.go:137.2,137.20 1 1
github.com/Tutitoos/atenea/internal/agent/planner/costs.go:137.20,139.3 1 1
github.com/Tutitoos/atenea/internal/agent/planner/costs.go:140.2,140.21 1 1
github.com/Tutitoos/atenea/internal/agent/planner/costs.go:140.21,142.3 1 1
github.com/Tutitoos/atenea/internal/agent/planner/costs.go:143.2,143.49 1 1
github.com/Tutitoos/atenea/internal/agent/planner/costs.go:147.44,149.29 2 1
github.com/Tutitoos/atenea/internal/agent/planner/costs.go:149.29,150.17 1 1
github.com/Tutitoos/atenea/internal/agent/planner/costs.go:150.17,152.4 1 1
github.com/Tutitoos/atenea/internal/agent/planner/costs.go:154.2,154.20 1 1
github.com/Tutitoos/atenea/internal/agent/planner/costs.go:154.20,156.3 1 1
github.com/Tutitoos/atenea/internal/agent/planner/costs.go:157.2,157.46 1 1
github.com/Tutitoos/atenea/internal/agent/planner/planner.go:117.65,118.25 1 1
github.com/Tutitoos/atenea/internal/agent/planner/planner.go:118.25,120.3 1 0
github.com/Tutitoos/atenea/internal/agent/planner/planner.go:121.2,122.24 2 1
github.com/Tutitoos/atenea/internal/agent/planner/planner.go:122.24,124.3 1 1
github.com/Tutitoos/atenea/internal/agent/planner/planner.go:125.2,126.72 2 1
github.com/Tutitoos/atenea/internal/agent/planner/planner.go:150.76,152.2 1 0
github.com/Tutitoos/atenea/internal/agent/planner/planner.go:157.73,159.2 1 0
github.com/Tutitoos/atenea/internal/agent/planner/planner.go:162.73,164.2 1 0
github.com/Tutitoos/atenea/internal/agent/planner/planner.go:187.81,189.16 2 1
github.com/Tutitoos/atenea/internal/agent/planner/planner.go:189.16,191.3 1 0
github.com/Tutitoos/atenea/internal/agent/planner/planner.go:192.2,193.49 2 1
github.com/Tutitoos/atenea/internal/agent/planner/planner.go:193.49,195.3 1 0
github.com/Tutitoos/atenea/internal/agent/planner/planner.go:208.2,209.17 2 1
github.com/Tutitoos/atenea/internal/agent/planner/planner.go:209.17,213.3 1 1
github.com/Tutitoos/atenea/internal/agent/planner/planner.go:214.2,215.19 2 1
github.com/Tutitoos/atenea/internal/agent/planner/planner.go:215.19,218.3 1 0
github.com/Tutitoos/atenea/internal/agent/planner/planner.go:219.2,219.47 1 1
github.com/Tutitoos/atenea/internal/agent/planner/planner.go:219.47,235.3 1 1
github.com/Tutitoos/atenea/internal/agent/planner/planner.go:239.2,240.22 2 1
github.com/Tutitoos/atenea/internal/agent/planner/planner.go:240.22,242.3 1 0
github.com/Tutitoos/atenea/internal/agent/planner/planner.go:243.2,243.89 1 1
github.com/Tutitoos/atenea/internal/agent/planner/planner.go:246.49,248.2 1 1
github.com/Tutitoos/atenea/internal/agent/planner/planner.go:259.36,261.16 2 1
github.com/Tutitoos/atenea/internal/agent/planner/planner.go:261.16,263.3 1 1
github.com/Tutitoos/atenea/internal/agent/planner/planner.go:265.2,266.61 2 1
github.com/Tutitoos/atenea/internal/agent/planner/planner.go:266.61,268.3 1 1
github.com/Tutitoos/atenea/internal/agent/planner/planner.go:269.2,269.15 1 1
github.com/Tutitoos/atenea/internal/agent/planner/planner.go:316.50,317.19 1 1
github.com/Tutitoos/atenea/internal/agent/planner/planner.go:318.17,319.32 1 1
github.com/Tutitoos/atenea/internal/agent/planner/planner.go:320.16,321.31 1 1
github.com/Tutitoos/atenea/internal/agent/planner/planner.go:322.14,323.29 1 1
github.com/Tutitoos/atenea/internal/agent/planner/planner.go:325.2,325.25 1 1
github.com/Tutitoos/atenea/internal/agent/planner/planner.go:330.31,332.2 1 1
github.com/Tutitoos/atenea/internal/agent/planner/planner.go:337.30,339.2 1 1
github.com/Tutitoos/atenea/internal/agent/planner/planner.go:345.28,345.68 1 1
github.com/Tutitoos/atenea/internal/agent/planner/planner.go:359.30,359.65 1 1
github.com/Tutitoos/atenea/internal/agent/planner/planner.go:363.82,365.2 1 1
github.com/Tutitoos/atenea/internal/agent/planner/planner.go:371.81,373.2 1 1
github.com/Tutitoos/atenea/internal/agent/planner/planner.go:375.78,377.20 2 1
github.com/Tutitoos/atenea/internal/agent/planner/planner.go:377.20,379.17 2 1
github.com/Tutitoos/atenea/internal/agent/planner/planner.go:379.17,389.4 1 1
github.com/Tutitoos/atenea/internal/agent/planner/planner.go:390.3,390.14 1 1
github.com/Tutitoos/atenea/internal/agent/planner/planner.go:393.2,405.16 2 1
github.com/Tutitoos/atenea/internal/agent/planner/planner.go:405.16,407.3 1 1
github.com/Tutitoos/atenea/internal/agent/planner/planner.go:409.2,413.64 2 1
github.com/Tutitoos/atenea/internal/agent/planner/planner.go:413.64,415.3 1 1
github.com/Tutitoos/atenea/internal/agent/planner/planner.go:416.2,416.83 1 1
github.com/Tutitoos/atenea/internal/agent/planner/planner.go:416.83,418.3 1 1
github.com/Tutitoos/atenea/internal/agent/planner/planner.go:419.2,420.20 2 1
github.com/Tutitoos/atenea/internal/agent/planner/planner.go:420.20,422.3 1 1
github.com/Tutitoos/atenea/internal/agent/planner/planner.go:424.2,436.55 3 1
github.com/Tutitoos/atenea/internal/agent/planner/planner.go:436.55,438.3 1 1
github.com/Tutitoos/atenea/internal/agent/planner/planner.go:439.2,439.12 1 1
github.com/Tutitoos/atenea/internal/agent/planner/planner.go:442.81,443.23 1 1
github.com/Tutitoos/atenea/internal/agent/planner/planner.go:443.23,445.3 1 1
github.com/Tutitoos/atenea/internal/agent/planner/planner.go:446.2,446.40 1 1
github.com/Tutitoos/atenea/internal/agent/planner/planner.go:446.40,452.3 1 1
github.com/Tutitoos/atenea/internal/agent/planner/planner.go:457.2,469.16 3 1
github.com/Tutitoos/atenea/internal/agent/planner/planner.go:469.16,471.3 1 0
github.com/Tutitoos/atenea/internal/agent/planner/planner.go:473.2,476.64 2 1
github.com/Tutitoos/atenea/internal/agent/planner/planner.go:476.64,478.3 1 0
github.com/Tutitoos/atenea/internal/agent/planner/planner.go:479.2,479.39 1 1
github.com/Tutitoos/atenea/internal/agent/planner/planner.go:479.39,481.3 1 1
github.com/Tutitoos/atenea/internal/agent/planner/planner.go:482.2,483.20 2 1
github.com/Tutitoos/atenea/internal/agent/planner/planner.go:483.20,485.3 1 1
github.com/Tutitoos/atenea/internal/agent/planner/planner.go:487.2,493.12 3 1
github.com/Tutitoos/atenea/internal/agent/planner/planner.go:501.58,503.58 2 1
github.com/Tutitoos/atenea/internal/agent/planner/planner.go:503.58,505.3 1 0
github.com/Tutitoos/atenea/internal/agent/planner/planner.go:506.2,507.12 2 1
github.com/Tutitoos/atenea/internal/agent/planner/planner.go:512.53,519.2 1 1
github.com/Tutitoos/atenea/internal/agent/planner/planner.go:525.38,531.2 1 1
github.com/Tutitoos/atenea/internal/agent/planner/planner.go:559.90,560.27 1 1
github.com/Tutitoos/atenea/internal/agent/planner/planner.go:560.27,566.3 2 1
github.com/Tutitoos/atenea/internal/agent/planner/planner.go:567.2,567.26 1 1
github.com/Tutitoos/atenea/internal/agent/planner/planner.go:567.26,569.3 1 1
github.com/Tutitoos/atenea/internal/agent/planner/planner.go:570.2,570.42 1 1
github.com/Tutitoos/atenea/internal/agent/planner/planner.go:570.42,575.3 2 1
github.com/Tutitoos/atenea/internal/agent/planner/planner.go:576.2,576.41 1 1
github.com/Tutitoos/atenea/internal/agent/planner/planner.go:582.67,584.2 1 1
github.com/Tutitoos/atenea/internal/agent/planner/planner.go:589.39,590.19 1 1
github.com/Tutitoos/atenea/internal/agent/planner/planner.go:590.19,592.3 1 1
github.com/Tutitoos/atenea/internal/agent/planner/planner.go:593.2,600.18 2 1
github.com/Tutitoos/atenea/internal/agent/planner/planner.go:600.18,603.3 2 1
github.com/Tutitoos/atenea/internal/agent/planner/planner.go:604.2,604.12 1 1
github.com/Tutitoos/atenea/internal/agent/planner/planner.go:611.36,612.25 1 1
github.com/Tutitoos/atenea/internal/agent/planner/planner.go:612.25,614.3 1 1
github.com/Tutitoos/atenea/internal/agent/planner/planner.go:615.2,615.22 1 1
github.com/Tutitoos/atenea/internal/agent/planner/planner.go:618.36,619.63 1 1
github.com/Tutitoos/atenea/internal/agent/planner/planner.go:619.63,621.3 1 1
github.com/Tutitoos/atenea/internal/agent/planner/planner.go:622.2,622.22 1 0
github.com/Tutitoos/atenea/internal/agent/planner/planner.go:626.43,628.9 2 1
github.com/Tutitoos/atenea/internal/agent/planner/planner.go:628.9,630.3 1 1
github.com/Tutitoos/atenea/internal/agent/planner/planner.go:631.2,634.52 2 1
github.com/Tutitoos/atenea/internal/agent/planner/planner.go:634.52,636.3 1 0
github.com/Tutitoos/atenea/internal/agent/planner/planner.go:637.2,637.22 1 1
github.com/Tutitoos/atenea/internal/agent/planner/planner.go:637.22,639.3 1 0
github.com/Tutitoos/atenea/internal/agent/planner/planner.go:640.2,640.47 1 1
github.com/Tutitoos/atenea/internal/agent/planner/planner.go:640.47,642.3 1 0
github.com/Tutitoos/atenea/internal/agent/planner/planner.go:643.2,643.19 1 1
github.com/Tutitoos/atenea/internal/agent/planner/planner.go:648.50,650.49 2 1
github.com/Tutitoos/atenea/internal/agent/planner/planner.go:650.49,651.59 1 1
github.com/Tutitoos/atenea/internal/agent/planner/planner.go:651.59,653.67 2 1
github.com/Tutitoos/atenea/internal/agent/planner/planner.go:653.67,654.13 1 0
github.com/Tutitoos/atenea/internal/agent/planner/planner.go:656.4,657.21 2 1
github.com/Tutitoos/atenea/internal/agent/planner/planner.go:657.21,659.5 1 1
github.com/Tutitoos/atenea/internal/agent/planner/planner.go:662.2,662.12 1 1
github.com/Tutitoos/atenea/internal/agent/planner/planner.go:681.46,683.38 2 1
github.com/Tutitoos/atenea/internal/agent/planner/planner.go:683.38,685.43 2 1
github.com/Tutitoos/atenea/internal/agent/planner/planner.go:685.43,687.4 1 1
github.com/Tutitoos/atenea/internal/agent/planner/planner.go:688.3,689.21 2 1
github.com/Tutitoos/atenea/internal/agent/planner/planner.go:689.21,691.4 1 1
github.com/Tutitoos/atenea/internal/agent/planner/planner.go:692.3,695.10 2 1
github.com/Tutitoos/atenea/internal/agent/planner/planner.go:696.43,698.34 1 1
github.com/Tutitoos/atenea/internal/agent/planner/planner.go:699.30,701.41 1 1
github.com/Tutitoos/atenea/internal/agent/planner/planner.go:702.11,704.30 1 1
github.com/Tutitoos/atenea/internal/agent/planner/planner.go:706.3,706.30 1 1
github.com/Tutitoos/atenea/internal/agent/planner/planner.go:708.2,709.34 2 1
github.com/Tutitoos/atenea/internal/agent/planner/prompt.go:21.53,31.20 3 1
github.com/Tutitoos/atenea/internal/agent/planner/prompt.go:31.20,40.3 1 1
github.com/Tutitoos/atenea/internal/agent/planner/prompt.go:40.8,50.3 1 1
github.com/Tutitoos/atenea/internal/agent/planner/prompt.go:51.2,55.29 3 1
github.com/Tutitoos/atenea/internal/agent/planner/prompt.go:55.29,57.3 1 1
github.com/Tutitoos/atenea/internal/agent/planner/prompt.go:58.2,58.28 1 1
github.com/Tutitoos/atenea/internal/agent/planner/prompt.go:58.28,60.3 1 0
github.com/Tutitoos/atenea/internal/agent/planner/prompt.go:61.2,61.38 1 1
github.com/Tutitoos/atenea/internal/agent/planner/prompt.go:61.38,68.3 2 0
github.com/Tutitoos/atenea/internal/agent/planner/prompt.go:69.2,69.51 1 1
github.com/Tutitoos/atenea/internal/agent/planner/prompt.go:69.51,71.3 1 0
github.com/Tutitoos/atenea/internal/agent/planner/prompt.go:72.2,82.19 2 1
github.com/Tutitoos/atenea/internal/agent/planner/prompt.go:85.58,96.29 4 1
github.com/Tutitoos/atenea/internal/agent/planner/prompt.go:96.29,98.3 1 1
github.com/Tutitoos/atenea/internal/agent/planner/prompt.go:100.2,175.51 6 1
github.com/Tutitoos/atenea/internal/agent/planner/prompt.go:175.51,182.51 3 0
github.com/Tutitoos/atenea/internal/agent/planner/prompt.go:182.51,185.4 2 0
github.com/Tutitoos/atenea/internal/agent/planner/prompt.go:187.2,187.19 1 1
github.com/Tutitoos/atenea/internal/agent/planner/prompt.go:203.35,204.54 1 1
github.com/Tutitoos/atenea/internal/agent/planner/prompt.go:204.54,206.3 1 1
github.com/Tutitoos/atenea/internal/agent/planner/prompt.go:207.2,207.28 1 1
github.com/Tutitoos/atenea/internal/agent/planner/prompt.go:207.28,209.3 1 1
github.com/Tutitoos/atenea/internal/agent/planner/prompt.go:210.2,210.10 1 1
github.com/Tutitoos/atenea/internal/agent/planner/prompt.go:217.42,218.23 1 1
github.com/Tutitoos/atenea/internal/agent/planner/prompt.go:218.23,220.3 1 0
github.com/Tutitoos/atenea/internal/agent/planner/prompt.go:221.2,224.15 4 1
github.com/Tutitoos/atenea/internal/agent/planner/prompt.go:224.15,226.3 1 0
github.com/Tutitoos/atenea/internal/agent/planner/prompt.go:227.2,227.12 1 1
github.com/Tutitoos/atenea/internal/agent/planner/prompt.go:233.41,234.24 1 0
github.com/Tutitoos/atenea/internal/agent/planner/prompt.go:234.24,236.3 1 0
github.com/Tutitoos/atenea/internal/agent/planner/prompt.go:237.2,238.13 2 0
github.com/Tutitoos/atenea/internal/agent/planner/prompt.go:241.40,242.56 1 1
github.com/Tutitoos/atenea/internal/agent/planner/prompt.go:242.56,244.3 1 1
github.com/Tutitoos/atenea/internal/agent/planner/prompt.go:245.2,245.54 1 0
github.com/Tutitoos/atenea/internal/agent/planner/prompt.go:251.37,253.9 2 1
github.com/Tutitoos/atenea/internal/agent/planner/prompt.go:253.9,255.3 1 1
github.com/Tutitoos/atenea/internal/agent/planner/prompt.go:256.2,263.52 2 0
github.com/Tutitoos/atenea/internal/agent/planner/prompt.go:263.52,265.3 1 0
github.com/Tutitoos/atenea/internal/agent/planner/prompt.go:266.2,267.33 2 0
github.com/Tutitoos/atenea/internal/agent/planner/prompt.go:267.33,268.39 1 0
github.com/Tutitoos/atenea/internal/agent/planner/prompt.go:268.39,270.4 1 0
github.com/Tutitoos/atenea/internal/agent/planner/prompt.go:272.2,272.19 1 0
github.com/Tutitoos/atenea/internal/agent/planner/prompt.go:275.33,277.29 2 1
github.com/Tutitoos/atenea/internal/agent/planner/prompt.go:277.29,279.3 1 1
github.com/Tutitoos/atenea/internal/agent/planner/prompt.go:280.2,280.41 1 1
github.com/Tutitoos/atenea/internal/agent/planner/prompt.go:294.37,312.2 1 1
github.com/Tutitoos/atenea/internal/agent/planner/prompt.go:314.34,328.2 1 1
github.com/Tutitoos/atenea/internal/agent/planner/prompt.go:333.44,340.2 1 1
github.com/Tutitoos/atenea/internal/agent/planner/prompt.go:342.41,347.2 1 1
github.com/Tutitoos/atenea/internal/agent/reviewer/citations.go:118.37,120.46 2 1
github.com/Tutitoos/atenea/internal/agent/reviewer/citations.go:120.46,122.64 2 1
github.com/Tutitoos/atenea/internal/agent/reviewer/citations.go:122.64,124.18 2 1
github.com/Tutitoos/atenea/internal/agent/reviewer/citations.go:124.18,125.13 1 0
github.com/Tutitoos/atenea/internal/agent/reviewer/citations.go:127.4,128.68 2 1
github.com/Tutitoos/atenea/internal/agent/reviewer/citations.go:130.3,130.64 1 1
github.com/Tutitoos/atenea/internal/agent/reviewer/citations.go:130.64,132.18 2 1
github.com/Tutitoos/atenea/internal/agent/reviewer/citations.go:132.18,133.13 1 0
github.com/Tutitoos/atenea/internal/agent/reviewer/citations.go:135.4,135.68 1 1
github.com/Tutitoos/atenea/internal/agent/reviewer/citations.go:137.3,137.22 1 1
github.com/Tutitoos/atenea/internal/agent/reviewer/citations.go:137.22,138.12 1 1
github.com/Tutitoos/atenea/internal/agent/reviewer/citations.go:140.3,141.27 2 1
github.com/Tutitoos/atenea/internal/agent/reviewer/citations.go:141.27,143.4 1 1
github.com/Tutitoos/atenea/internal/agent/reviewer/citations.go:145.2,145.12 1 1
github.com/Tutitoos/atenea/internal/agent/reviewer/citations.go:157.65,158.78 1 1
github.com/Tutitoos/atenea/internal/agent/reviewer/citations.go:158.78,160.3 1 1
github.com/Tutitoos/atenea/internal/agent/reviewer/citations.go:161.2,161.19 1 1
github.com/Tutitoos/atenea/internal/agent/reviewer/citations.go:170.55,171.21 1 1
github.com/Tutitoos/atenea/internal/agent/reviewer/citations.go:171.21,173.3 1 0
github.com/Tutitoos/atenea/internal/agent/reviewer/citations.go:174.2,175.64 2 1
github.com/Tutitoos/atenea/internal/agent/reviewer/citations.go:175.64,176.53 1 1
github.com/Tutitoos/atenea/internal/agent/reviewer/citations.go:176.53,177.12 1 1
github.com/Tutitoos/atenea/internal/agent/reviewer/citations.go:179.3,180.36 2 1
github.com/Tutitoos/atenea/internal/agent/reviewer/citations.go:180.36,181.12 1 1
github.com/Tutitoos/atenea/internal/agent/reviewer/citations.go:183.3,183.31 1 1
github.com/Tutitoos/atenea/internal/agent/reviewer/citations.go:185.2,185.20 1 1
github.com/Tutitoos/atenea/internal/agent/reviewer/citations.go:185.20,187.3 1 1
github.com/Tutitoos/atenea/internal/agent/reviewer/citations.go:188.2,188.16 1 1
github.com/Tutitoos/atenea/internal/agent/reviewer/citations.go:194.38,196.2 1 1
github.com/Tutitoos/atenea/internal/agent/reviewer/citations.go:201.48,203.24 2 1
github.com/Tutitoos/atenea/internal/agent/reviewer/citations.go:203.24,205.3 1 0
github.com/Tutitoos/atenea/internal/agent/reviewer/citations.go:206.2,206.57 1 1
github.com/Tutitoos/atenea/internal/agent/reviewer/citations.go:217.49,223.16 3 1
github.com/Tutitoos/atenea/internal/agent/reviewer/citations.go:223.16,225.3 1 0
github.com/Tutitoos/atenea/internal/agent/reviewer/citations.go:226.2,226.79 1 1
github.com/Tutitoos/atenea/internal/agent/reviewer/citations.go:226.79,227.17 1 1
github.com/Tutitoos/atenea/internal/agent/reviewer/citations.go:227.17,229.4 1 0
github.com/Tutitoos/atenea/internal/agent/reviewer/citations.go:230.3,230.16 1 1
github.com/Tutitoos/atenea/internal/agent/reviewer/citations.go:230.16,231.22 1 1
github.com/Tutitoos/atenea/internal/agent/reviewer/citations.go:231.22,233.5 1 0
github.com/Tutitoos/atenea/internal/agent/reviewer/citations.go:234.4,234.14 1 1
github.com/Tutitoos/atenea/internal/agent/reviewer/citations.go:236.3,238.13 3 1
github.com/Tutitoos/atenea/internal/agent/reviewer/citations.go:240.2,240.14 1 1
github.com/Tutitoos/atenea/internal/agent/reviewer/citations.go:247.84,249.23 2 1
github.com/Tutitoos/atenea/internal/agent/reviewer/citations.go:249.23,251.3 1 1
github.com/Tutitoos/atenea/internal/agent/reviewer/citations.go:252.2,252.25 1 1
github.com/Tutitoos/atenea/internal/agent/reviewer/citations.go:267.104,269.69 2 1
github.com/Tutitoos/atenea/internal/agent/reviewer/citations.go:269.69,271.3 1 1
github.com/Tutitoos/atenea/internal/agent/reviewer/citations.go:272.2,273.16 2 1
github.com/Tutitoos/atenea/internal/agent/reviewer/citations.go:273.16,274.54 1 1
github.com/Tutitoos/atenea/internal/agent/reviewer/citations.go:274.54,275.58 1 1
github.com/Tutitoos/atenea/internal/agent/reviewer/citations.go:275.58,277.5 1 1
github.com/Tutitoos/atenea/internal/agent/reviewer/citations.go:280.2,280.16 1 1
github.com/Tutitoos/atenea/internal/agent/reviewer/citations.go:280.16,282.3 1 1
github.com/Tutitoos/atenea/internal/agent/reviewer/citations.go:283.2,285.39 3 1
github.com/Tutitoos/atenea/internal/agent/reviewer/citations.go:285.39,287.3 1 1
github.com/Tutitoos/atenea/internal/agent/reviewer/citations.go:288.2,288.19 1 1
github.com/Tutitoos/atenea/internal/agent/reviewer/citations.go:288.19,290.3 1 1
github.com/Tutitoos/atenea/internal/agent/reviewer/citations.go:291.2,292.38 2 1
github.com/Tutitoos/atenea/internal/agent/reviewer/citations.go:292.38,295.3 1 1
github.com/Tutitoos/atenea/internal/agent/reviewer/citations.go:296.2,296.34 1 1
github.com/Tutitoos/atenea/internal/agent/reviewer/citations.go:302.63,304.41 2 1
github.com/Tutitoos/atenea/internal/agent/reviewer/citations.go:304.41,306.3 1 0
github.com/Tutitoos/atenea/internal/agent/reviewer/citations.go:307.2,308.90 2 1
github.com/Tutitoos/atenea/internal/agent/reviewer/citations.go:308.90,310.3 1 0
github.com/Tutitoos/atenea/internal/agent/reviewer/citations.go:311.2,311.30 1 1
github.com/Tutitoos/atenea/internal/agent/reviewer/citations.go:335.55,338.49 3 1
github.com/Tutitoos/atenea/internal/agent/reviewer/citations.go:338.49,340.43 2 1
github.com/Tutitoos/atenea/internal/agent/reviewer/citations.go:340.43,341.12 1 0
github.com/Tutitoos/atenea/internal/agent/reviewer/citations.go:343.3,345.30 3 1
github.com/Tutitoos/atenea/internal/agent/reviewer/citations.go:347.2,349.38 3 1
github.com/Tutitoos/atenea/internal/agent/reviewer/citations.go:349.38,351.3 1 1
github.com/Tutitoos/atenea/internal/agent/reviewer/citations.go:352.2,353.32 2 1
github.com/Tutitoos/atenea/internal/agent/reviewer/citations.go:353.32,354.35 1 1
github.com/Tutitoos/atenea/internal/agent/reviewer/citations.go:354.35,356.4 1 1
github.com/Tutitoos/atenea/internal/agent/reviewer/citations.go:358.2,358.19 1 1
github.com/Tutitoos/atenea/internal/agent/reviewer/citations.go:358.19,364.3 3 1
github.com/Tutitoos/atenea/internal/agent/reviewer/citations.go:366.2,370.24 5 1
github.com/Tutitoos/atenea/internal/agent/reviewer/citations.go:370.24,373.18 3 1
github.com/Tutitoos/atenea/internal/agent/reviewer/citations.go:374.20,375.21 1 1
github.com/Tutitoos/atenea/internal/agent/reviewer/citations.go:375.21,378.5 2 1
github.com/Tutitoos/atenea/internal/agent/reviewer/citations.go:378.10,381.5 2 1
github.com/Tutitoos/atenea/internal/agent/reviewer/citations.go:382.23,384.28 2 1
github.com/Tutitoos/atenea/internal/agent/reviewer/citations.go:385.23,387.28 2 1
github.com/Tutitoos/atenea/internal/agent/reviewer/citations.go:389.3,389.33 1 1
github.com/Tutitoos/atenea/internal/agent/reviewer/citations.go:392.2,393.51 2 1
github.com/Tutitoos/atenea/internal/agent/reviewer/citations.go:393.51,396.29 3 1
github.com/Tutitoos/atenea/internal/agent/reviewer/citations.go:396.29,398.4 1 1
github.com/Tutitoos/atenea/internal/agent/reviewer/citations.go:399.3,401.13 3 1
github.com/Tutitoos/atenea/internal/agent/reviewer/citations.go:403.2,403.25 1 1
github.com/Tutitoos/atenea/internal/agent/reviewer/citations.go:403.25,408.3 4 1
github.com/Tutitoos/atenea/internal/agent/reviewer/citations.go:409.2,410.33 1 1
github.com/Tutitoos/atenea/internal/agent/reviewer/citations.go:410.33,414.4 3 1
github.com/Tutitoos/atenea/internal/agent/reviewer/citations.go:426.136,427.21 1 1
github.com/Tutitoos/atenea/internal/agent/reviewer/citations.go:427.21,429.3 1 1
github.com/Tutitoos/atenea/internal/agent/reviewer/citations.go:430.2,430.26 1 1
github.com/Tutitoos/atenea/internal/agent/reviewer/citations.go:430.26,432.3 1 1
github.com/Tutitoos/atenea/internal/agent/reviewer/citations.go:433.2,442.3 1 1
github.com/Tutitoos/atenea/internal/agent/reviewer/citations.go:445.50,447.19 2 1
github.com/Tutitoos/atenea/internal/agent/reviewer/citations.go:447.19,449.3 1 1
github.com/Tutitoos/atenea/internal/agent/reviewer/citations.go:450.2,451.13 2 1
github.com/Tutitoos/atenea/internal/agent/reviewer/citations.go:454.45,455.12 1 1
github.com/Tutitoos/atenea/internal/agent/reviewer/citations.go:455.12,457.3 1 1
github.com/Tutitoos/atenea/internal/agent/reviewer/citations.go:458.2,458.13 1 1
github.com/Tutitoos/atenea/internal/agent/reviewer/reviewer.go:81.52,83.16 2 1
github.com/Tutitoos/atenea/internal/agent/reviewer/reviewer.go:83.16,85.3 1 0
github.com/Tutitoos/atenea/internal/agent/reviewer/reviewer.go:86.2,87.49 2 1
github.com/Tutitoos/atenea/internal/agent/reviewer/reviewer.go:87.49,89.3 1 0
github.com/Tutitoos/atenea/internal/agent/reviewer/reviewer.go:90.2,90.50 1 1
github.com/Tutitoos/atenea/internal/agent/reviewer/reviewer.go:101.34,102.23 1 1
github.com/Tutitoos/atenea/internal/agent/reviewer/reviewer.go:102.23,104.3 1 1
github.com/Tutitoos/atenea/internal/agent/reviewer/reviewer.go:105.2,109.19 2 1
github.com/Tutitoos/atenea/internal/agent/reviewer/reviewer.go:110.16,111.68 1 1
github.com/Tutitoos/atenea/internal/agent/reviewer/reviewer.go:112.20,113.76 1 1
github.com/Tutitoos/atenea/internal/agent/reviewer/reviewer.go:114.18,115.62 1 0
github.com/Tutitoos/atenea/internal/agent/reviewer/reviewer.go:118.2,118.81 1 1
github.com/Tutitoos/atenea/internal/agent/reviewer/reviewer.go:118.81,120.3 1 1
github.com/Tutitoos/atenea/internal/agent/reviewer/reviewer.go:121.2,122.16 2 1
github.com/Tutitoos/atenea/internal/agent/reviewer/reviewer.go:122.16,124.3 1 1
github.com/Tutitoos/atenea/internal/agent/reviewer/reviewer.go:125.2,125.32 1 1
github.com/Tutitoos/atenea/internal/agent/reviewer/reviewer.go:125.32,129.3 3 1
github.com/Tutitoos/atenea/internal/agent/reviewer/reviewer.go:130.2,134.25 2 1
github.com/Tutitoos/atenea/internal/agent/reviewer/reviewer.go:134.25,138.3 1 1
github.com/Tutitoos/atenea/internal/agent/reviewer/reviewer.go:139.2,139.12 1 1
github.com/Tutitoos/atenea/internal/agent/reviewer/reviewer.go:152.57,155.42 3 1
github.com/Tutitoos/atenea/internal/agent/reviewer/reviewer.go:155.42,157.3 1 0
github.com/Tutitoos/atenea/internal/agent/reviewer/reviewer.go:158.2,159.69 2 1
github.com/Tutitoos/atenea/internal/agent/reviewer/reviewer.go:159.69,161.3 1 1
github.com/Tutitoos/atenea/internal/agent/reviewer/reviewer.go:162.2,163.16 2 1
github.com/Tutitoos/atenea/internal/agent/reviewer/reviewer.go:163.16,169.3 1 1
github.com/Tutitoos/atenea/internal/agent/reviewer/reviewer.go:171.2,171.60 1 1
github.com/Tutitoos/atenea/internal/agent/reviewer/reviewer.go:171.60,173.27 2 1
github.com/Tutitoos/atenea/internal/agent/reviewer/reviewer.go:173.27,176.4 1 1
github.com/Tutitoos/atenea/internal/agent/reviewer/reviewer.go:178.2,178.60 1 1
github.com/Tutitoos/atenea/internal/agent/reviewer/reviewer.go:178.60,180.52 2 1
github.com/Tutitoos/atenea/internal/agent/reviewer/reviewer.go:180.52,183.4 1 1
github.com/Tutitoos/atenea/internal/agent/reviewer/reviewer.go:185.2,185.80 1 1
github.com/Tutitoos/atenea/internal/agent/reviewer/reviewer.go:185.80,187.30 2 1
github.com/Tutitoos/atenea/internal/agent/reviewer/reviewer.go:187.30,190.4 1 1
github.com/Tutitoos/atenea/internal/agent/reviewer/reviewer.go:192.2,192.17 1 1
github.com/Tutitoos/atenea/internal/agent/reviewer/reviewer.go:198.60,199.33 1 1
github.com/Tutitoos/atenea/internal/agent/reviewer/reviewer.go:200.15,201.22 1 1
github.com/Tutitoos/atenea/internal/agent/reviewer/reviewer.go:202.11,203.17 1 0
github.com/Tutitoos/atenea/internal/agent/reviewer/reviewer.go:205.2,205.17 1 1
github.com/Tutitoos/atenea/internal/agent/reviewer/reviewer.go:208.33,214.2 1 1
github.com/Tutitoos/atenea/internal/agent/reviewer/reviewer.go:216.37,222.2 1 1
github.com/Tutitoos/atenea/internal/agent/reviewer/reviewer.go:224.36,225.63 1 1
github.com/Tutitoos/atenea/internal/agent/reviewer/reviewer.go:225.63,227.3 1 0
github.com/Tutitoos/atenea/internal/agent/reviewer/reviewer.go:228.2,228.22 1 1
github.com/Tutitoos/atenea/internal/agent/reviewer/reviewer.go:231.43,233.9 2 1
github.com/Tutitoos/atenea/internal/agent/reviewer/reviewer.go:233.9,235.3 1 0
github.com/Tutitoos/atenea/internal/agent/reviewer/reviewer.go:236.2,239.51 2 1
github.com/Tutitoos/atenea/internal/agent/reviewer/reviewer.go:239.51,241.3 1 0
github.com/Tutitoos/atenea/internal/agent/reviewer/reviewer.go:242.2,242.18 1 1
github.com/Tutitoos/atenea/internal/agent/reviewer/reviewer.go:245.34,246.20 1 1
github.com/Tutitoos/atenea/internal/agent/reviewer/reviewer.go:246.20,248.3 1 0
github.com/Tutitoos/atenea/internal/agent/reviewer/reviewer.go:249.2,250.44 2 1
github.com/Tutitoos/atenea/internal/agent/reviewer/reviewer.go:250.44,252.3 1 0
github.com/Tutitoos/atenea/internal/agent/reviewer/reviewer.go:253.2,253.10 1 1
github.com/Tutitoos/atenea/internal/allowance/allowance.go:100.58,102.2 1 1
github.com/Tutitoos/atenea/internal/allowance/allowance.go:117.44,119.2 1 0
github.com/Tutitoos/atenea/internal/allowance/allowance.go:125.35,127.2 1 1
github.com/Tutitoos/atenea/internal/allowance/allowance.go:156.54,158.2 1 1
github.com/Tutitoos/atenea/internal/allowance/allowance.go:182.58,184.2 1 1
github.com/Tutitoos/atenea/internal/allowance/allowance.go:201.43,203.2 1 1
github.com/Tutitoos/atenea/internal/benchmark/benchmark.go:32.36,33.11 1 0
github.com/Tutitoos/atenea/internal/benchmark/benchmark.go:34.13,35.22 1 0
github.com/Tutitoos/atenea/internal/benchmark/benchmark.go:36.14,37.23 1 0
github.com/Tutitoos/atenea/internal/benchmark/benchmark.go:38.10,39.20 1 0
github.com/Tutitoos/atenea/internal/benchmark/benchmark.go:134.58,136.30 2 1
github.com/Tutitoos/atenea/internal/benchmark/benchmark.go:136.30,138.3 1 0
github.com/Tutitoos/atenea/internal/benchmark/benchmark.go:139.2,143.31 5 1
github.com/Tutitoos/atenea/internal/benchmark/benchmark.go:143.31,145.3 1 1
github.com/Tutitoos/atenea/internal/benchmark/benchmark.go:145.8,147.3 1 0
github.com/Tutitoos/atenea/internal/benchmark/benchmark.go:148.2,149.55 2 1
github.com/Tutitoos/atenea/internal/benchmark/benchmark.go:149.55,151.3 1 1
github.com/Tutitoos/atenea/internal/benchmark/benchmark.go:152.2,153.12 2 1
github.com/Tutitoos/atenea/internal/benchmark/benchmark.go:156.77,158.16 2 1
github.com/Tutitoos/atenea/internal/benchmark/benchmark.go:158.16,160.3 1 0
github.com/Tutitoos/atenea/internal/benchmark/benchmark.go:161.2,161.42 1 1
github.com/Tutitoos/atenea/internal/benchmark/benchmark.go:164.44,165.49 1 1
github.com/Tutitoos/atenea/internal/benchmark/benchmark.go:165.49,166.56 1 1
github.com/Tutitoos/atenea/internal/benchmark/benchmark.go:166.56,168.4 1 1
github.com/Tutitoos/atenea/internal/benchmark/benchmark.go:170.2,170.11 1 0
github.com/Tutitoos/atenea/internal/benchmark/benchmark.go:173.64,177.12 4 0
github.com/Tutitoos/atenea/internal/benchmark/benchmark.go:177.12,180.3 2 0
github.com/Tutitoos/atenea/internal/benchmark/benchmark.go:181.2,181.22 1 0
github.com/Tutitoos/atenea/internal/benchmark/benchmark.go:184.73,197.2 3 0
github.com/Tutitoos/atenea/internal/benchmark/benchmark.go:199.52,200.22 1 1
github.com/Tutitoos/atenea/internal/benchmark/benchmark.go:200.22,202.3 1 1
github.com/Tutitoos/atenea/internal/benchmark/benchmark.go:203.2,206.31 4 1
github.com/Tutitoos/atenea/internal/benchmark/benchmark.go:206.31,208.3 1 1
github.com/Tutitoos/atenea/internal/benchmark/benchmark.go:209.2,211.31 3 1
github.com/Tutitoos/atenea/internal/benchmark/benchmark.go:211.31,214.3 2 1
github.com/Tutitoos/atenea/internal/benchmark/benchmark.go:215.2,215.21 1 1
github.com/Tutitoos/atenea/internal/benchmark/benchmark.go:215.21,217.3 1 1
github.com/Tutitoos/atenea/internal/benchmark/benchmark.go:218.2,220.15 3 1
github.com/Tutitoos/atenea/internal/benchmark/benchmark.go:220.15,222.3 1 1
github.com/Tutitoos/atenea/internal/benchmark/benchmark.go:223.2,228.3 1 1
github.com/Tutitoos/atenea/internal/benchmark/benchmark.go:231.61,232.22 1 1
github.com/Tutitoos/atenea/internal/benchmark/benchmark.go:232.22,234.3 1 0
github.com/Tutitoos/atenea/internal/benchmark/benchmark.go:235.2,238.20 4 1
github.com/Tutitoos/atenea/internal/benchmark/benchmark.go:238.20,240.3 1 1
github.com/Tutitoos/atenea/internal/benchmark/benchmark.go:241.2,242.61 2 1
github.com/Tutitoos/atenea/internal/benchmark/benchmark.go:245.45,246.19 1 1
github.com/Tutitoos/atenea/internal/benchmark/benchmark.go:246.19,248.3 1 1
github.com/Tutitoos/atenea/internal/benchmark/benchmark.go:249.2,249.50 1 0
github.com/Tutitoos/atenea/internal/benchmark/benchmark.go:252.61,253.66 1 1
github.com/Tutitoos/atenea/internal/benchmark/benchmark.go:253.66,255.3 1 1
github.com/Tutitoos/atenea/internal/benchmark/benchmark.go:256.2,256.49 1 1
github.com/Tutitoos/atenea/internal/benchmark/benchmark.go:256.49,258.3 1 1
github.com/Tutitoos/atenea/internal/benchmark/benchmark.go:259.2,259.14 1 1
github.com/Tutitoos/atenea/internal/benchmark/benchmark.go:262.44,264.39 2 1
github.com/Tutitoos/atenea/internal/benchmark/benchmark.go:264.39,265.26 1 1
github.com/Tutitoos/atenea/internal/benchmark/benchmark.go:265.26,267.4 1 1
github.com/Tutitoos/atenea/internal/benchmark/benchmark.go:268.3,268.29 1 1
github.com/Tutitoos/atenea/internal/benchmark/benchmark.go:268.29,270.4 1 1
github.com/Tutitoos/atenea/internal/benchmark/benchmark.go:272.2,272.44 1 1
github.com/Tutitoos/atenea/internal/benchmark/benchmark.go:272.44,273.27 1 0
github.com/Tutitoos/atenea/internal/benchmark/benchmark.go:273.27,275.4 1 0
github.com/Tutitoos/atenea/internal/benchmark/benchmark.go:276.3,276.30 1 0
github.com/Tutitoos/atenea/internal/benchmark/benchmark.go:276.30,278.4 1 0
github.com/Tutitoos/atenea/internal/benchmark/benchmark.go:280.2,280.81 1 1
github.com/Tutitoos/atenea/internal/benchmark/benchmark.go:280.81,282.3 1 0
github.com/Tutitoos/atenea/internal/benchmark/benchmark.go:283.2,283.54 1 1
github.com/Tutitoos/atenea/internal/benchmark/benchmark.go:283.54,285.3 1 0
github.com/Tutitoos/atenea/internal/benchmark/benchmark.go:286.2,286.15 1 1
github.com/Tutitoos/atenea/internal/benchmark/benchmark.go:289.46,291.16 2 1
github.com/Tutitoos/atenea/internal/benchmark/benchmark.go:291.16,293.3 1 0
github.com/Tutitoos/atenea/internal/benchmark/benchmark.go:294.2,294.46 1 1
github.com/Tutitoos/atenea/internal/benchmark/benchmark.go:297.45,299.2 1 1
github.com/Tutitoos/atenea/internal/benchmark/benchmark.go:301.50,302.63 1 1
github.com/Tutitoos/atenea/internal/benchmark/benchmark.go:302.63,304.3 1 0
github.com/Tutitoos/atenea/internal/benchmark/benchmark.go:305.2,306.55 2 1
github.com/Tutitoos/atenea/internal/benchmark/benchmark.go:306.55,308.3 1 0
github.com/Tutitoos/atenea/internal/benchmark/benchmark.go:309.2,309.45 1 1
github.com/Tutitoos/atenea/internal/benchmark/benchmark.go:309.45,312.3 2 0
github.com/Tutitoos/atenea/internal/benchmark/benchmark.go:313.2,313.12 1 1
github.com/Tutitoos/atenea/internal/benchmark/process_unix.go:16.49,17.18 1 1
github.com/Tutitoos/atenea/internal/benchmark/process_unix.go:17.18,19.3 1 1
github.com/Tutitoos/atenea/internal/benchmark/process_unix.go:20.2,21.25 2 0
github.com/Tutitoos/atenea/internal/benchmark/process_unix.go:21.25,23.3 1 0
github.com/Tutitoos/atenea/internal/benchmark/process_unix.go:24.2,25.29 2 0
github.com/Tutitoos/atenea/internal/benchmark/process_unix.go:25.29,27.3 1 0
github.com/Tutitoos/atenea/internal/benchmark/process_unix.go:28.2,30.52 3 0
github.com/Tutitoos/atenea/internal/benchmark/validate.go:11.45,12.53 1 1
github.com/Tutitoos/atenea/internal/benchmark/validate.go:12.53,14.3 1 0
github.com/Tutitoos/atenea/internal/benchmark/validate.go:15.2,15.68 1 1
github.com/Tutitoos/atenea/internal/benchmark/validate.go:15.68,17.3 1 0
github.com/Tutitoos/atenea/internal/benchmark/validate.go:18.2,18.127 1 1
github.com/Tutitoos/atenea/internal/benchmark/validate.go:18.127,20.3 1 0
github.com/Tutitoos/atenea/internal/benchmark/validate.go:21.2,21.119 1 1
github.com/Tutitoos/atenea/internal/benchmark/validate.go:21.119,23.3 1 0
github.com/Tutitoos/atenea/internal/benchmark/validate.go:24.2,24.148 1 1
github.com/Tutitoos/atenea/internal/benchmark/validate.go:24.148,26.3 1 1
github.com/Tutitoos/atenea/internal/benchmark/validate.go:27.2,27.41 1 1
github.com/Tutitoos/atenea/internal/benchmark/validate.go:27.41,29.3 1 0
github.com/Tutitoos/atenea/internal/benchmark/validate.go:30.2,30.39 1 1
github.com/Tutitoos/atenea/internal/benchmark/validate.go:30.39,31.125 1 0
github.com/Tutitoos/atenea/internal/benchmark/validate.go:31.125,33.4 1 0
github.com/Tutitoos/atenea/internal/benchmark/validate.go:34.3,34.50 1 0
github.com/Tutitoos/atenea/internal/benchmark/validate.go:34.50,36.4 1 0
github.com/Tutitoos/atenea/internal/benchmark/validate.go:38.2,38.44 1 1
github.com/Tutitoos/atenea/internal/benchmark/validate.go:38.44,39.79 1 0
github.com/Tutitoos/atenea/internal/benchmark/validate.go:39.79,41.4 1 0
github.com/Tutitoos/atenea/internal/benchmark/validate.go:42.3,42.19 1 0
github.com/Tutitoos/atenea/internal/benchmark/validate.go:42.19,43.136 1 0
github.com/Tutitoos/atenea/internal/benchmark/validate.go:43.136,45.5 1 0
github.com/Tutitoos/atenea/internal/benchmark/validate.go:46.4,46.50 1 0
github.com/Tutitoos/atenea/internal/benchmark/validate.go:46.50,48.5 1 0
github.com/Tutitoos/atenea/internal/benchmark/validate.go:49.9,49.34 1 0
github.com/Tutitoos/atenea/internal/benchmark/validate.go:49.34,51.4 1 0
github.com/Tutitoos/atenea/internal/benchmark/validate.go:53.2,53.12 1 1
github.com/Tutitoos/atenea/internal/benchmark/validate.go:56.33,56.87 1 1
github.com/Tutitoos/atenea/internal/benchmark/validate.go:58.37,58.91 1 1
github.com/Tutitoos/atenea/internal/benchmark/validate.go:60.38,60.101 1 1
github.com/Tutitoos/atenea/internal/backup/backup.go:109.40,110.23 1 1
github.com/Tutitoos/atenea/internal/backup/backup.go:110.23,112.3 1 1
github.com/Tutitoos/atenea/internal/backup/backup.go:113.2,113.20 1 1
github.com/Tutitoos/atenea/internal/backup/backup.go:113.20,115.3 1 1
github.com/Tutitoos/atenea/internal/backup/backup.go:116.2,116.19 1 1
github.com/Tutitoos/atenea/internal/backup/backup.go:116.19,119.3 1 1
github.com/Tutitoos/atenea/internal/backup/backup.go:120.2,121.16 2 1
github.com/Tutitoos/atenea/internal/backup/backup.go:121.16,124.3 1 0
github.com/Tutitoos/atenea/internal/backup/backup.go:125.2,126.16 2 1
github.com/Tutitoos/atenea/internal/backup/backup.go:126.16,129.3 1 0
github.com/Tutitoos/atenea/internal/backup/backup.go:135.2,135.24 1 1
github.com/Tutitoos/atenea/internal/backup/backup.go:135.24,138.3 1 1
github.com/Tutitoos/atenea/internal/backup/backup.go:139.2,139.32 1 1
github.com/Tutitoos/atenea/internal/backup/backup.go:139.32,140.21 1 1
github.com/Tutitoos/atenea/internal/backup/backup.go:140.21,143.4 1 0
github.com/Tutitoos/atenea/internal/backup/backup.go:144.3,144.19 1 1
github.com/Tutitoos/atenea/internal/backup/backup.go:144.19,147.4 1 0
github.com/Tutitoos/atenea/internal/backup/backup.go:148.3,148.29 1 1
github.com/Tutitoos/atenea/internal/backup/backup.go:148.29,151.4 1 0
github.com/Tutitoos/atenea/internal/backup/backup.go:152.3,153.81 2 1
github.com/Tutitoos/atenea/internal/backup/backup.go:153.81,156.4 1 1
github.com/Tutitoos/atenea/internal/backup/backup.go:158.2,158.84 1 1
github.com/Tutitoos/atenea/internal/backup/backup.go:162.30,162.46 1 1
github.com/Tutitoos/atenea/internal/backup/backup.go:171.44,173.16 2 1
github.com/Tutitoos/atenea/internal/backup/backup.go:173.16,176.37 1 1
github.com/Tutitoos/atenea/internal/backup/backup.go:176.37,178.4 1 1
github.com/Tutitoos/atenea/internal/backup/backup.go:179.3,180.45 1 0
github.com/Tutitoos/atenea/internal/backup/backup.go:182.2,183.32 2 1
github.com/Tutitoos/atenea/internal/backup/backup.go:183.32,184.21 1 1
github.com/Tutitoos/atenea/internal/backup/backup.go:184.21,185.12 1 0
github.com/Tutitoos/atenea/internal/backup/backup.go:187.3,188.17 2 1
github.com/Tutitoos/atenea/internal/backup/backup.go:188.17,189.12 1 1
github.com/Tutitoos/atenea/internal/backup/backup.go:191.3,195.5 1 1
github.com/Tutitoos/atenea/internal/backup/backup.go:197.2,197.53 1 1
github.com/Tutitoos/atenea/internal/backup/backup.go:197.53,197.82 1 1
github.com/Tutitoos/atenea/internal/backup/backup.go:198.2,198.23 1 1
github.com/Tutitoos/atenea/internal/backup/backup.go:208.73,209.34 1 1
github.com/Tutitoos/atenea/internal/backup/backup.go:209.34,211.3 1 0
github.com/Tutitoos/atenea/internal/backup/backup.go:212.2,212.37 1 1
github.com/Tutitoos/atenea/internal/backup/backup.go:212.37,214.3 1 0
github.com/Tutitoos/atenea/internal/backup/backup.go:215.2,215.56 1 1
github.com/Tutitoos/atenea/internal/backup/backup.go:215.56,218.3 1 0
github.com/Tutitoos/atenea/internal/backup/backup.go:219.2,220.16 2 1
github.com/Tutitoos/atenea/internal/backup/backup.go:220.16,223.3 1 0
github.com/Tutitoos/atenea/internal/backup/backup.go:224.2,225.16 2 1
github.com/Tutitoos/atenea/internal/backup/backup.go:225.16,227.3 1 0
github.com/Tutitoos/atenea/internal/backup/backup.go:228.2,229.37 2 1
github.com/Tutitoos/atenea/internal/backup/backup.go:229.37,230.28 1 1
github.com/Tutitoos/atenea/internal/backup/backup.go:230.28,232.9 2 1
github.com/Tutitoos/atenea/internal/backup/backup.go:235.2,235.18 1 1
github.com/Tutitoos/atenea/internal/backup/backup.go:235.18,238.3 1 0
github.com/Tutitoos/atenea/internal/backup/backup.go:239.2,239.51 1 1
github.com/Tutitoos/atenea/internal/backup/backup.go:239.51,242.3 1 0
github.com/Tutitoos/atenea/internal/backup/backup.go:243.2,243.44 1 1
github.com/Tutitoos/atenea/internal/backup/backup.go:243.44,246.3 1 1
github.com/Tutitoos/atenea/internal/backup/backup.go:246.8,246.44 1 1
github.com/Tutitoos/atenea/internal/backup/backup.go:246.44,249.3 1 0
github.com/Tutitoos/atenea/internal/backup/backup.go:250.2,250.65 1 1
github.com/Tutitoos/atenea/internal/backup/backup.go:250.65,253.3 1 0
github.com/Tutitoos/atenea/internal/backup/backup.go:254.2,255.45 2 1
github.com/Tutitoos/atenea/internal/backup/backup.go:255.45,258.3 1 0
github.com/Tutitoos/atenea/internal/backup/backup.go:258.8,258.44 1 1
github.com/Tutitoos/atenea/internal/backup/backup.go:258.44,261.3 1 0
github.com/Tutitoos/atenea/internal/backup/backup.go:262.2,262.64 1 1
github.com/Tutitoos/atenea/internal/backup/backup.go:262.64,265.3 2 0
github.com/Tutitoos/atenea/internal/backup/backup.go:266.2,266.51 1 1
github.com/Tutitoos/atenea/internal/backup/backup.go:266.51,270.3 2 0
github.com/Tutitoos/atenea/internal/backup/backup.go:271.2,271.60 1 1
github.com/Tutitoos/atenea/internal/backup/backup.go:271.60,274.3 1 0
github.com/Tutitoos/atenea/internal/backup/backup.go:275.2,275.12 1 1
github.com/Tutitoos/atenea/internal/backup/backup.go:282.90,283.34 1 1
github.com/Tutitoos/atenea/internal/backup/backup.go:283.34,285.3 1 0
github.com/Tutitoos/atenea/internal/backup/backup.go:286.2,286.37 1 1
github.com/Tutitoos/atenea/internal/backup/backup.go:286.37,288.3 1 0
github.com/Tutitoos/atenea/internal/backup/backup.go:289.2,290.16 2 1
github.com/Tutitoos/atenea/internal/backup/backup.go:290.16,293.3 1 0
github.com/Tutitoos/atenea/internal/backup/backup.go:294.2,294.26 1 1
github.com/Tutitoos/atenea/internal/backup/backup.go:294.26,297.3 1 0
github.com/Tutitoos/atenea/internal/backup/backup.go:298.2,299.36 2 1
github.com/Tutitoos/atenea/internal/backup/backup.go:299.36,302.3 1 0
github.com/Tutitoos/atenea/internal/backup/backup.go:303.2,303.16 1 1
github.com/Tutitoos/atenea/internal/backup/backup.go:303.16,306.3 1 0
github.com/Tutitoos/atenea/internal/backup/backup.go:307.2,307.54 1 1
github.com/Tutitoos/atenea/internal/backup/backup.go:307.54,310.3 1 0
github.com/Tutitoos/atenea/internal/backup/backup.go:311.2,312.16 2 1
github.com/Tutitoos/atenea/internal/backup/backup.go:312.16,314.3 1 0
github.com/Tutitoos/atenea/internal/backup/backup.go:315.2,316.51 2 1
github.com/Tutitoos/atenea/internal/backup/backup.go:316.51,319.3 1 0
github.com/Tutitoos/atenea/internal/backup/backup.go:320.2,322.51 3 1
github.com/Tutitoos/atenea/internal/backup/backup.go:322.51,323.43 1 1
github.com/Tutitoos/atenea/internal/backup/backup.go:323.43,326.4 1 1
github.com/Tutitoos/atenea/internal/backup/backup.go:326.9,326.45 1 1
github.com/Tutitoos/atenea/internal/backup/backup.go:326.45,329.4 1 0
github.com/Tutitoos/atenea/internal/backup/backup.go:331.2,331.64 1 1
github.com/Tutitoos/atenea/internal/backup/backup.go:331.64,334.3 2 0
github.com/Tutitoos/atenea/internal/backup/backup.go:335.2,335.52 1 1
github.com/Tutitoos/atenea/internal/backup/backup.go:335.52,339.3 2 0
github.com/Tutitoos/atenea/internal/backup/backup.go:340.2,340.51 1 1
github.com/Tutitoos/atenea/internal/backup/backup.go:340.51,345.3 3 0
github.com/Tutitoos/atenea/internal/backup/backup.go:346.2,346.46 1 1
github.com/Tutitoos/atenea/internal/backup/backup.go:346.46,349.3 1 0
github.com/Tutitoos/atenea/internal/backup/backup.go:350.2,350.22 1 1
github.com/Tutitoos/atenea/internal/backup/backup.go:355.85,356.34 1 1
github.com/Tutitoos/atenea/internal/backup/backup.go:356.34,358.3 1 0
github.com/Tutitoos/atenea/internal/backup/backup.go:359.2,360.16 2 1
github.com/Tutitoos/atenea/internal/backup/backup.go:360.16,362.3 1 1
github.com/Tutitoos/atenea/internal/backup/backup.go:363.2,363.26 1 1
github.com/Tutitoos/atenea/internal/backup/backup.go:363.26,366.3 1 0
github.com/Tutitoos/atenea/internal/backup/backup.go:367.2,372.63 3 1
github.com/Tutitoos/atenea/internal/backup/backup.go:372.63,374.21 2 1
github.com/Tutitoos/atenea/internal/backup/backup.go:374.21,375.42 1 1
github.com/Tutitoos/atenea/internal/backup/backup.go:375.42,378.5 1 1
github.com/Tutitoos/atenea/internal/backup/backup.go:379.4,380.74 1 0
github.com/Tutitoos/atenea/internal/backup/backup.go:382.3,382.55 1 1
github.com/Tutitoos/atenea/internal/backup/backup.go:382.55,385.4 1 0
github.com/Tutitoos/atenea/internal/backup/backup.go:387.2,387.53 1 1
github.com/Tutitoos/atenea/internal/backup/backup.go:387.53,390.3 1 0
github.com/Tutitoos/atenea/internal/backup/backup.go:390.8,390.48 1 1
github.com/Tutitoos/atenea/internal/backup/backup.go:390.48,393.3 1 0
github.com/Tutitoos/atenea/internal/backup/backup.go:394.2,394.51 1 1
github.com/Tutitoos/atenea/internal/backup/backup.go:394.51,397.3 1 0
github.com/Tutitoos/atenea/internal/backup/backup.go:398.2,398.52 1 1
github.com/Tutitoos/atenea/internal/backup/backup.go:398.52,402.3 2 0
github.com/Tutitoos/atenea/internal/backup/backup.go:403.2,403.60 1 1
github.com/Tutitoos/atenea/internal/backup/backup.go:403.60,406.3 1 0
github.com/Tutitoos/atenea/internal/backup/backup.go:407.2,407.21 1 1
github.com/Tutitoos/atenea/internal/backup/backup.go:412.75,413.34 1 1
github.com/Tutitoos/atenea/internal/backup/backup.go:413.34,415.3 1 0
github.com/Tutitoos/atenea/internal/backup/backup.go:416.2,417.16 2 1
github.com/Tutitoos/atenea/internal/backup/backup.go:417.16,419.3 1 1
github.com/Tutitoos/atenea/internal/backup/backup.go:420.2,420.26 1 1
github.com/Tutitoos/atenea/internal/backup/backup.go:420.26,423.3 1 0
github.com/Tutitoos/atenea/internal/backup/backup.go:424.2,426.36 3 1
github.com/Tutitoos/atenea/internal/backup/backup.go:426.36,429.3 1 0
github.com/Tutitoos/atenea/internal/backup/backup.go:430.2,430.16 1 1
github.com/Tutitoos/atenea/internal/backup/backup.go:430.16,433.3 1 0
github.com/Tutitoos/atenea/internal/backup/backup.go:434.2,434.54 1 1
github.com/Tutitoos/atenea/internal/backup/backup.go:434.54,437.3 1 0
github.com/Tutitoos/atenea/internal/backup/backup.go:438.2,438.47 1 1
github.com/Tutitoos/atenea/internal/backup/backup.go:438.47,441.3 1 0
github.com/Tutitoos/atenea/internal/backup/backup.go:442.2,442.60 1 1
github.com/Tutitoos/atenea/internal/backup/backup.go:442.60,445.3 1 0
github.com/Tutitoos/atenea/internal/backup/backup.go:446.2,446.12 1 1
github.com/Tutitoos/atenea/internal/backup/backup.go:449.62,450.37 1 1
github.com/Tutitoos/atenea/internal/backup/backup.go:450.37,452.3 1 1
github.com/Tutitoos/atenea/internal/backup/backup.go:453.2,454.16 2 1
github.com/Tutitoos/atenea/internal/backup/backup.go:454.16,457.3 1 0
github.com/Tutitoos/atenea/internal/backup/backup.go:458.2,458.20 1 1
github.com/Tutitoos/atenea/internal/backup/backup.go:461.60,462.56 1 1
github.com/Tutitoos/atenea/internal/backup/backup.go:462.56,465.3 1 0
github.com/Tutitoos/atenea/internal/backup/backup.go:466.2,467.16 2 1
github.com/Tutitoos/atenea/internal/backup/backup.go:467.16,469.3 1 0
github.com/Tutitoos/atenea/internal/backup/backup.go:470.2,470.37 1 1
github.com/Tutitoos/atenea/internal/backup/backup.go:470.37,471.28 1 1
github.com/Tutitoos/atenea/internal/backup/backup.go:471.28,473.4 1 1
github.com/Tutitoos/atenea/internal/backup/backup.go:475.2,476.58 1 0
github.com/Tutitoos/atenea/internal/backup/backup.go:489.112,490.16 1 1
github.com/Tutitoos/atenea/internal/backup/backup.go:490.16,493.3 1 1
github.com/Tutitoos/atenea/internal/backup/backup.go:494.2,495.16 2 1
github.com/Tutitoos/atenea/internal/backup/backup.go:495.16,497.3 1 0
github.com/Tutitoos/atenea/internal/backup/backup.go:498.2,498.64 1 1
github.com/Tutitoos/atenea/internal/backup/backup.go:498.64,500.3 1 1
github.com/Tutitoos/atenea/internal/backup/backup.go:501.2,502.16 2 1
github.com/Tutitoos/atenea/internal/backup/backup.go:502.16,504.3 1 0
github.com/Tutitoos/atenea/internal/backup/backup.go:507.2,507.43 1 1
github.com/Tutitoos/atenea/internal/backup/backup.go:519.80,521.36 2 1
github.com/Tutitoos/atenea/internal/backup/backup.go:521.36,523.3 1 1
github.com/Tutitoos/atenea/internal/backup/backup.go:524.2,524.16 1 1
github.com/Tutitoos/atenea/internal/backup/backup.go:524.16,527.3 1 0
github.com/Tutitoos/atenea/internal/backup/backup.go:528.2,528.19 1 1
github.com/Tutitoos/atenea/internal/backup/backup.go:528.19,531.3 1 0
github.com/Tutitoos/atenea/internal/backup/backup.go:536.2,537.16 2 1
github.com/Tutitoos/atenea/internal/backup/backup.go:537.16,540.3 1 0
github.com/Tutitoos/atenea/internal/backup/backup.go:542.2,542.50 1 1
github.com/Tutitoos/atenea/internal/backup/backup.go:542.50,545.3 1 0
github.com/Tutitoos/atenea/internal/backup/backup.go:549.2,549.42 1 1
github.com/Tutitoos/atenea/internal/backup/backup.go:549.42,551.3 1 0
github.com/Tutitoos/atenea/internal/backup/backup.go:553.2,554.16 2 1
github.com/Tutitoos/atenea/internal/backup/backup.go:554.16,556.3 1 0
github.com/Tutitoos/atenea/internal/backup/backup.go:557.2,558.23 2 1
github.com/Tutitoos/atenea/internal/backup/backup.go:558.23,560.3 1 1
github.com/Tutitoos/atenea/internal/backup/backup.go:562.2,570.46 4 1
github.com/Tutitoos/atenea/internal/backup/backup.go:570.46,573.3 1 0
github.com/Tutitoos/atenea/internal/backup/backup.go:574.2,575.16 2 1
github.com/Tutitoos/atenea/internal/backup/backup.go:575.16,578.3 2 1
github.com/Tutitoos/atenea/internal/backup/backup.go:579.2,579.33 1 1
github.com/Tutitoos/atenea/internal/backup/backup.go:579.33,581.17 2 1
github.com/Tutitoos/atenea/internal/backup/backup.go:581.17,584.4 2 0
github.com/Tutitoos/atenea/internal/backup/backup.go:585.3,588.33 4 1
github.com/Tutitoos/atenea/internal/backup/backup.go:593.2,593.44 1 1
github.com/Tutitoos/atenea/internal/backup/backup.go:593.44,597.3 2 0
github.com/Tutitoos/atenea/internal/backup/backup.go:598.2,598.50 1 1
github.com/Tutitoos/atenea/internal/backup/backup.go:598.50,602.3 2 0
github.com/Tutitoos/atenea/internal/backup/backup.go:603.2,603.45 1 1
github.com/Tutitoos/atenea/internal/backup/backup.go:603.45,606.3 1 0
github.com/Tutitoos/atenea/internal/backup/backup.go:607.2,615.29 4 1
github.com/Tutitoos/atenea/internal/backup/backup.go:623.32,625.16 2 1
github.com/Tutitoos/atenea/internal/backup/backup.go:625.16,627.3 1 0
github.com/Tutitoos/atenea/internal/backup/backup.go:628.2,628.29 1 1
github.com/Tutitoos/atenea/internal/backup/backup.go:628.29,630.3 1 1
github.com/Tutitoos/atenea/internal/backup/backup.go:631.2,631.40 1 1
github.com/Tutitoos/atenea/internal/backup/backup.go:631.40,632.48 1 1
github.com/Tutitoos/atenea/internal/backup/backup.go:632.48,635.4 1 0
github.com/Tutitoos/atenea/internal/backup/backup.go:637.2,637.29 1 1
github.com/Tutitoos/atenea/internal/backup/backup.go:641.39,643.16 2 1
github.com/Tutitoos/atenea/internal/backup/backup.go:643.16,644.37 1 0
github.com/Tutitoos/atenea/internal/backup/backup.go:644.37,646.4 1 0
github.com/Tutitoos/atenea/internal/backup/backup.go:647.3,648.45 1 0
github.com/Tutitoos/atenea/internal/backup/backup.go:650.2,650.32 1 1
github.com/Tutitoos/atenea/internal/backup/backup.go:650.32,652.107 2 1
github.com/Tutitoos/atenea/internal/backup/backup.go:652.107,653.12 1 1
github.com/Tutitoos/atenea/internal/backup/backup.go:655.3,656.45 2 1
github.com/Tutitoos/atenea/internal/backup/backup.go:656.45,659.4 1 0
github.com/Tutitoos/atenea/internal/backup/backup.go:661.2,661.12 1 1
github.com/Tutitoos/atenea/internal/backup/backup.go:674.92,682.90 3 1
github.com/Tutitoos/atenea/internal/backup/backup.go:682.90,683.21 1 1
github.com/Tutitoos/atenea/internal/backup/backup.go:683.21,688.58 1 0
github.com/Tutitoos/atenea/internal/backup/backup.go:688.58,690.5 1 0
github.com/Tutitoos/atenea/internal/backup/backup.go:691.4,691.18 1 0
github.com/Tutitoos/atenea/internal/backup/backup.go:693.3,693.35 1 1
github.com/Tutitoos/atenea/internal/backup/backup.go:693.35,695.4 1 1
github.com/Tutitoos/atenea/internal/backup/backup.go:696.3,697.17 2 1
github.com/Tutitoos/atenea/internal/backup/backup.go:697.17,699.4 1 0
github.com/Tutitoos/atenea/internal/backup/backup.go:700.3,702.20 2 1
github.com/Tutitoos/atenea/internal/backup/backup.go:702.20,704.18 2 1
github.com/Tutitoos/atenea/internal/backup/backup.go:704.18,706.5 1 0
github.com/Tutitoos/atenea/internal/backup/backup.go:707.4,707.77 1 1
github.com/Tutitoos/atenea/internal/backup/backup.go:707.77,709.5 1 0
github.com/Tutitoos/atenea/internal/backup/backup.go:710.4,711.14 2 1
github.com/Tutitoos/atenea/internal/backup/backup.go:713.3,713.39 1 1
github.com/Tutitoos/atenea/internal/backup/backup.go:713.39,718.18 2 1
github.com/Tutitoos/atenea/internal/backup/backup.go:718.18,720.5 1 0
github.com/Tutitoos/atenea/internal/backup/backup.go:721.4,723.14 3 1
github.com/Tutitoos/atenea/internal/backup/backup.go:725.3,725.32 1 1
github.com/Tutitoos/atenea/internal/backup/backup.go:725.32,729.4 1 0
github.com/Tutitoos/atenea/internal/backup/backup.go:730.3,731.17 2 1
github.com/Tutitoos/atenea/internal/backup/backup.go:731.17,733.4 1 0
github.com/Tutitoos/atenea/internal/backup/backup.go:734.3,734.75 1 1
github.com/Tutitoos/atenea/internal/backup/backup.go:734.75,737.4 2 1
github.com/Tutitoos/atenea/internal/backup/backup.go:738.3,739.17 2 1
github.com/Tutitoos/atenea/internal/backup/backup.go:739.17,741.4 1 1
github.com/Tutitoos/atenea/internal/backup/backup.go:742.3,744.13 3 1
github.com/Tutitoos/atenea/internal/backup/backup.go:746.2,746.16 1 1
github.com/Tutitoos/atenea/internal/backup/backup.go:746.16,747.41 1 1
github.com/Tutitoos/atenea/internal/backup/backup.go:747.41,750.4 1 1
github.com/Tutitoos/atenea/internal/backup/backup.go:751.3,752.40 1 1
github.com/Tutitoos/atenea/internal/backup/backup.go:757.2,757.39 1 1
github.com/Tutitoos/atenea/internal/backup/backup.go:757.39,758.64 1 1
github.com/Tutitoos/atenea/internal/backup/backup.go:758.64,761.4 1 0
github.com/Tutitoos/atenea/internal/backup/backup.go:763.2,764.22 2 1
github.com/Tutitoos/atenea/internal/backup/backup.go:771.89,772.34 1 1
github.com/Tutitoos/atenea/internal/backup/backup.go:772.34,775.3 1 0
github.com/Tutitoos/atenea/internal/backup/backup.go:776.2,777.36 2 1
github.com/Tutitoos/atenea/internal/backup/backup.go:777.36,779.3 1 1
github.com/Tutitoos/atenea/internal/backup/backup.go:780.2,780.16 1 1
github.com/Tutitoos/atenea/internal/backup/backup.go:780.16,783.3 1 0
github.com/Tutitoos/atenea/internal/backup/backup.go:784.2,784.30 1 1
github.com/Tutitoos/atenea/internal/backup/backup.go:784.30,787.3 1 0
github.com/Tutitoos/atenea/internal/backup/backup.go:788.2,789.70 2 1
github.com/Tutitoos/atenea/internal/backup/backup.go:789.70,792.3 1 0
github.com/Tutitoos/atenea/internal/backup/backup.go:793.2,793.76 1 1
github.com/Tutitoos/atenea/internal/backup/backup.go:793.76,795.3 1 1
github.com/Tutitoos/atenea/internal/backup/backup.go:796.2,797.16 2 1
github.com/Tutitoos/atenea/internal/backup/backup.go:797.16,800.3 1 0
github.com/Tutitoos/atenea/internal/backup/backup.go:801.2,801.59 1 1
github.com/Tutitoos/atenea/internal/backup/backup.go:812.58,814.16 2 1
github.com/Tutitoos/atenea/internal/backup/backup.go:814.16,816.3 1 0
github.com/Tutitoos/atenea/internal/backup/backup.go:817.2,817.56 1 1
github.com/Tutitoos/atenea/internal/backup/backup.go:817.56,819.3 1 0
github.com/Tutitoos/atenea/internal/backup/backup.go:820.2,820.32 1 1
github.com/Tutitoos/atenea/internal/backup/backup.go:837.64,839.43 2 1
github.com/Tutitoos/atenea/internal/backup/backup.go:839.43,841.3 1 0
github.com/Tutitoos/atenea/internal/backup/backup.go:842.2,842.71 1 1
github.com/Tutitoos/atenea/internal/backup/backup.go:842.71,844.3 1 1
github.com/Tutitoos/atenea/internal/backup/backup.go:849.2,849.46 1 1
github.com/Tutitoos/atenea/internal/backup/backup.go:858.76,860.16 2 1
github.com/Tutitoos/atenea/internal/backup/backup.go:860.16,862.3 1 1
github.com/Tutitoos/atenea/internal/backup/backup.go:863.2,863.15 1 1
github.com/Tutitoos/atenea/internal/backup/backup.go:863.15,863.35 1 1
github.com/Tutitoos/atenea/internal/backup/backup.go:867.2,868.16 2 1
github.com/Tutitoos/atenea/internal/backup/backup.go:868.16,870.3 1 0
github.com/Tutitoos/atenea/internal/backup/backup.go:871.2,872.16 2 1
github.com/Tutitoos/atenea/internal/backup/backup.go:872.16,875.3 2 0
github.com/Tutitoos/atenea/internal/backup/backup.go:876.2,876.34 1 1
github.com/Tutitoos/atenea/internal/backup/backup.go:876.34,879.3 2 0
github.com/Tutitoos/atenea/internal/backup/backup.go:880.2,880.35 1 1
github.com/Tutitoos/atenea/internal/backup/backup.go:880.35,882.3 1 0
github.com/Tutitoos/atenea/internal/backup/backup.go:883.2,883.66 1 1
github.com/Tutitoos/atenea/internal/backup/backup.go:883.66,885.3 1 0
github.com/Tutitoos/atenea/internal/backup/backup.go:886.2,886.73 1 1
github.com/Tutitoos/atenea/internal/backup/backup.go:890.39,892.16 2 1
github.com/Tutitoos/atenea/internal/backup/backup.go:892.16,894.3 1 0
github.com/Tutitoos/atenea/internal/backup/backup.go:895.2,895.90 1 1
github.com/Tutitoos/atenea/internal/backup/sync_directory.go:10.39,12.16 2 1
github.com/Tutitoos/atenea/internal/backup/sync_directory.go:12.16,14.3 1 0
github.com/Tutitoos/atenea/internal/backup/sync_directory.go:15.2,15.15 1 1
github.com/Tutitoos/atenea/internal/backup/sync_directory.go:15.15,15.34 1 1
github.com/Tutitoos/atenea/internal/backup/sync_directory.go:16.2,16.19 1 1
github.com/Tutitoos/atenea/internal/buildinfo/buildinfo.go:34.41,34.64 1 1
github.com/Tutitoos/atenea/internal/buildinfo/buildinfo.go:40.45,42.9 2 1
github.com/Tutitoos/atenea/internal/buildinfo/buildinfo.go:42.9,44.3 1 0
github.com/Tutitoos/atenea/internal/buildinfo/buildinfo.go:45.2,45.40 1 1
github.com/Tutitoos/atenea/internal/buildinfo/buildinfo.go:45.40,46.22 1 1
github.com/Tutitoos/atenea/internal/buildinfo/buildinfo.go:47.23,48.28 1 0
github.com/Tutitoos/atenea/internal/buildinfo/buildinfo.go:49.23,50.38 1 0
github.com/Tutitoos/atenea/internal/buildinfo/buildinfo.go:53.2,53.27 1 1
github.com/Tutitoos/atenea/internal/buildinfo/buildinfo.go:60.51,61.20 1 1
github.com/Tutitoos/atenea/internal/buildinfo/buildinfo.go:61.20,63.3 1 1
github.com/Tutitoos/atenea/internal/buildinfo/buildinfo.go:64.2,69.14 6 1
github.com/Tutitoos/atenea/internal/buildinfo/buildinfo.go:69.14,71.3 1 1
github.com/Tutitoos/atenea/internal/buildinfo/buildinfo.go:72.2,72.21 1 1
github.com/Tutitoos/atenea/internal/buildinfo/buildinfo.go:78.44,80.27 2 1
github.com/Tutitoos/atenea/internal/buildinfo/buildinfo.go:80.27,82.3 1 1
github.com/Tutitoos/atenea/internal/buildinfo/buildinfo.go:83.2,83.17 1 1
github.com/Tutitoos/atenea/internal/checkpoint/candidates.go:16.28,19.31 3 1
github.com/Tutitoos/atenea/internal/checkpoint/candidates.go:19.31,20.49 1 1
github.com/Tutitoos/atenea/internal/checkpoint/candidates.go:20.49,21.12 1 1
github.com/Tutitoos/atenea/internal/checkpoint/candidates.go:23.3,23.35 1 1
github.com/Tutitoos/atenea/internal/checkpoint/candidates.go:23.35,24.12 1 0
github.com/Tutitoos/atenea/internal/checkpoint/candidates.go:26.3,27.27 2 1
github.com/Tutitoos/atenea/internal/checkpoint/candidates.go:29.2,29.11 1 1
github.com/Tutitoos/atenea/internal/checkpoint/candidates.go:44.39,45.28 1 1
github.com/Tutitoos/atenea/internal/checkpoint/candidates.go:45.28,47.3 1 1
github.com/Tutitoos/atenea/internal/checkpoint/candidates.go:53.2,53.23 1 1
github.com/Tutitoos/atenea/internal/checkpoint/candidates.go:53.23,54.22 1 1
github.com/Tutitoos/atenea/internal/checkpoint/candidates.go:54.22,56.4 1 1
github.com/Tutitoos/atenea/internal/checkpoint/candidates.go:57.3,57.32 1 1
github.com/Tutitoos/atenea/internal/checkpoint/candidates.go:59.2,59.24 1 1
github.com/Tutitoos/atenea/internal/checkpoint/candidates.go:59.24,61.17 2 1
github.com/Tutitoos/atenea/internal/checkpoint/candidates.go:61.17,63.4 1 0
github.com/Tutitoos/atenea/internal/checkpoint/candidates.go:64.3,65.30 2 1
github.com/Tutitoos/atenea/internal/checkpoint/candidates.go:65.30,67.4 1 1
github.com/Tutitoos/atenea/internal/checkpoint/candidates.go:68.3,68.16 1 1
github.com/Tutitoos/atenea/internal/checkpoint/candidates.go:70.2,71.36 2 1
github.com/Tutitoos/atenea/internal/checkpoint/candidates.go:71.36,72.26 1 1
github.com/Tutitoos/atenea/internal/checkpoint/candidates.go:72.26,74.9 2 1
github.com/Tutitoos/atenea/internal/checkpoint/candidates.go:77.2,77.14 1 1
github.com/Tutitoos/atenea/internal/checkpoint/candidates.go:77.14,79.3 1 1
github.com/Tutitoos/atenea/internal/checkpoint/candidates.go:80.2,81.16 2 1
github.com/Tutitoos/atenea/internal/checkpoint/candidates.go:81.16,83.3 1 0
github.com/Tutitoos/atenea/internal/checkpoint/candidates.go:84.2,85.29 2 1
github.com/Tutitoos/atenea/internal/checkpoint/candidates.go:85.29,87.3 1 1
github.com/Tutitoos/atenea/internal/checkpoint/candidates.go:88.2,88.15 1 1
github.com/Tutitoos/atenea/internal/checkpoint/candidates.go:105.51,107.16 2 1
github.com/Tutitoos/atenea/internal/checkpoint/candidates.go:107.16,109.3 1 0
github.com/Tutitoos/atenea/internal/checkpoint/candidates.go:110.2,111.25 2 1
github.com/Tutitoos/atenea/internal/checkpoint/candidates.go:111.25,113.21 2 1
github.com/Tutitoos/atenea/internal/checkpoint/candidates.go:113.21,114.12 1 1
github.com/Tutitoos/atenea/internal/checkpoint/candidates.go:116.3,117.38 2 1
github.com/Tutitoos/atenea/internal/checkpoint/candidates.go:117.38,118.12 1 1
github.com/Tutitoos/atenea/internal/checkpoint/candidates.go:120.3,127.5 1 1
github.com/Tutitoos/atenea/internal/checkpoint/candidates.go:129.2,129.17 1 1
github.com/Tutitoos/atenea/internal/checkpoint/checkpoint.go:188.26,188.79 1 1
github.com/Tutitoos/atenea/internal/checkpoint/checkpoint.go:194.34,196.48 2 1
github.com/Tutitoos/atenea/internal/checkpoint/checkpoint.go:196.48,199.3 1 0
github.com/Tutitoos/atenea/internal/checkpoint/checkpoint.go:200.2,200.82 1 1
github.com/Tutitoos/atenea/internal/checkpoint/checkpoint.go:215.38,217.2 1 1
github.com/Tutitoos/atenea/internal/checkpoint/checkpoint.go:220.30,220.46 1 0
github.com/Tutitoos/atenea/internal/checkpoint/checkpoint.go:223.32,223.54 1 1
github.com/Tutitoos/atenea/internal/checkpoint/checkpoint.go:230.37,231.18 1 1
github.com/Tutitoos/atenea/internal/checkpoint/checkpoint.go:231.18,233.3 1 1
github.com/Tutitoos/atenea/internal/checkpoint/checkpoint.go:234.2,234.32 1 1
github.com/Tutitoos/atenea/internal/checkpoint/checkpoint.go:234.32,236.3 1 1
github.com/Tutitoos/atenea/internal/checkpoint/checkpoint.go:237.2,239.16 3 1
github.com/Tutitoos/atenea/internal/checkpoint/checkpoint.go:239.16,241.3 1 0
github.com/Tutitoos/atenea/internal/checkpoint/checkpoint.go:242.2,247.50 4 1
github.com/Tutitoos/atenea/internal/checkpoint/checkpoint.go:247.50,249.3 1 1
github.com/Tutitoos/atenea/internal/checkpoint/checkpoint.go:250.2,252.16 3 1
github.com/Tutitoos/atenea/internal/checkpoint/checkpoint.go:252.16,254.3 1 0
github.com/Tutitoos/atenea/internal/checkpoint/checkpoint.go:255.2,260.15 3 1
github.com/Tutitoos/atenea/internal/checkpoint/checkpoint.go:260.15,261.15 1 1
github.com/Tutitoos/atenea/internal/checkpoint/checkpoint.go:261.15,263.4 1 0
github.com/Tutitoos/atenea/internal/checkpoint/checkpoint.go:266.2,266.44 1 1
github.com/Tutitoos/atenea/internal/checkpoint/checkpoint.go:266.44,269.3 2 0
github.com/Tutitoos/atenea/internal/checkpoint/checkpoint.go:270.2,270.36 1 1
github.com/Tutitoos/atenea/internal/checkpoint/checkpoint.go:270.36,273.3 2 0
github.com/Tutitoos/atenea/internal/checkpoint/checkpoint.go:274.2,274.37 1 1
github.com/Tutitoos/atenea/internal/checkpoint/checkpoint.go:274.37,276.3 1 0
github.com/Tutitoos/atenea/internal/checkpoint/checkpoint.go:277.2,277.47 1 1
github.com/Tutitoos/atenea/internal/checkpoint/checkpoint.go:277.47,279.3 1 0
github.com/Tutitoos/atenea/internal/checkpoint/checkpoint.go:280.2,280.45 1 1
github.com/Tutitoos/atenea/internal/checkpoint/checkpoint.go:280.45,282.3 1 0
github.com/Tutitoos/atenea/internal/checkpoint/checkpoint.go:283.2,284.12 2 1
github.com/Tutitoos/atenea/internal/checkpoint/checkpoint.go:290.32,292.27 2 1
github.com/Tutitoos/atenea/internal/checkpoint/checkpoint.go:292.27,296.37 4 1
github.com/Tutitoos/atenea/internal/checkpoint/checkpoint.go:296.37,299.33 3 0
github.com/Tutitoos/atenea/internal/checkpoint/checkpoint.go:299.33,301.5 1 0
github.com/Tutitoos/atenea/internal/checkpoint/checkpoint.go:304.2,304.12 1 1
github.com/Tutitoos/atenea/internal/checkpoint/checkpoint.go:316.63,317.36 1 1
github.com/Tutitoos/atenea/internal/checkpoint/checkpoint.go:317.36,320.3 1 1
github.com/Tutitoos/atenea/internal/checkpoint/checkpoint.go:321.2,321.73 1 1
github.com/Tutitoos/atenea/internal/checkpoint/checkpoint.go:325.46,326.18 1 1
github.com/Tutitoos/atenea/internal/checkpoint/checkpoint.go:326.18,328.3 1 1
github.com/Tutitoos/atenea/internal/checkpoint/checkpoint.go:329.2,329.28 1 1
github.com/Tutitoos/atenea/internal/checkpoint/checkpoint.go:329.28,331.3 1 1
github.com/Tutitoos/atenea/internal/checkpoint/checkpoint.go:332.2,333.16 2 1
github.com/Tutitoos/atenea/internal/checkpoint/checkpoint.go:333.16,341.37 1 1
github.com/Tutitoos/atenea/internal/checkpoint/checkpoint.go:341.37,343.52 2 1
github.com/Tutitoos/atenea/internal/checkpoint/checkpoint.go:343.52,347.5 1 1
github.com/Tutitoos/atenea/internal/checkpoint/checkpoint.go:349.3,349.79 1 1
github.com/Tutitoos/atenea/internal/checkpoint/checkpoint.go:351.2,352.50 2 1
github.com/Tutitoos/atenea/internal/checkpoint/checkpoint.go:352.50,364.3 1 1
github.com/Tutitoos/atenea/internal/checkpoint/checkpoint.go:365.2,365.17 1 1
github.com/Tutitoos/atenea/internal/checkpoint/checkpoint.go:369.42,370.18 1 1
github.com/Tutitoos/atenea/internal/checkpoint/checkpoint.go:370.18,372.3 1 1
github.com/Tutitoos/atenea/internal/checkpoint/checkpoint.go:373.2,374.16 2 1
github.com/Tutitoos/atenea/internal/checkpoint/checkpoint.go:374.16,376.3 1 0
github.com/Tutitoos/atenea/internal/checkpoint/checkpoint.go:377.2,378.32 2 1
github.com/Tutitoos/atenea/internal/checkpoint/checkpoint.go:378.32,380.53 2 1
github.com/Tutitoos/atenea/internal/checkpoint/checkpoint.go:380.53,381.12 1 1
github.com/Tutitoos/atenea/internal/checkpoint/checkpoint.go:383.3,383.51 1 1
github.com/Tutitoos/atenea/internal/checkpoint/checkpoint.go:385.2,385.17 1 1
github.com/Tutitoos/atenea/internal/checkpoint/lock.go:23.61,24.18 1 1
github.com/Tutitoos/atenea/internal/checkpoint/lock.go:24.18,25.17 1 1
github.com/Tutitoos/atenea/internal/checkpoint/lock.go:25.18,25.19 0 1
github.com/Tutitoos/atenea/internal/checkpoint/lock.go:27.2,27.28 1 1
github.com/Tutitoos/atenea/internal/checkpoint/lock.go:27.28,29.3 1 1
github.com/Tutitoos/atenea/internal/checkpoint/lock.go:30.2,31.9 2 1
github.com/Tutitoos/atenea/internal/checkpoint/lock.go:32.39,34.52 1 1
github.com/Tutitoos/atenea/internal/checkpoint/lock.go:35.18,36.91 1 0
github.com/Tutitoos/atenea/internal/checkpoint/lock.go:38.2,38.21 1 1
github.com/Tutitoos/atenea/internal/checkpoint/recover.go:36.45,38.18 2 1
github.com/Tutitoos/atenea/internal/checkpoint/recover.go:38.18,40.3 1 1
github.com/Tutitoos/atenea/internal/checkpoint/recover.go:44.2,48.16 4 1
github.com/Tutitoos/atenea/internal/checkpoint/recover.go:48.16,49.37 1 1
github.com/Tutitoos/atenea/internal/checkpoint/recover.go:49.37,54.4 1 1
github.com/Tutitoos/atenea/internal/checkpoint/recover.go:55.3,56.46 1 0
github.com/Tutitoos/atenea/internal/checkpoint/recover.go:59.2,59.32 1 1
github.com/Tutitoos/atenea/internal/checkpoint/recover.go:59.32,61.20 2 1
github.com/Tutitoos/atenea/internal/checkpoint/recover.go:61.20,62.12 1 0
github.com/Tutitoos/atenea/internal/checkpoint/recover.go:64.3,64.29 1 1
github.com/Tutitoos/atenea/internal/checkpoint/recover.go:65.15,68.64 1 1
github.com/Tutitoos/atenea/internal/checkpoint/recover.go:68.64,71.5 1 0
github.com/Tutitoos/atenea/internal/checkpoint/recover.go:72.4,73.39 2 1
github.com/Tutitoos/atenea/internal/checkpoint/recover.go:74.16,75.41 1 1
github.com/Tutitoos/atenea/internal/checkpoint/recover.go:75.41,76.13 1 1
github.com/Tutitoos/atenea/internal/checkpoint/recover.go:83.4,84.93 2 1
github.com/Tutitoos/atenea/internal/checkpoint/recover.go:84.93,86.5 1 0
github.com/Tutitoos/atenea/internal/checkpoint/recover.go:87.4,90.40 2 1
github.com/Tutitoos/atenea/internal/checkpoint/recover.go:93.2,93.17 1 1
github.com/Tutitoos/atenea/internal/checkpoint/recover.go:103.30,105.16 2 1
github.com/Tutitoos/atenea/internal/checkpoint/recover.go:105.16,107.3 1 0
github.com/Tutitoos/atenea/internal/checkpoint/recover.go:108.2,109.50 2 1
github.com/Tutitoos/atenea/internal/checkpoint/recover.go:109.50,111.3 1 1
github.com/Tutitoos/atenea/internal/checkpoint/recover.go:112.2,112.21 1 1
github.com/Tutitoos/atenea/internal/checkpoint/sync_directory.go:9.39,11.16 2 1
github.com/Tutitoos/atenea/internal/checkpoint/sync_directory.go:11.16,13.3 1 0
github.com/Tutitoos/atenea/internal/checkpoint/sync_directory.go:14.2,14.15 1 1
github.com/Tutitoos/atenea/internal/checkpoint/sync_directory.go:14.15,14.34 1 1
github.com/Tutitoos/atenea/internal/checkpoint/sync_directory.go:15.2,15.19 1 1
github.com/Tutitoos/atenea/internal/clientconfig/clientconfig.go:103.38,105.33 2 1
github.com/Tutitoos/atenea/internal/clientconfig/clientconfig.go:105.33,106.29 1 1
github.com/Tutitoos/atenea/internal/clientconfig/clientconfig.go:106.29,108.4 1 1
github.com/Tutitoos/atenea/internal/clientconfig/clientconfig.go:110.2,110.12 1 1
github.com/Tutitoos/atenea/internal/clientconfig/clientconfig.go:114.37,116.33 2 1
github.com/Tutitoos/atenea/internal/clientconfig/clientconfig.go:116.33,117.28 1 1
github.com/Tutitoos/atenea/internal/clientconfig/clientconfig.go:117.28,119.4 1 1
github.com/Tutitoos/atenea/internal/clientconfig/clientconfig.go:121.2,121.12 1 1
github.com/Tutitoos/atenea/internal/clientconfig/clientconfig.go:125.31,125.85 1 1
github.com/Tutitoos/atenea/internal/clientconfig/clientconfig.go:133.39,135.2 1 1
github.com/Tutitoos/atenea/internal/clientconfig/clientconfig.go:139.29,141.37 2 1
github.com/Tutitoos/atenea/internal/clientconfig/clientconfig.go:141.37,143.3 1 1
github.com/Tutitoos/atenea/internal/clientconfig/clientconfig.go:144.2,144.18 1 1
github.com/Tutitoos/atenea/internal/clientconfig/clientconfig.go:151.41,152.16 1 1
github.com/Tutitoos/atenea/internal/clientconfig/clientconfig.go:152.16,155.3 1 0
github.com/Tutitoos/atenea/internal/clientconfig/clientconfig.go:156.2,172.47 10 1
github.com/Tutitoos/atenea/internal/clientconfig/clientconfig.go:172.47,173.51 1 1
github.com/Tutitoos/atenea/internal/clientconfig/clientconfig.go:173.51,175.4 1 1
github.com/Tutitoos/atenea/internal/clientconfig/clientconfig.go:176.3,176.53 1 1
github.com/Tutitoos/atenea/internal/clientconfig/clientconfig.go:178.2,178.17 1 1
github.com/Tutitoos/atenea/internal/clientconfig/clientconfig.go:183.50,185.16 2 1
github.com/Tutitoos/atenea/internal/clientconfig/clientconfig.go:185.16,186.37 1 1
github.com/Tutitoos/atenea/internal/clientconfig/clientconfig.go:186.37,188.4 1 1
github.com/Tutitoos/atenea/internal/clientconfig/clientconfig.go:189.3,189.25 1 0
github.com/Tutitoos/atenea/internal/clientconfig/clientconfig.go:191.2,191.15 1 1
github.com/Tutitoos/atenea/internal/clientconfig/clientconfig.go:191.15,191.32 1 1
github.com/Tutitoos/atenea/internal/clientconfig/clientconfig.go:193.2,194.16 2 1
github.com/Tutitoos/atenea/internal/clientconfig/clientconfig.go:194.16,196.3 1 0
github.com/Tutitoos/atenea/internal/clientconfig/clientconfig.go:197.2,197.24 1 1
github.com/Tutitoos/atenea/internal/clientconfig/clientconfig.go:197.24,199.3 1 1
github.com/Tutitoos/atenea/internal/clientconfig/clientconfig.go:200.2,200.23 1 1
github.com/Tutitoos/atenea/internal/clientconfig/clientconfig.go:215.76,216.72 1 1
github.com/Tutitoos/atenea/internal/clientconfig/clientconfig.go:216.72,219.17 3 1
github.com/Tutitoos/atenea/internal/clientconfig/clientconfig.go:219.17,221.12 2 0
github.com/Tutitoos/atenea/internal/clientconfig/clientconfig.go:223.3,223.13 1 1
github.com/Tutitoos/atenea/internal/clientconfig/clientconfig.go:223.13,224.12 1 1
github.com/Tutitoos/atenea/internal/clientconfig/clientconfig.go:226.3,227.56 2 1
github.com/Tutitoos/atenea/internal/clientconfig/clientconfig.go:227.56,229.12 2 0
github.com/Tutitoos/atenea/internal/clientconfig/clientconfig.go:231.3,233.52 3 1
github.com/Tutitoos/atenea/internal/clientconfig/clientconfig.go:235.2,235.26 1 1
github.com/Tutitoos/atenea/internal/clientconfig/clientconfig.go:256.44,257.52 1 1
github.com/Tutitoos/atenea/internal/clientconfig/clientconfig.go:258.24,259.24 1 1
github.com/Tutitoos/atenea/internal/clientconfig/clientconfig.go:260.31,261.25 1 1
github.com/Tutitoos/atenea/internal/clientconfig/clientconfig.go:263.2,263.17 1 0
github.com/Tutitoos/atenea/internal/clientconfig/clientconfig.go:263.17,265.3 1 0
github.com/Tutitoos/atenea/internal/clientconfig/clientconfig.go:266.2,266.25 1 0
github.com/Tutitoos/atenea/internal/clientconfig/clientconfig.go:269.79,272.16 3 1
github.com/Tutitoos/atenea/internal/clientconfig/clientconfig.go:272.16,275.3 2 1
github.com/Tutitoos/atenea/internal/clientconfig/clientconfig.go:276.2,276.12 1 1
github.com/Tutitoos/atenea/internal/clientconfig/clientconfig.go:276.12,278.3 1 1
github.com/Tutitoos/atenea/internal/clientconfig/clientconfig.go:279.2,280.53 2 1
github.com/Tutitoos/atenea/internal/clientconfig/clientconfig.go:280.53,283.3 2 1
github.com/Tutitoos/atenea/internal/clientconfig/clientconfig.go:284.2,285.41 2 1
github.com/Tutitoos/atenea/internal/clientconfig/clientconfig.go:285.41,290.58 2 1
github.com/Tutitoos/atenea/internal/clientconfig/clientconfig.go:290.58,292.4 1 1
github.com/Tutitoos/atenea/internal/clientconfig/clientconfig.go:293.3,299.5 1 1
github.com/Tutitoos/atenea/internal/clientconfig/clientconfig.go:314.53,317.66 1 1
github.com/Tutitoos/atenea/internal/clientconfig/clientconfig.go:317.66,319.17 2 1
github.com/Tutitoos/atenea/internal/clientconfig/clientconfig.go:319.17,321.12 2 0
github.com/Tutitoos/atenea/internal/clientconfig/clientconfig.go:323.3,323.13 1 1
github.com/Tutitoos/atenea/internal/clientconfig/clientconfig.go:323.13,324.12 1 1
github.com/Tutitoos/atenea/internal/clientconfig/clientconfig.go:326.3,327.69 2 1
github.com/Tutitoos/atenea/internal/clientconfig/clientconfig.go:327.69,329.12 2 0
github.com/Tutitoos/atenea/internal/clientconfig/clientconfig.go:331.3,332.40 2 1
github.com/Tutitoos/atenea/internal/clientconfig/clientconfig.go:332.40,341.4 2 1
github.com/Tutitoos/atenea/internal/clientconfig/clientconfig.go:348.39,351.32 3 1
github.com/Tutitoos/atenea/internal/clientconfig/clientconfig.go:351.32,353.10 2 1
github.com/Tutitoos/atenea/internal/clientconfig/clientconfig.go:354.16,355.19 1 0
github.com/Tutitoos/atenea/internal/clientconfig/clientconfig.go:356.30,357.18 1 0
github.com/Tutitoos/atenea/internal/clientconfig/clientconfig.go:358.17,359.24 1 1
github.com/Tutitoos/atenea/internal/clientconfig/clientconfig.go:360.67,361.39 1 1
github.com/Tutitoos/atenea/internal/clientconfig/clientconfig.go:361.39,363.5 1 1
github.com/Tutitoos/atenea/internal/clientconfig/clientconfig.go:364.4,364.20 1 1
github.com/Tutitoos/atenea/internal/clientconfig/clientconfig.go:364.20,366.5 1 1
github.com/Tutitoos/atenea/internal/clientconfig/clientconfig.go:367.4,367.12 1 1
github.com/Tutitoos/atenea/internal/clientconfig/clientconfig.go:369.3,369.23 1 1
github.com/Tutitoos/atenea/internal/clientconfig/clientconfig.go:371.2,371.12 1 1
github.com/Tutitoos/atenea/internal/clientconfig/clientconfig.go:377.49,379.16 2 1
github.com/Tutitoos/atenea/internal/clientconfig/clientconfig.go:379.16,380.38 1 1
github.com/Tutitoos/atenea/internal/clientconfig/clientconfig.go:380.38,382.4 1 0
github.com/Tutitoos/atenea/internal/clientconfig/clientconfig.go:383.3,383.9 1 1
github.com/Tutitoos/atenea/internal/clientconfig/clientconfig.go:385.2,385.32 1 1
github.com/Tutitoos/atenea/internal/clientconfig/clientconfig.go:385.32,386.21 1 1
github.com/Tutitoos/atenea/internal/clientconfig/clientconfig.go:386.21,387.12 1 0
github.com/Tutitoos/atenea/internal/clientconfig/clientconfig.go:389.3,391.17 3 1
github.com/Tutitoos/atenea/internal/clientconfig/clientconfig.go:391.17,393.12 2 0
github.com/Tutitoos/atenea/internal/clientconfig/clientconfig.go:395.3,395.13 1 1
github.com/Tutitoos/atenea/internal/clientconfig/clientconfig.go:395.13,396.12 1 0
github.com/Tutitoos/atenea/internal/clientconfig/clientconfig.go:398.3,405.5 2 1
github.com/Tutitoos/atenea/internal/clientconfig/clientconfig.go:412.48,414.37 2 1
github.com/Tutitoos/atenea/internal/clientconfig/clientconfig.go:414.37,416.3 1 0
github.com/Tutitoos/atenea/internal/clientconfig/clientconfig.go:417.2,418.13 2 1
github.com/Tutitoos/atenea/internal/clientconfig/clientconfig.go:418.13,420.3 1 0
github.com/Tutitoos/atenea/internal/clientconfig/clientconfig.go:421.2,423.58 3 1
github.com/Tutitoos/atenea/internal/clientconfig/clientconfig.go:423.58,425.10 2 1
github.com/Tutitoos/atenea/internal/clientconfig/clientconfig.go:426.51,431.85 3 1
github.com/Tutitoos/atenea/internal/clientconfig/clientconfig.go:431.85,433.5 1 0
github.com/Tutitoos/atenea/internal/clientconfig/clientconfig.go:434.22,436.90 1 1
github.com/Tutitoos/atenea/internal/clientconfig/clientconfig.go:436.90,438.13 2 0
github.com/Tutitoos/atenea/internal/clientconfig/clientconfig.go:440.4,440.42 1 1
github.com/Tutitoos/atenea/internal/clientconfig/clientconfig.go:443.2,443.37 1 1
github.com/Tutitoos/atenea/internal/clientconfig/translate.go:78.37,80.34 2 1
github.com/Tutitoos/atenea/internal/clientconfig/translate.go:80.34,81.33 1 1
github.com/Tutitoos/atenea/internal/clientconfig/translate.go:81.33,83.4 1 1
github.com/Tutitoos/atenea/internal/clientconfig/translate.go:85.2,85.12 1 1
github.com/Tutitoos/atenea/internal/clientconfig/translate.go:107.57,111.47 3 1
github.com/Tutitoos/atenea/internal/clientconfig/translate.go:111.47,114.3 2 1
github.com/Tutitoos/atenea/internal/clientconfig/translate.go:115.2,116.37 2 1
github.com/Tutitoos/atenea/internal/clientconfig/translate.go:116.37,118.3 1 1
github.com/Tutitoos/atenea/internal/clientconfig/translate.go:122.2,123.43 2 1
github.com/Tutitoos/atenea/internal/clientconfig/translate.go:123.43,126.12 3 1
github.com/Tutitoos/atenea/internal/clientconfig/translate.go:126.12,131.12 5 1
github.com/Tutitoos/atenea/internal/clientconfig/translate.go:133.3,133.41 1 1
github.com/Tutitoos/atenea/internal/clientconfig/translate.go:135.2,135.49 1 1
github.com/Tutitoos/atenea/internal/clientconfig/translate.go:135.49,137.39 2 1
github.com/Tutitoos/atenea/internal/clientconfig/translate.go:137.39,139.4 1 1
github.com/Tutitoos/atenea/internal/clientconfig/translate.go:140.3,140.41 1 1
github.com/Tutitoos/atenea/internal/clientconfig/translate.go:142.2,142.15 1 1
github.com/Tutitoos/atenea/internal/clientconfig/translate.go:150.43,151.53 1 1
github.com/Tutitoos/atenea/internal/clientconfig/translate.go:151.53,154.3 2 1
github.com/Tutitoos/atenea/internal/clientconfig/translate.go:155.2,155.47 1 1
github.com/Tutitoos/atenea/internal/clientconfig/translate.go:155.47,158.3 2 1
github.com/Tutitoos/atenea/internal/clientconfig/translate.go:159.2,159.78 1 1
github.com/Tutitoos/atenea/internal/clientconfig/translate.go:159.78,162.3 1 1
github.com/Tutitoos/atenea/internal/clientconfig/translate.go:165.118,168.31 2 1
github.com/Tutitoos/atenea/internal/clientconfig/translate.go:168.31,172.3 3 1
github.com/Tutitoos/atenea/internal/clientconfig/translate.go:174.2,176.46 2 1
github.com/Tutitoos/atenea/internal/clientconfig/translate.go:176.46,179.30 3 1
github.com/Tutitoos/atenea/internal/clientconfig/translate.go:179.30,182.4 2 1
github.com/Tutitoos/atenea/internal/clientconfig/translate.go:183.3,186.23 4 1
github.com/Tutitoos/atenea/internal/clientconfig/translate.go:186.23,188.4 1 1
github.com/Tutitoos/atenea/internal/clientconfig/translate.go:189.3,189.15 1 1
github.com/Tutitoos/atenea/internal/clientconfig/translate.go:192.2,192.32 1 1
github.com/Tutitoos/atenea/internal/clientconfig/translate.go:192.32,197.3 4 1
github.com/Tutitoos/atenea/internal/clientconfig/translate.go:199.2,200.14 2 1
github.com/Tutitoos/atenea/internal/clientconfig/translate.go:211.36,218.2 6 1
github.com/Tutitoos/atenea/internal/clock/clock.go:64.39,71.27 3 1
github.com/Tutitoos/atenea/internal/clock/clock.go:71.27,72.10 1 1
github.com/Tutitoos/atenea/internal/clock/clock.go:73.23,74.54 1 1
github.com/Tutitoos/atenea/internal/clock/clock.go:75.23,76.72 1 1
github.com/Tutitoos/atenea/internal/clock/clock.go:77.23,78.88 1 1
github.com/Tutitoos/atenea/internal/clock/clock.go:80.3,80.43 1 1
github.com/Tutitoos/atenea/internal/clock/clock.go:80.43,82.4 1 1
github.com/Tutitoos/atenea/internal/clock/clock.go:83.3,92.24 3 1
github.com/Tutitoos/atenea/internal/clock/clock.go:94.2,94.15 1 1
github.com/Tutitoos/atenea/internal/clock/clock.go:100.44,102.29 2 1
github.com/Tutitoos/atenea/internal/clock/clock.go:102.29,103.44 1 1
github.com/Tutitoos/atenea/internal/clock/clock.go:103.44,105.4 1 1
github.com/Tutitoos/atenea/internal/clock/clock.go:107.2,107.17 1 1
github.com/Tutitoos/atenea/internal/clock/clock.go:112.44,114.35 2 1
github.com/Tutitoos/atenea/internal/clock/clock.go:114.35,117.3 2 1
github.com/Tutitoos/atenea/internal/clock/clock.go:118.2,124.28 6 1
github.com/Tutitoos/atenea/internal/clock/clock.go:127.69,131.6 4 1
github.com/Tutitoos/atenea/internal/clock/clock.go:131.6,132.10 1 1
github.com/Tutitoos/atenea/internal/clock/clock.go:133.21,134.10 1 0
github.com/Tutitoos/atenea/internal/clock/clock.go:135.15,136.10 1 1
github.com/Tutitoos/atenea/internal/clock/clock.go:137.26,138.21 1 1
github.com/Tutitoos/atenea/internal/clock/clock.go:146.59,147.29 1 1
github.com/Tutitoos/atenea/internal/clock/clock.go:147.29,148.10 1 1
github.com/Tutitoos/atenea/internal/clock/clock.go:149.21,150.10 1 0
github.com/Tutitoos/atenea/internal/clock/clock.go:151.11,151.11 0 1
github.com/Tutitoos/atenea/internal/clock/clock.go:153.3,156.22 4 1
github.com/Tutitoos/atenea/internal/clock/clock.go:156.22,157.12 1 1
github.com/Tutitoos/atenea/internal/clock/clock.go:159.3,159.24 1 1
github.com/Tutitoos/atenea/internal/clock/clock.go:159.24,161.4 1 1
github.com/Tutitoos/atenea/internal/clock/clock.go:165.3,166.18 2 1
github.com/Tutitoos/atenea/internal/clock/clock.go:177.60,179.24 2 1
github.com/Tutitoos/atenea/internal/clock/clock.go:179.24,180.29 1 1
github.com/Tutitoos/atenea/internal/clock/clock.go:180.29,182.9 2 1
github.com/Tutitoos/atenea/internal/clock/clock.go:185.2,185.18 1 1
github.com/Tutitoos/atenea/internal/clock/clock.go:185.18,187.3 1 1
github.com/Tutitoos/atenea/internal/clock/clock.go:188.2,190.31 3 1
github.com/Tutitoos/atenea/internal/clock/clock.go:194.61,208.2 10 1
github.com/Tutitoos/atenea/internal/clock/clock.go:215.24,217.16 2 1
github.com/Tutitoos/atenea/internal/clock/clock.go:217.16,220.3 2 1
github.com/Tutitoos/atenea/internal/clock/clock.go:221.2,230.17 8 1
github.com/Tutitoos/atenea/internal/clock/clock.go:234.34,238.29 4 1
github.com/Tutitoos/atenea/internal/clock/clock.go:238.29,240.3 1 1
github.com/Tutitoos/atenea/internal/clock/clock.go:241.2,241.12 1 1
github.com/Tutitoos/atenea/internal/config/agent.go:87.41,87.90 1 1
github.com/Tutitoos/atenea/internal/config/agent.go:104.31,105.34 1 1
github.com/Tutitoos/atenea/internal/config/agent.go:105.34,107.3 1 1
github.com/Tutitoos/atenea/internal/config/agent.go:108.2,108.45 1 0
github.com/Tutitoos/atenea/internal/config/agent.go:113.40,114.30 1 1
github.com/Tutitoos/atenea/internal/config/agent.go:115.19,116.24 1 1
github.com/Tutitoos/atenea/internal/config/agent.go:117.16,118.25 1 1
github.com/Tutitoos/atenea/internal/config/agent.go:120.2,121.41 1 0
github.com/Tutitoos/atenea/internal/config/agent.go:125.50,126.49 1 1
github.com/Tutitoos/atenea/internal/config/agent.go:126.49,129.3 1 1
github.com/Tutitoos/atenea/internal/config/agent.go:130.2,130.42 1 1
github.com/Tutitoos/atenea/internal/config/agent.go:130.42,132.3 1 0
github.com/Tutitoos/atenea/internal/config/agent.go:133.2,133.40 1 1
github.com/Tutitoos/atenea/internal/config/agent.go:133.40,135.3 1 0
github.com/Tutitoos/atenea/internal/config/agent.go:136.2,136.25 1 1
github.com/Tutitoos/atenea/internal/config/agent.go:136.25,138.3 1 1
github.com/Tutitoos/atenea/internal/config/agent.go:139.2,139.34 1 1
github.com/Tutitoos/atenea/internal/config/agent.go:139.34,140.43 1 1
github.com/Tutitoos/atenea/internal/config/agent.go:140.43,142.4 1 0
github.com/Tutitoos/atenea/internal/config/agent.go:144.2,144.25 1 1
github.com/Tutitoos/atenea/internal/config/agent.go:144.25,146.3 1 0
github.com/Tutitoos/atenea/internal/config/agent.go:147.2,147.44 1 1
github.com/Tutitoos/atenea/internal/config/agent.go:147.44,150.3 1 0
github.com/Tutitoos/atenea/internal/config/agent.go:151.2,151.12 1 1
github.com/Tutitoos/atenea/internal/config/agent.go:160.65,161.33 1 1
github.com/Tutitoos/atenea/internal/config/agent.go:161.33,162.30 1 1
github.com/Tutitoos/atenea/internal/config/agent.go:162.30,164.4 1 1
github.com/Tutitoos/atenea/internal/config/agent.go:166.2,167.33 2 1
github.com/Tutitoos/atenea/internal/config/agent.go:167.33,169.3 1 1
github.com/Tutitoos/atenea/internal/config/agent.go:170.2,170.24 1 1
github.com/Tutitoos/atenea/internal/config/agent.go:170.24,173.3 1 0
github.com/Tutitoos/atenea/internal/config/agent.go:174.2,175.75 1 1
github.com/Tutitoos/atenea/internal/config/agent.go:195.60,196.62 1 1
github.com/Tutitoos/atenea/internal/config/agent.go:196.62,199.3 1 0
github.com/Tutitoos/atenea/internal/config/agent.go:200.2,201.16 2 1
github.com/Tutitoos/atenea/internal/config/agent.go:201.16,203.3 1 0
github.com/Tutitoos/atenea/internal/config/agent.go:204.2,216.51 2 1
github.com/Tutitoos/atenea/internal/config/agent.go:216.51,218.3 1 0
github.com/Tutitoos/atenea/internal/config/agent.go:219.2,219.62 1 1
github.com/Tutitoos/atenea/internal/config/agent.go:219.62,221.3 1 0
github.com/Tutitoos/atenea/internal/config/agent.go:222.2,222.33 1 1
github.com/Tutitoos/atenea/internal/config/agent.go:222.33,224.17 2 1
github.com/Tutitoos/atenea/internal/config/agent.go:224.17,226.4 1 0
github.com/Tutitoos/atenea/internal/config/agent.go:227.3,227.43 1 1
github.com/Tutitoos/atenea/internal/config/agent.go:229.2,229.33 1 1
github.com/Tutitoos/atenea/internal/config/agent.go:229.33,231.17 2 1
github.com/Tutitoos/atenea/internal/config/agent.go:231.17,233.4 1 0
github.com/Tutitoos/atenea/internal/config/agent.go:234.3,234.44 1 1
github.com/Tutitoos/atenea/internal/config/agent.go:236.2,236.44 1 1
github.com/Tutitoos/atenea/internal/config/agent.go:236.44,238.3 1 0
github.com/Tutitoos/atenea/internal/config/agent.go:239.2,239.81 1 1
github.com/Tutitoos/atenea/internal/config/agent.go:239.81,241.3 1 0
github.com/Tutitoos/atenea/internal/config/agent.go:242.2,242.45 1 1
github.com/Tutitoos/atenea/internal/config/agent.go:242.45,244.3 1 0
github.com/Tutitoos/atenea/internal/config/agent.go:245.2,245.17 1 1
github.com/Tutitoos/atenea/internal/config/config.go:153.61,154.45 1 1
github.com/Tutitoos/atenea/internal/config/config.go:154.45,156.3 1 1
github.com/Tutitoos/atenea/internal/config/config.go:157.2,157.18 1 1
github.com/Tutitoos/atenea/internal/config/config.go:169.44,177.2 1 0
github.com/Tutitoos/atenea/internal/config/config.go:624.46,626.22 2 1
github.com/Tutitoos/atenea/internal/config/config.go:626.22,628.3 1 1
github.com/Tutitoos/atenea/internal/config/config.go:629.2,629.22 1 1
github.com/Tutitoos/atenea/internal/config/config.go:629.22,631.3 1 1
github.com/Tutitoos/atenea/internal/config/config.go:632.2,632.10 1 1
github.com/Tutitoos/atenea/internal/config/config.go:636.39,641.2 1 1
github.com/Tutitoos/atenea/internal/config/config.go:658.27,658.88 1 1
github.com/Tutitoos/atenea/internal/config/config.go:662.42,663.20 1 1
github.com/Tutitoos/atenea/internal/config/config.go:663.20,665.3 1 1
github.com/Tutitoos/atenea/internal/config/config.go:666.2,666.58 1 1
github.com/Tutitoos/atenea/internal/config/config.go:666.58,668.3 1 1
github.com/Tutitoos/atenea/internal/config/config.go:669.2,669.22 1 1
github.com/Tutitoos/atenea/internal/config/config.go:676.44,679.9 3 1
github.com/Tutitoos/atenea/internal/config/config.go:680.18,682.22 2 1
github.com/Tutitoos/atenea/internal/config/config.go:682.22,684.4 1 1
github.com/Tutitoos/atenea/internal/config/config.go:685.3,686.18 2 1
github.com/Tutitoos/atenea/internal/config/config.go:687.56,688.20 1 1
github.com/Tutitoos/atenea/internal/config/config.go:689.10,691.38 1 1
github.com/Tutitoos/atenea/internal/config/config.go:696.33,698.2 1 1
github.com/Tutitoos/atenea/internal/config/config.go:706.50,708.16 2 1
github.com/Tutitoos/atenea/internal/config/config.go:708.16,713.3 1 0
github.com/Tutitoos/atenea/internal/config/config.go:714.2,715.43 2 1
github.com/Tutitoos/atenea/internal/config/config.go:715.43,717.3 1 1
github.com/Tutitoos/atenea/internal/config/config.go:718.2,719.46 2 1
github.com/Tutitoos/atenea/internal/config/config.go:719.46,721.3 1 1
github.com/Tutitoos/atenea/internal/config/config.go:722.2,723.47 2 1
github.com/Tutitoos/atenea/internal/config/config.go:723.47,724.33 1 1
github.com/Tutitoos/atenea/internal/config/config.go:724.33,725.12 1 1
github.com/Tutitoos/atenea/internal/config/config.go:727.3,727.46 1 1
github.com/Tutitoos/atenea/internal/config/config.go:727.46,728.12 1 1
github.com/Tutitoos/atenea/internal/config/config.go:730.3,730.29 1 1
github.com/Tutitoos/atenea/internal/config/config.go:732.2,733.12 2 1
github.com/Tutitoos/atenea/internal/config/config.go:747.70,748.23 1 1
github.com/Tutitoos/atenea/internal/config/config.go:748.23,750.3 1 1
github.com/Tutitoos/atenea/internal/config/config.go:751.2,752.16 2 1
github.com/Tutitoos/atenea/internal/config/config.go:752.16,754.3 1 0
github.com/Tutitoos/atenea/internal/config/config.go:755.2,756.39 2 1
github.com/Tutitoos/atenea/internal/config/config.go:756.39,757.29 1 1
github.com/Tutitoos/atenea/internal/config/config.go:757.29,758.12 1 1
github.com/Tutitoos/atenea/internal/config/config.go:760.3,760.27 1 1
github.com/Tutitoos/atenea/internal/config/config.go:762.2,762.12 1 1
github.com/Tutitoos/atenea/internal/config/config.go:766.50,767.51 1 1
github.com/Tutitoos/atenea/internal/config/config.go:767.51,770.3 1 1
github.com/Tutitoos/atenea/internal/config/config.go:771.2,771.63 1 1
github.com/Tutitoos/atenea/internal/config/config.go:771.63,774.3 1 0
github.com/Tutitoos/atenea/internal/config/config.go:775.2,775.67 1 1
github.com/Tutitoos/atenea/internal/config/config.go:775.67,778.3 1 0
github.com/Tutitoos/atenea/internal/config/config.go:779.2,779.12 1 1
github.com/Tutitoos/atenea/internal/config/config.go:1054.64,1055.62 1 1
github.com/Tutitoos/atenea/internal/config/config.go:1055.62,1058.3 1 1
github.com/Tutitoos/atenea/internal/config/config.go:1059.2,1060.14 2 1
github.com/Tutitoos/atenea/internal/config/config.go:1060.14,1062.3 1 1
github.com/Tutitoos/atenea/internal/config/config.go:1068.2,1068.31 1 1
github.com/Tutitoos/atenea/internal/config/config.go:1068.31,1070.3 1 1
github.com/Tutitoos/atenea/internal/config/config.go:1071.2,1072.9 2 1
github.com/Tutitoos/atenea/internal/config/config.go:1073.28,1074.90 1 1
github.com/Tutitoos/atenea/internal/config/config.go:1075.30,1076.61 1 1
github.com/Tutitoos/atenea/internal/config/config.go:1078.2,1079.25 2 1
github.com/Tutitoos/atenea/internal/config/config.go:1079.25,1081.17 2 1
github.com/Tutitoos/atenea/internal/config/config.go:1081.17,1083.4 1 1
github.com/Tutitoos/atenea/internal/config/config.go:1084.3,1084.28 1 1
github.com/Tutitoos/atenea/internal/config/config.go:1086.2,1086.12 1 1
github.com/Tutitoos/atenea/internal/config/config.go:1086.12,1088.61 2 1
github.com/Tutitoos/atenea/internal/config/config.go:1088.61,1090.4 1 1
github.com/Tutitoos/atenea/internal/config/config.go:1091.3,1091.58 1 1
github.com/Tutitoos/atenea/internal/config/config.go:1091.58,1093.4 1 1
github.com/Tutitoos/atenea/internal/config/config.go:1094.3,1094.28 1 1
github.com/Tutitoos/atenea/internal/config/config.go:1096.2,1096.35 1 1
github.com/Tutitoos/atenea/internal/config/config.go:1096.35,1097.36 1 1
github.com/Tutitoos/atenea/internal/config/config.go:1097.36,1099.4 1 1
github.com/Tutitoos/atenea/internal/config/config.go:1101.2,1101.21 1 1
github.com/Tutitoos/atenea/internal/config/config.go:1101.21,1103.17 2 1
github.com/Tutitoos/atenea/internal/config/config.go:1103.17,1105.4 1 1
github.com/Tutitoos/atenea/internal/config/config.go:1106.3,1106.13 1 1
github.com/Tutitoos/atenea/internal/config/config.go:1106.13,1108.4 1 1
github.com/Tutitoos/atenea/internal/config/config.go:1109.3,1109.18 1 1
github.com/Tutitoos/atenea/internal/config/config.go:1116.2,1116.55 1 1
github.com/Tutitoos/atenea/internal/config/config.go:1117.10,1118.25 1 1
github.com/Tutitoos/atenea/internal/config/config.go:1119.44,1120.30 1 1
github.com/Tutitoos/atenea/internal/config/config.go:1121.10,1122.92 1 1
github.com/Tutitoos/atenea/internal/config/config.go:1133.2,1133.29 1 1
github.com/Tutitoos/atenea/internal/config/config.go:1133.29,1134.10 1 1
github.com/Tutitoos/atenea/internal/config/config.go:1135.25,1136.111 1 1
github.com/Tutitoos/atenea/internal/config/config.go:1137.27,1138.74 1 1
github.com/Tutitoos/atenea/internal/config/config.go:1139.24,1140.86 1 1
github.com/Tutitoos/atenea/internal/config/config.go:1142.3,1142.18 1 1
github.com/Tutitoos/atenea/internal/config/config.go:1150.2,1151.16 2 1
github.com/Tutitoos/atenea/internal/config/config.go:1151.16,1153.3 1 1
github.com/Tutitoos/atenea/internal/config/config.go:1154.2,1154.21 1 1
github.com/Tutitoos/atenea/internal/config/config.go:1154.21,1157.3 1 1
github.com/Tutitoos/atenea/internal/config/config.go:1158.2,1164.25 2 1
github.com/Tutitoos/atenea/internal/config/config.go:1164.25,1167.3 1 1
github.com/Tutitoos/atenea/internal/config/config.go:1168.2,1168.60 1 1
github.com/Tutitoos/atenea/internal/config/config.go:1168.60,1170.3 1 1
github.com/Tutitoos/atenea/internal/config/config.go:1171.2,1171.30 1 1
github.com/Tutitoos/atenea/internal/config/config.go:1171.30,1173.17 2 1
github.com/Tutitoos/atenea/internal/config/config.go:1173.17,1175.4 1 1
github.com/Tutitoos/atenea/internal/config/config.go:1179.3,1179.40 1 1
github.com/Tutitoos/atenea/internal/config/config.go:1179.40,1181.4 1 1
github.com/Tutitoos/atenea/internal/config/config.go:1182.3,1182.45 1 1
github.com/Tutitoos/atenea/internal/config/config.go:1182.45,1184.4 1 1
github.com/Tutitoos/atenea/internal/config/config.go:1185.3,1185.29 1 1
github.com/Tutitoos/atenea/internal/config/config.go:1185.29,1188.4 1 1
github.com/Tutitoos/atenea/internal/config/config.go:1189.3,1190.17 2 1
github.com/Tutitoos/atenea/internal/config/config.go:1190.17,1192.4 1 0
github.com/Tutitoos/atenea/internal/config/config.go:1193.3,1193.29 1 1
github.com/Tutitoos/atenea/internal/config/config.go:1193.29,1195.4 1 1
github.com/Tutitoos/atenea/internal/config/config.go:1196.3,1196.35 1 1
github.com/Tutitoos/atenea/internal/config/config.go:1198.2,1198.17 1 1
github.com/Tutitoos/atenea/internal/config/config.go:1201.76,1203.60 2 1
github.com/Tutitoos/atenea/internal/config/config.go:1203.60,1206.3 1 1
github.com/Tutitoos/atenea/internal/config/config.go:1207.2,1207.57 1 1
github.com/Tutitoos/atenea/internal/config/config.go:1207.57,1210.3 1 1
github.com/Tutitoos/atenea/internal/config/config.go:1211.2,1211.24 1 1
github.com/Tutitoos/atenea/internal/config/config.go:1211.24,1214.3 1 1
github.com/Tutitoos/atenea/internal/config/config.go:1215.2,1215.29 1 1
github.com/Tutitoos/atenea/internal/config/config.go:1215.29,1218.3 1 0
github.com/Tutitoos/atenea/internal/config/config.go:1219.2,1219.39 1 1
github.com/Tutitoos/atenea/internal/config/config.go:1219.39,1221.39 2 1
github.com/Tutitoos/atenea/internal/config/config.go:1221.39,1224.4 1 1
github.com/Tutitoos/atenea/internal/config/config.go:1226.2,1226.19 1 1
github.com/Tutitoos/atenea/internal/config/config.go:1226.19,1229.3 1 1
github.com/Tutitoos/atenea/internal/config/config.go:1230.2,1230.29 1 1
github.com/Tutitoos/atenea/internal/config/config.go:1236.49,1238.27 2 1
github.com/Tutitoos/atenea/internal/config/config.go:1238.27,1240.17 2 1
github.com/Tutitoos/atenea/internal/config/config.go:1240.17,1242.4 1 1
github.com/Tutitoos/atenea/internal/config/config.go:1243.3,1243.33 1 1
github.com/Tutitoos/atenea/internal/config/config.go:1243.33,1245.4 1 1
github.com/Tutitoos/atenea/internal/config/config.go:1246.3,1246.26 1 1
github.com/Tutitoos/atenea/internal/config/config.go:1248.2,1248.17 1 1
github.com/Tutitoos/atenea/internal/config/config.go:1254.60,1256.27 2 1
github.com/Tutitoos/atenea/internal/config/config.go:1256.27,1258.17 2 1
github.com/Tutitoos/atenea/internal/config/config.go:1258.17,1260.4 1 1
github.com/Tutitoos/atenea/internal/config/config.go:1261.3,1261.35 1 1
github.com/Tutitoos/atenea/internal/config/config.go:1261.35,1263.4 1 1
github.com/Tutitoos/atenea/internal/config/config.go:1264.3,1264.28 1 1
github.com/Tutitoos/atenea/internal/config/config.go:1266.2,1266.17 1 1
github.com/Tutitoos/atenea/internal/config/config.go:1272.30,1273.69 1 1
github.com/Tutitoos/atenea/internal/config/config.go:1273.69,1275.3 1 0
github.com/Tutitoos/atenea/internal/config/config.go:1276.2,1276.22 1 1
github.com/Tutitoos/atenea/internal/config/config.go:1276.22,1277.63 1 1
github.com/Tutitoos/atenea/internal/config/config.go:1277.63,1279.4 1 1
github.com/Tutitoos/atenea/internal/config/config.go:1281.2,1281.13 1 1
github.com/Tutitoos/atenea/internal/config/config.go:1288.55,1291.16 3 1
github.com/Tutitoos/atenea/internal/config/config.go:1291.16,1294.3 1 0
github.com/Tutitoos/atenea/internal/config/config.go:1297.2,1297.55 1 1
github.com/Tutitoos/atenea/internal/config/config.go:1297.55,1299.33 2 1
github.com/Tutitoos/atenea/internal/config/config.go:1299.33,1301.4 1 1
github.com/Tutitoos/atenea/internal/config/config.go:1302.3,1304.72 2 1
github.com/Tutitoos/atenea/internal/config/config.go:1307.2,1309.28 2 1
github.com/Tutitoos/atenea/internal/config/config.go:1309.28,1312.3 1 1
github.com/Tutitoos/atenea/internal/config/config.go:1313.2,1314.16 2 1
github.com/Tutitoos/atenea/internal/config/config.go:1314.16,1317.3 1 1
github.com/Tutitoos/atenea/internal/config/config.go:1318.2,1318.46 1 1
github.com/Tutitoos/atenea/internal/config/config.go:1318.46,1322.3 1 1
github.com/Tutitoos/atenea/internal/config/config.go:1324.2,1324.60 1 1
github.com/Tutitoos/atenea/internal/config/config.go:1324.60,1326.3 1 1
github.com/Tutitoos/atenea/internal/config/config.go:1327.2,1327.76 1 1
github.com/Tutitoos/atenea/internal/config/config.go:1327.76,1329.3 1 1
github.com/Tutitoos/atenea/internal/config/config.go:1330.2,1330.62 1 1
github.com/Tutitoos/atenea/internal/config/config.go:1330.62,1332.3 1 1
github.com/Tutitoos/atenea/internal/config/config.go:1333.2,1333.68 1 1
github.com/Tutitoos/atenea/internal/config/config.go:1333.68,1335.3 1 0
github.com/Tutitoos/atenea/internal/config/config.go:1336.2,1336.74 1 1
github.com/Tutitoos/atenea/internal/config/config.go:1336.74,1338.3 1 0
github.com/Tutitoos/atenea/internal/config/config.go:1339.2,1339.66 1 1
github.com/Tutitoos/atenea/internal/config/config.go:1339.66,1341.3 1 1
github.com/Tutitoos/atenea/internal/config/config.go:1342.2,1342.64 1 1
github.com/Tutitoos/atenea/internal/config/config.go:1342.64,1344.3 1 1
github.com/Tutitoos/atenea/internal/config/config.go:1345.2,1346.46 2 1
github.com/Tutitoos/atenea/internal/config/config.go:1346.46,1352.3 1 0
github.com/Tutitoos/atenea/internal/config/config.go:1353.2,1353.43 1 1
github.com/Tutitoos/atenea/internal/config/config.go:1353.43,1355.17 2 1
github.com/Tutitoos/atenea/internal/config/config.go:1355.17,1357.4 1 1
github.com/Tutitoos/atenea/internal/config/config.go:1358.3,1358.58 1 1
github.com/Tutitoos/atenea/internal/config/config.go:1360.2,1360.46 1 1
github.com/Tutitoos/atenea/internal/config/config.go:1360.46,1362.17 2 1
github.com/Tutitoos/atenea/internal/config/config.go:1362.17,1364.4 1 1
github.com/Tutitoos/atenea/internal/config/config.go:1365.3,1365.58 1 1
github.com/Tutitoos/atenea/internal/config/config.go:1367.2,1367.43 1 1
github.com/Tutitoos/atenea/internal/config/config.go:1367.43,1369.17 2 1
github.com/Tutitoos/atenea/internal/config/config.go:1369.17,1371.4 1 1
github.com/Tutitoos/atenea/internal/config/config.go:1372.3,1372.52 1 1
github.com/Tutitoos/atenea/internal/config/config.go:1377.2,1378.37 2 1
github.com/Tutitoos/atenea/internal/config/config.go:1378.37,1380.17 2 1
github.com/Tutitoos/atenea/internal/config/config.go:1380.17,1382.4 1 0
github.com/Tutitoos/atenea/internal/config/config.go:1383.3,1383.29 1 1
github.com/Tutitoos/atenea/internal/config/config.go:1383.29,1386.4 1 0
github.com/Tutitoos/atenea/internal/config/config.go:1387.3,1388.41 2 1
github.com/Tutitoos/atenea/internal/config/config.go:1404.2,1411.41 4 1
github.com/Tutitoos/atenea/internal/config/config.go:1411.41,1413.17 2 1
github.com/Tutitoos/atenea/internal/config/config.go:1413.17,1415.4 1 1
github.com/Tutitoos/atenea/internal/config/config.go:1416.3,1416.22 1 1
github.com/Tutitoos/atenea/internal/config/config.go:1416.22,1419.4 1 1
github.com/Tutitoos/atenea/internal/config/config.go:1420.3,1421.29 2 1
github.com/Tutitoos/atenea/internal/config/config.go:1421.29,1422.63 1 1
github.com/Tutitoos/atenea/internal/config/config.go:1422.63,1425.5 1 0
github.com/Tutitoos/atenea/internal/config/config.go:1426.4,1426.43 1 1
github.com/Tutitoos/atenea/internal/config/config.go:1428.3,1428.50 1 1
github.com/Tutitoos/atenea/internal/config/config.go:1430.2,1430.17 1 1
github.com/Tutitoos/atenea/internal/config/config.go:1501.55,1502.45 1 1
github.com/Tutitoos/atenea/internal/config/config.go:1502.45,1504.3 1 1
github.com/Tutitoos/atenea/internal/config/config.go:1505.2,1505.65 1 1
github.com/Tutitoos/atenea/internal/config/config.go:1508.70,1548.26 2 1
github.com/Tutitoos/atenea/internal/config/config.go:1548.26,1549.60 1 1
github.com/Tutitoos/atenea/internal/config/config.go:1549.60,1553.4 1 1
github.com/Tutitoos/atenea/internal/config/config.go:1554.3,1554.35 1 1
github.com/Tutitoos/atenea/internal/config/config.go:1556.2,1556.24 1 1
github.com/Tutitoos/atenea/internal/config/config.go:1556.24,1557.24 1 1
github.com/Tutitoos/atenea/internal/config/config.go:1557.24,1568.4 1 1
github.com/Tutitoos/atenea/internal/config/config.go:1569.3,1569.31 1 1
github.com/Tutitoos/atenea/internal/config/config.go:1571.2,1571.24 1 1
github.com/Tutitoos/atenea/internal/config/config.go:1571.24,1573.34 2 1
github.com/Tutitoos/atenea/internal/config/config.go:1573.34,1575.18 2 1
github.com/Tutitoos/atenea/internal/config/config.go:1575.18,1578.5 1 1
github.com/Tutitoos/atenea/internal/config/config.go:1579.4,1579.37 1 1
github.com/Tutitoos/atenea/internal/config/config.go:1581.3,1581.32 1 1
github.com/Tutitoos/atenea/internal/config/config.go:1587.2,1587.28 1 1
github.com/Tutitoos/atenea/internal/config/config.go:1587.28,1590.3 2 1
github.com/Tutitoos/atenea/internal/config/config.go:1590.8,1592.41 2 1
github.com/Tutitoos/atenea/internal/config/config.go:1592.41,1594.18 2 1
github.com/Tutitoos/atenea/internal/config/config.go:1594.18,1597.5 1 1
github.com/Tutitoos/atenea/internal/config/config.go:1598.4,1598.37 1 1
github.com/Tutitoos/atenea/internal/config/config.go:1600.3,1600.30 1 1
github.com/Tutitoos/atenea/internal/config/config.go:1602.2,1602.22 1 1
github.com/Tutitoos/atenea/internal/config/config.go:1602.22,1605.35 3 1
github.com/Tutitoos/atenea/internal/config/config.go:1605.35,1606.16 1 1
github.com/Tutitoos/atenea/internal/config/config.go:1608.34,1608.34 0 1
github.com/Tutitoos/atenea/internal/config/config.go:1609.12,1613.51 1 1
github.com/Tutitoos/atenea/internal/config/config.go:1618.4,1618.33 1 1
github.com/Tutitoos/atenea/internal/config/config.go:1618.33,1621.5 1 1
github.com/Tutitoos/atenea/internal/config/config.go:1622.4,1623.29 2 1
github.com/Tutitoos/atenea/internal/config/config.go:1625.3,1625.21 1 1
github.com/Tutitoos/atenea/internal/config/config.go:1627.2,1627.27 1 1
github.com/Tutitoos/atenea/internal/config/config.go:1627.27,1629.3 1 1
github.com/Tutitoos/atenea/internal/config/config.go:1630.2,1630.45 1 1
github.com/Tutitoos/atenea/internal/config/config.go:1630.45,1632.3 1 1
github.com/Tutitoos/atenea/internal/config/config.go:1633.2,1633.36 1 1
github.com/Tutitoos/atenea/internal/config/config.go:1633.36,1635.3 1 1
github.com/Tutitoos/atenea/internal/config/config.go:1636.2,1636.29 1 1
github.com/Tutitoos/atenea/internal/config/config.go:1636.29,1638.3 1 1
github.com/Tutitoos/atenea/internal/config/config.go:1639.2,1640.16 2 1
github.com/Tutitoos/atenea/internal/config/config.go:1640.16,1642.3 1 1
github.com/Tutitoos/atenea/internal/config/config.go:1643.2,1645.16 3 1
github.com/Tutitoos/atenea/internal/config/config.go:1645.16,1647.3 1 0
github.com/Tutitoos/atenea/internal/config/config.go:1648.2,1650.16 3 1
github.com/Tutitoos/atenea/internal/config/config.go:1650.16,1652.3 1 0
github.com/Tutitoos/atenea/internal/config/config.go:1653.2,1655.16 3 1
github.com/Tutitoos/atenea/internal/config/config.go:1655.16,1657.3 1 1
github.com/Tutitoos/atenea/internal/config/config.go:1658.2,1660.16 3 1
github.com/Tutitoos/atenea/internal/config/config.go:1660.16,1662.3 1 1
github.com/Tutitoos/atenea/internal/config/config.go:1663.2,1665.16 3 1
github.com/Tutitoos/atenea/internal/config/config.go:1665.16,1667.3 1 0
github.com/Tutitoos/atenea/internal/config/config.go:1668.2,1669.17 2 1
github.com/Tutitoos/atenea/internal/config/config.go:1672.82,1673.39 1 1
github.com/Tutitoos/atenea/internal/config/config.go:1673.39,1675.3 1 1
github.com/Tutitoos/atenea/internal/config/config.go:1676.2,1676.30 1 1
github.com/Tutitoos/atenea/internal/config/config.go:1676.30,1678.3 1 1
github.com/Tutitoos/atenea/internal/config/config.go:1679.2,1679.25 1 1
github.com/Tutitoos/atenea/internal/config/config.go:1679.25,1680.25 1 1
github.com/Tutitoos/atenea/internal/config/config.go:1680.25,1688.4 1 1
github.com/Tutitoos/atenea/internal/config/config.go:1689.3,1689.33 1 1
github.com/Tutitoos/atenea/internal/config/config.go:1691.2,1691.21 1 1
github.com/Tutitoos/atenea/internal/config/config.go:1691.21,1693.17 2 1
github.com/Tutitoos/atenea/internal/config/config.go:1693.17,1696.4 1 1
github.com/Tutitoos/atenea/internal/config/config.go:1697.3,1697.19 1 1
github.com/Tutitoos/atenea/internal/config/config.go:1697.19,1700.4 1 1
github.com/Tutitoos/atenea/internal/config/config.go:1701.3,1701.24 1 1
github.com/Tutitoos/atenea/internal/config/config.go:1703.2,1703.17 1 1
github.com/Tutitoos/atenea/internal/config/config.go:1715.60,1726.37 2 1
github.com/Tutitoos/atenea/internal/config/config.go:1726.37,1728.3 1 1
github.com/Tutitoos/atenea/internal/config/config.go:1729.2,1729.22 1 1
github.com/Tutitoos/atenea/internal/config/config.go:1729.22,1731.3 1 1
github.com/Tutitoos/atenea/internal/config/config.go:1732.2,1739.4 1 1
github.com/Tutitoos/atenea/internal/config/config.go:1739.4,1740.21 1 1
github.com/Tutitoos/atenea/internal/config/config.go:1740.21,1741.12 1 1
github.com/Tutitoos/atenea/internal/config/config.go:1743.3,1744.17 2 1
github.com/Tutitoos/atenea/internal/config/config.go:1744.17,1747.4 1 1
github.com/Tutitoos/atenea/internal/config/config.go:1748.3,1748.17 1 1
github.com/Tutitoos/atenea/internal/config/config.go:1748.17,1755.4 1 1
github.com/Tutitoos/atenea/internal/config/config.go:1756.3,1756.22 1 1
github.com/Tutitoos/atenea/internal/config/config.go:1758.2,1758.26 1 1
github.com/Tutitoos/atenea/internal/config/config.go:1758.26,1759.26 1 1
github.com/Tutitoos/atenea/internal/config/config.go:1759.26,1763.4 1 1
github.com/Tutitoos/atenea/internal/config/config.go:1764.3,1764.35 1 1
github.com/Tutitoos/atenea/internal/config/config.go:1766.2,1766.17 1 1
github.com/Tutitoos/atenea/internal/config/config.go:1776.58,1783.36 2 1
github.com/Tutitoos/atenea/internal/config/config.go:1783.36,1785.3 1 0
github.com/Tutitoos/atenea/internal/config/config.go:1786.2,1786.22 1 1
github.com/Tutitoos/atenea/internal/config/config.go:1786.22,1788.3 1 1
github.com/Tutitoos/atenea/internal/config/config.go:1789.2,1789.19 1 1
github.com/Tutitoos/atenea/internal/config/config.go:1789.19,1791.17 2 1
github.com/Tutitoos/atenea/internal/config/config.go:1791.17,1794.4 1 0
github.com/Tutitoos/atenea/internal/config/config.go:1795.3,1795.17 1 1
github.com/Tutitoos/atenea/internal/config/config.go:1795.17,1802.4 1 0
github.com/Tutitoos/atenea/internal/config/config.go:1803.3,1803.20 1 1
github.com/Tutitoos/atenea/internal/config/config.go:1805.2,1805.19 1 1
github.com/Tutitoos/atenea/internal/config/config.go:1805.19,1806.18 1 1
github.com/Tutitoos/atenea/internal/config/config.go:1806.18,1812.4 1 1
github.com/Tutitoos/atenea/internal/config/config.go:1813.3,1813.21 1 1
github.com/Tutitoos/atenea/internal/config/config.go:1815.2,1815.17 1 1
github.com/Tutitoos/atenea/internal/config/config.go:1818.103,1819.39 1 1
github.com/Tutitoos/atenea/internal/config/config.go:1819.39,1821.3 1 1
github.com/Tutitoos/atenea/internal/config/config.go:1822.2,1822.39 1 1
github.com/Tutitoos/atenea/internal/config/config.go:1822.39,1824.3 1 1
github.com/Tutitoos/atenea/internal/config/config.go:1825.2,1825.47 1 1
github.com/Tutitoos/atenea/internal/config/config.go:1825.47,1827.3 1 1
github.com/Tutitoos/atenea/internal/config/config.go:1828.2,1828.42 1 1
github.com/Tutitoos/atenea/internal/config/config.go:1828.42,1830.3 1 1
github.com/Tutitoos/atenea/internal/config/config.go:1831.2,1831.30 1 1
github.com/Tutitoos/atenea/internal/config/config.go:1831.30,1833.3 1 1
github.com/Tutitoos/atenea/internal/config/config.go:1834.2,1834.21 1 1
github.com/Tutitoos/atenea/internal/config/config.go:1834.21,1836.17 2 1
github.com/Tutitoos/atenea/internal/config/config.go:1836.17,1839.4 1 0
github.com/Tutitoos/atenea/internal/config/config.go:1840.3,1840.19 1 1
github.com/Tutitoos/atenea/internal/config/config.go:1840.19,1843.4 1 0
github.com/Tutitoos/atenea/internal/config/config.go:1844.3,1844.24 1 1
github.com/Tutitoos/atenea/internal/config/config.go:1846.2,1846.17 1 1
github.com/Tutitoos/atenea/internal/config/config.go:1849.88,1850.39 1 1
github.com/Tutitoos/atenea/internal/config/config.go:1850.39,1852.3 1 0
github.com/Tutitoos/atenea/internal/config/config.go:1853.2,1853.39 1 1
github.com/Tutitoos/atenea/internal/config/config.go:1853.39,1855.3 1 1
github.com/Tutitoos/atenea/internal/config/config.go:1856.2,1856.47 1 1
github.com/Tutitoos/atenea/internal/config/config.go:1856.47,1858.3 1 1
github.com/Tutitoos/atenea/internal/config/config.go:1859.2,1859.42 1 1
github.com/Tutitoos/atenea/internal/config/config.go:1859.42,1861.3 1 1
github.com/Tutitoos/atenea/internal/config/config.go:1862.2,1862.30 1 1
github.com/Tutitoos/atenea/internal/config/config.go:1862.30,1864.3 1 1
github.com/Tutitoos/atenea/internal/config/config.go:1865.2,1865.21 1 1
github.com/Tutitoos/atenea/internal/config/config.go:1865.21,1867.17 2 1
github.com/Tutitoos/atenea/internal/config/config.go:1867.17,1870.4 1 0
github.com/Tutitoos/atenea/internal/config/config.go:1871.3,1871.19 1 1
github.com/Tutitoos/atenea/internal/config/config.go:1871.19,1874.4 1 0
github.com/Tutitoos/atenea/internal/config/config.go:1875.3,1875.24 1 1
github.com/Tutitoos/atenea/internal/config/config.go:1877.2,1877.17 1 1
github.com/Tutitoos/atenea/internal/config/config.go:1880.91,1881.41 1 1
github.com/Tutitoos/atenea/internal/config/config.go:1881.41,1883.3 1 1
github.com/Tutitoos/atenea/internal/config/config.go:1884.2,1884.30 1 1
github.com/Tutitoos/atenea/internal/config/config.go:1884.30,1886.3 1 1
github.com/Tutitoos/atenea/internal/config/config.go:1887.2,1887.21 1 1
github.com/Tutitoos/atenea/internal/config/config.go:1887.21,1889.17 2 1
github.com/Tutitoos/atenea/internal/config/config.go:1889.17,1892.4 1 0
github.com/Tutitoos/atenea/internal/config/config.go:1893.3,1893.19 1 1
github.com/Tutitoos/atenea/internal/config/config.go:1893.19,1896.4 1 0
github.com/Tutitoos/atenea/internal/config/config.go:1897.3,1897.24 1 1
github.com/Tutitoos/atenea/internal/config/config.go:1899.2,1899.22 1 1
github.com/Tutitoos/atenea/internal/config/config.go:1899.22,1901.17 2 1
github.com/Tutitoos/atenea/internal/config/config.go:1901.17,1903.4 1 1
github.com/Tutitoos/atenea/internal/config/config.go:1904.3,1904.25 1 1
github.com/Tutitoos/atenea/internal/config/config.go:1906.2,1906.17 1 1
github.com/Tutitoos/atenea/internal/config/config.go:1914.97,1915.30 1 1
github.com/Tutitoos/atenea/internal/config/config.go:1915.30,1917.3 1 1
github.com/Tutitoos/atenea/internal/config/config.go:1918.2,1918.21 1 1
github.com/Tutitoos/atenea/internal/config/config.go:1918.21,1920.17 2 1
github.com/Tutitoos/atenea/internal/config/config.go:1920.17,1923.4 1 0
github.com/Tutitoos/atenea/internal/config/config.go:1924.3,1924.19 1 1
github.com/Tutitoos/atenea/internal/config/config.go:1924.19,1927.4 1 0
github.com/Tutitoos/atenea/internal/config/config.go:1928.3,1928.24 1 1
github.com/Tutitoos/atenea/internal/config/config.go:1930.2,1930.42 1 1
github.com/Tutitoos/atenea/internal/config/config.go:1930.42,1932.17 2 1
github.com/Tutitoos/atenea/internal/config/config.go:1932.17,1934.4 1 0
github.com/Tutitoos/atenea/internal/config/config.go:1935.3,1935.28 1 1
github.com/Tutitoos/atenea/internal/config/config.go:1937.2,1937.31 1 1
github.com/Tutitoos/atenea/internal/config/config.go:1937.31,1939.17 2 1
github.com/Tutitoos/atenea/internal/config/config.go:1939.17,1941.4 1 0
github.com/Tutitoos/atenea/internal/config/config.go:1942.3,1942.24 1 1
github.com/Tutitoos/atenea/internal/config/config.go:1942.24,1945.4 1 1
github.com/Tutitoos/atenea/internal/config/config.go:1946.3,1946.26 1 1
github.com/Tutitoos/atenea/internal/config/config.go:1946.26,1949.4 1 0
github.com/Tutitoos/atenea/internal/config/config.go:1950.3,1951.73 2 1
github.com/Tutitoos/atenea/internal/config/config.go:1951.73,1954.4 1 0
github.com/Tutitoos/atenea/internal/config/config.go:1955.3,1955.34 1 1
github.com/Tutitoos/atenea/internal/config/config.go:1957.2,1957.22 1 1
github.com/Tutitoos/atenea/internal/config/config.go:1957.22,1959.17 2 0
github.com/Tutitoos/atenea/internal/config/config.go:1959.17,1961.4 1 0
github.com/Tutitoos/atenea/internal/config/config.go:1962.3,1962.25 1 0
github.com/Tutitoos/atenea/internal/config/config.go:1964.2,1964.17 1 1
github.com/Tutitoos/atenea/internal/config/config.go:1972.100,1973.51 1 1
github.com/Tutitoos/atenea/internal/config/config.go:1973.51,1974.28 1 0
github.com/Tutitoos/atenea/internal/config/config.go:1974.28,1977.4 1 0
github.com/Tutitoos/atenea/internal/config/config.go:1978.3,1978.34 1 0
github.com/Tutitoos/atenea/internal/config/config.go:1980.2,1980.30 1 1
github.com/Tutitoos/atenea/internal/config/config.go:1980.30,1982.3 1 1
github.com/Tutitoos/atenea/internal/config/config.go:1983.2,1983.21 1 1
github.com/Tutitoos/atenea/internal/config/config.go:1983.21,1985.17 2 1
github.com/Tutitoos/atenea/internal/config/config.go:1985.17,1988.4 1 0
github.com/Tutitoos/atenea/internal/config/config.go:1989.3,1989.19 1 1
github.com/Tutitoos/atenea/internal/config/config.go:1989.19,1992.4 1 0
github.com/Tutitoos/atenea/internal/config/config.go:1993.3,1993.24 1 1
github.com/Tutitoos/atenea/internal/config/config.go:1995.2,1995.22 1 1
github.com/Tutitoos/atenea/internal/config/config.go:1995.22,1997.17 2 0
github.com/Tutitoos/atenea/internal/config/config.go:1997.17,1999.4 1 0
github.com/Tutitoos/atenea/internal/config/config.go:2000.3,2000.25 1 0
github.com/Tutitoos/atenea/internal/config/config.go:2002.2,2002.17 1 1
github.com/Tutitoos/atenea/internal/config/config.go:2011.83,2012.40 1 1
github.com/Tutitoos/atenea/internal/config/config.go:2012.40,2015.3 1 1
github.com/Tutitoos/atenea/internal/config/config.go:2016.2,2029.43 2 1
github.com/Tutitoos/atenea/internal/config/config.go:2030.50,2031.52 1 1
github.com/Tutitoos/atenea/internal/config/config.go:2032.10,2035.77 1 1
github.com/Tutitoos/atenea/internal/config/config.go:2043.2,2043.86 1 1
github.com/Tutitoos/atenea/internal/config/config.go:2043.86,2047.3 1 1
github.com/Tutitoos/atenea/internal/config/config.go:2048.2,2048.19 1 1
github.com/Tutitoos/atenea/internal/config/config.go:2048.19,2049.37 1 1
github.com/Tutitoos/atenea/internal/config/config.go:2049.37,2052.4 1 1
github.com/Tutitoos/atenea/internal/config/config.go:2053.3,2053.21 1 1
github.com/Tutitoos/atenea/internal/config/config.go:2055.2,2055.49 1 1
github.com/Tutitoos/atenea/internal/config/config.go:2056.10,2057.32 1 1
github.com/Tutitoos/atenea/internal/config/config.go:2058.45,2059.57 1 1
github.com/Tutitoos/atenea/internal/config/config.go:2060.10,2063.71 1 1
github.com/Tutitoos/atenea/internal/config/config.go:2069.2,2070.9 2 1
github.com/Tutitoos/atenea/internal/config/config.go:2071.60,2079.63 1 1
github.com/Tutitoos/atenea/internal/config/config.go:2080.52,2086.54 1 1
github.com/Tutitoos/atenea/internal/config/config.go:2087.62,2096.43 1 1
github.com/Tutitoos/atenea/internal/config/config.go:2098.2,2098.27 1 1
github.com/Tutitoos/atenea/internal/config/config.go:2098.27,2099.26 1 1
github.com/Tutitoos/atenea/internal/config/config.go:2099.26,2102.4 1 1
github.com/Tutitoos/atenea/internal/config/config.go:2103.3,2103.37 1 1
github.com/Tutitoos/atenea/internal/config/config.go:2105.2,2115.4 1 1
github.com/Tutitoos/atenea/internal/config/config.go:2115.4,2116.18 1 1
github.com/Tutitoos/atenea/internal/config/config.go:2116.18,2117.12 1 1
github.com/Tutitoos/atenea/internal/config/config.go:2119.3,2120.17 2 1
github.com/Tutitoos/atenea/internal/config/config.go:2120.17,2123.4 1 1
github.com/Tutitoos/atenea/internal/config/config.go:2124.3,2124.15 1 1
github.com/Tutitoos/atenea/internal/config/config.go:2124.15,2127.4 1 1
github.com/Tutitoos/atenea/internal/config/config.go:2128.3,2128.17 1 1
github.com/Tutitoos/atenea/internal/config/config.go:2130.2,2130.17 1 1
github.com/Tutitoos/atenea/internal/config/config.go:2133.40,2134.24 1 1
github.com/Tutitoos/atenea/internal/config/config.go:2134.24,2136.3 1 1
github.com/Tutitoos/atenea/internal/config/config.go:2137.2,2137.42 1 1
github.com/Tutitoos/atenea/internal/config/config.go:2143.68,2145.64 2 1
github.com/Tutitoos/atenea/internal/config/config.go:2145.64,2148.3 1 0
github.com/Tutitoos/atenea/internal/config/config.go:2149.2,2149.22 1 1
github.com/Tutitoos/atenea/internal/config/config.go:2149.22,2151.35 2 1
github.com/Tutitoos/atenea/internal/config/config.go:2151.35,2153.18 2 1
github.com/Tutitoos/atenea/internal/config/config.go:2153.18,2155.5 1 0
github.com/Tutitoos/atenea/internal/config/config.go:2156.4,2156.37 1 1
github.com/Tutitoos/atenea/internal/config/config.go:2158.3,2158.24 1 1
github.com/Tutitoos/atenea/internal/config/config.go:2160.2,2160.22 1 1
github.com/Tutitoos/atenea/internal/config/config.go:2160.22,2162.35 2 1
github.com/Tutitoos/atenea/internal/config/config.go:2162.35,2164.18 2 1
github.com/Tutitoos/atenea/internal/config/config.go:2164.18,2166.5 1 0
github.com/Tutitoos/atenea/internal/config/config.go:2167.4,2167.34 1 1
github.com/Tutitoos/atenea/internal/config/config.go:2169.3,2169.23 1 1
github.com/Tutitoos/atenea/internal/config/config.go:2171.2,2171.26 1 1
github.com/Tutitoos/atenea/internal/config/config.go:2171.26,2173.17 2 0
github.com/Tutitoos/atenea/internal/config/config.go:2173.17,2175.4 1 0
github.com/Tutitoos/atenea/internal/config/config.go:2176.3,2176.18 1 0
github.com/Tutitoos/atenea/internal/config/config.go:2176.18,2178.4 1 0
github.com/Tutitoos/atenea/internal/config/config.go:2179.3,2179.34 1 0
github.com/Tutitoos/atenea/internal/config/config.go:2181.2,2181.24 1 1
github.com/Tutitoos/atenea/internal/config/config.go:2181.24,2184.23 1 0
github.com/Tutitoos/atenea/internal/config/config.go:2184.23,2186.4 1 0
github.com/Tutitoos/atenea/internal/config/config.go:2187.3,2187.38 1 0
github.com/Tutitoos/atenea/internal/config/config.go:2189.2,2189.17 1 1
github.com/Tutitoos/atenea/internal/config/config.go:2192.54,2194.27 2 1
github.com/Tutitoos/atenea/internal/config/config.go:2194.27,2196.3 1 1
github.com/Tutitoos/atenea/internal/config/config.go:2197.2,2198.16 2 1
github.com/Tutitoos/atenea/internal/config/config.go:2198.16,2201.3 1 0
github.com/Tutitoos/atenea/internal/config/config.go:2202.2,2202.16 1 1
github.com/Tutitoos/atenea/internal/config/config.go:2202.16,2205.3 1 1
github.com/Tutitoos/atenea/internal/config/config.go:2206.2,2207.17 2 1
github.com/Tutitoos/atenea/internal/config/config.go:2222.56,2224.40 2 1
github.com/Tutitoos/atenea/internal/config/config.go:2224.40,2226.3 1 1
github.com/Tutitoos/atenea/internal/config/config.go:2227.2,2227.58 1 1
github.com/Tutitoos/atenea/internal/config/config.go:2227.58,2230.3 1 1
github.com/Tutitoos/atenea/internal/config/config.go:2231.2,2231.39 1 1
github.com/Tutitoos/atenea/internal/config/config.go:2231.39,2233.3 1 1
github.com/Tutitoos/atenea/internal/config/config.go:2234.2,2234.21 1 1
github.com/Tutitoos/atenea/internal/config/config.go:2234.21,2236.17 2 1
github.com/Tutitoos/atenea/internal/config/config.go:2236.17,2239.4 1 1
github.com/Tutitoos/atenea/internal/config/config.go:2240.3,2240.19 1 1
github.com/Tutitoos/atenea/internal/config/config.go:2240.19,2243.4 1 1
github.com/Tutitoos/atenea/internal/config/config.go:2244.3,2244.24 1 1
github.com/Tutitoos/atenea/internal/config/config.go:2249.2,2251.17 3 1
github.com/Tutitoos/atenea/internal/config/config.go:2254.75,2255.72 1 1
github.com/Tutitoos/atenea/internal/config/config.go:2255.72,2258.3 1 1
github.com/Tutitoos/atenea/internal/config/config.go:2259.2,2260.16 2 1
github.com/Tutitoos/atenea/internal/config/config.go:2260.16,2262.3 1 0
github.com/Tutitoos/atenea/internal/config/config.go:2263.2,2269.33 2 1
github.com/Tutitoos/atenea/internal/config/config.go:2269.33,2271.17 2 1
github.com/Tutitoos/atenea/internal/config/config.go:2271.17,2273.4 1 1
github.com/Tutitoos/atenea/internal/config/config.go:2274.3,2274.44 1 1
github.com/Tutitoos/atenea/internal/config/config.go:2276.2,2276.57 1 1
github.com/Tutitoos/atenea/internal/config/config.go:2276.57,2278.3 1 1
github.com/Tutitoos/atenea/internal/config/config.go:2279.2,2279.59 1 1
github.com/Tutitoos/atenea/internal/config/config.go:2279.59,2281.3 1 0
github.com/Tutitoos/atenea/internal/config/config.go:2282.2,2282.39 1 1
github.com/Tutitoos/atenea/internal/config/config.go:2282.39,2285.3 1 0
github.com/Tutitoos/atenea/internal/config/config.go:2286.2,2286.17 1 1
github.com/Tutitoos/atenea/internal/config/config.go:2289.61,2290.19 1 1
github.com/Tutitoos/atenea/internal/config/config.go:2290.19,2292.3 1 1
github.com/Tutitoos/atenea/internal/config/config.go:2293.2,2294.24 2 1
github.com/Tutitoos/atenea/internal/config/config.go:2294.24,2296.17 2 1
github.com/Tutitoos/atenea/internal/config/config.go:2296.17,2298.4 1 1
github.com/Tutitoos/atenea/internal/config/config.go:2299.3,2300.17 2 1
github.com/Tutitoos/atenea/internal/config/config.go:2300.17,2302.4 1 0
github.com/Tutitoos/atenea/internal/config/config.go:2303.3,2310.5 1 1
github.com/Tutitoos/atenea/internal/config/config.go:2312.2,2312.17 1 1
github.com/Tutitoos/atenea/internal/config/config.go:2315.73,2316.76 1 1
github.com/Tutitoos/atenea/internal/config/config.go:2316.76,2319.3 1 1
github.com/Tutitoos/atenea/internal/config/config.go:2320.2,2321.16 2 1
github.com/Tutitoos/atenea/internal/config/config.go:2321.16,2323.3 1 0
github.com/Tutitoos/atenea/internal/config/config.go:2324.2,2325.16 2 1
github.com/Tutitoos/atenea/internal/config/config.go:2325.16,2327.3 1 0
github.com/Tutitoos/atenea/internal/config/config.go:2328.2,2329.16 2 1
github.com/Tutitoos/atenea/internal/config/config.go:2329.16,2331.3 1 0
github.com/Tutitoos/atenea/internal/config/config.go:2332.2,2333.36 2 1
github.com/Tutitoos/atenea/internal/config/config.go:2333.36,2335.17 2 1
github.com/Tutitoos/atenea/internal/config/config.go:2335.17,2337.4 1 1
github.com/Tutitoos/atenea/internal/config/config.go:2338.3,2338.19 1 1
github.com/Tutitoos/atenea/internal/config/config.go:2338.19,2340.4 1 0
github.com/Tutitoos/atenea/internal/config/config.go:2341.3,2341.32 1 1
github.com/Tutitoos/atenea/internal/config/config.go:2343.2,2343.32 1 1
github.com/Tutitoos/atenea/internal/config/config.go:2343.32,2345.3 1 1
github.com/Tutitoos/atenea/internal/config/config.go:2346.2,2348.16 3 1
github.com/Tutitoos/atenea/internal/config/config.go:2348.16,2350.3 1 1
github.com/Tutitoos/atenea/internal/config/config.go:2352.2,2353.47 2 1
github.com/Tutitoos/atenea/internal/config/config.go:2353.47,2355.3 1 1
github.com/Tutitoos/atenea/internal/config/config.go:2357.2,2380.39 2 1
github.com/Tutitoos/atenea/internal/config/config.go:2380.39,2383.3 1 0
github.com/Tutitoos/atenea/internal/config/config.go:2384.2,2384.17 1 1
github.com/Tutitoos/atenea/internal/config/config.go:2387.75,2389.16 2 1
github.com/Tutitoos/atenea/internal/config/config.go:2389.16,2392.3 1 1
github.com/Tutitoos/atenea/internal/config/config.go:2393.2,2394.16 2 1
github.com/Tutitoos/atenea/internal/config/config.go:2394.16,2397.3 1 1
github.com/Tutitoos/atenea/internal/config/config.go:2398.2,2399.39 2 1
github.com/Tutitoos/atenea/internal/config/config.go:2399.39,2402.3 1 0
github.com/Tutitoos/atenea/internal/config/config.go:2403.2,2403.17 1 1
github.com/Tutitoos/atenea/internal/config/local.go:194.53,196.16 2 1
github.com/Tutitoos/atenea/internal/config/local.go:196.16,199.3 1 0
github.com/Tutitoos/atenea/internal/config/local.go:200.2,200.39 1 1
github.com/Tutitoos/atenea/internal/config/local.go:212.60,214.16 2 1
github.com/Tutitoos/atenea/internal/config/local.go:214.16,216.3 1 0
github.com/Tutitoos/atenea/internal/config/local.go:217.2,217.39 1 1
github.com/Tutitoos/atenea/internal/config/local.go:217.39,219.3 1 0
github.com/Tutitoos/atenea/internal/config/local.go:220.2,220.28 1 1
github.com/Tutitoos/atenea/internal/config/local.go:226.56,228.9 2 1
github.com/Tutitoos/atenea/internal/config/local.go:228.9,233.3 1 1
github.com/Tutitoos/atenea/internal/config/local.go:234.2,236.9 3 1
github.com/Tutitoos/atenea/internal/config/local.go:237.18,238.42 1 1
github.com/Tutitoos/atenea/internal/config/local.go:239.38,244.94 1 1
github.com/Tutitoos/atenea/internal/config/local.go:244.94,248.4 1 1
github.com/Tutitoos/atenea/internal/config/local.go:249.3,249.18 1 1
github.com/Tutitoos/atenea/internal/config/local.go:250.10,252.39 1 0
github.com/Tutitoos/atenea/internal/config/local.go:270.42,272.16 2 1
github.com/Tutitoos/atenea/internal/config/local.go:272.16,274.3 1 0
github.com/Tutitoos/atenea/internal/config/local.go:275.2,275.6 1 1
github.com/Tutitoos/atenea/internal/config/local.go:275.6,278.65 1 1
github.com/Tutitoos/atenea/internal/config/local.go:278.65,280.4 1 1
github.com/Tutitoos/atenea/internal/config/local.go:281.3,282.20 2 1
github.com/Tutitoos/atenea/internal/config/local.go:282.20,284.4 1 1
github.com/Tutitoos/atenea/internal/config/local.go:285.3,285.15 1 1
github.com/Tutitoos/atenea/internal/config/local.go:290.78,293.16 3 1
github.com/Tutitoos/atenea/internal/config/local.go:293.16,296.3 1 0
github.com/Tutitoos/atenea/internal/config/local.go:297.2,297.59 1 1
github.com/Tutitoos/atenea/internal/config/local.go:297.59,299.3 1 1
github.com/Tutitoos/atenea/internal/config/local.go:301.2,303.95 2 1
github.com/Tutitoos/atenea/internal/config/local.go:303.95,305.3 1 1
github.com/Tutitoos/atenea/internal/config/local.go:306.2,306.84 1 1
github.com/Tutitoos/atenea/internal/config/local.go:306.84,308.3 1 1
github.com/Tutitoos/atenea/internal/config/local.go:309.2,309.77 1 1
github.com/Tutitoos/atenea/internal/config/local.go:309.77,311.3 1 1
github.com/Tutitoos/atenea/internal/config/local.go:312.2,316.17 4 1
github.com/Tutitoos/atenea/internal/config/local.go:326.68,328.25 2 1
github.com/Tutitoos/atenea/internal/config/local.go:328.25,330.3 1 1
github.com/Tutitoos/atenea/internal/config/local.go:331.2,333.32 3 1
github.com/Tutitoos/atenea/internal/config/local.go:333.32,335.10 2 1
github.com/Tutitoos/atenea/internal/config/local.go:336.39,337.84 1 1
github.com/Tutitoos/atenea/internal/config/local.go:338.42,340.22 2 1
github.com/Tutitoos/atenea/internal/config/local.go:340.22,341.13 1 1
github.com/Tutitoos/atenea/internal/config/local.go:343.4,344.82 2 1
github.com/Tutitoos/atenea/internal/config/local.go:345.11,348.67 1 1
github.com/Tutitoos/atenea/internal/config/local.go:351.2,353.64 2 1
github.com/Tutitoos/atenea/internal/config/local.go:357.31,358.46 1 1
github.com/Tutitoos/atenea/internal/config/local.go:358.46,360.3 1 1
github.com/Tutitoos/atenea/internal/config/local.go:361.2,361.12 1 1
github.com/Tutitoos/atenea/internal/config/local.go:364.48,367.27 3 1
github.com/Tutitoos/atenea/internal/config/local.go:367.27,369.3 1 1
github.com/Tutitoos/atenea/internal/config/local.go:370.2,371.28 2 1
github.com/Tutitoos/atenea/internal/config/local.go:379.115,380.23 1 1
github.com/Tutitoos/atenea/internal/config/local.go:381.9,382.18 1 1
github.com/Tutitoos/atenea/internal/config/local.go:383.9,383.9 0 1
github.com/Tutitoos/atenea/internal/config/local.go:384.10,387.26 1 1
github.com/Tutitoos/atenea/internal/config/local.go:389.2,394.40 3 1
github.com/Tutitoos/atenea/internal/config/local.go:394.40,395.32 1 1
github.com/Tutitoos/atenea/internal/config/local.go:395.32,397.9 2 1
github.com/Tutitoos/atenea/internal/config/local.go:401.2,402.16 2 1
github.com/Tutitoos/atenea/internal/config/local.go:402.16,412.3 2 1
github.com/Tutitoos/atenea/internal/config/local.go:412.8,419.41 2 1
github.com/Tutitoos/atenea/internal/config/local.go:419.41,420.21 1 0
github.com/Tutitoos/atenea/internal/config/local.go:420.21,424.5 1 0
github.com/Tutitoos/atenea/internal/config/local.go:426.3,427.21 2 1
github.com/Tutitoos/atenea/internal/config/local.go:430.2,430.28 1 1
github.com/Tutitoos/atenea/internal/config/local.go:430.28,432.3 1 1
github.com/Tutitoos/atenea/internal/config/local.go:433.2,433.24 1 1
github.com/Tutitoos/atenea/internal/config/local.go:433.24,435.3 1 1
github.com/Tutitoos/atenea/internal/config/local.go:436.2,436.22 1 1
github.com/Tutitoos/atenea/internal/config/local.go:436.22,438.3 1 0
github.com/Tutitoos/atenea/internal/config/local.go:439.2,439.28 1 1
github.com/Tutitoos/atenea/internal/config/local.go:439.28,441.3 1 0
github.com/Tutitoos/atenea/internal/config/local.go:443.2,444.16 2 1
github.com/Tutitoos/atenea/internal/config/local.go:444.16,446.3 1 0
github.com/Tutitoos/atenea/internal/config/local.go:447.2,448.16 2 1
github.com/Tutitoos/atenea/internal/config/local.go:448.16,451.3 2 1
github.com/Tutitoos/atenea/internal/config/local.go:451.8,453.3 1 1
github.com/Tutitoos/atenea/internal/config/local.go:454.2,454.17 1 1
github.com/Tutitoos/atenea/internal/config/local.go:460.33,461.33 1 1
github.com/Tutitoos/atenea/internal/config/local.go:461.33,463.17 2 1
github.com/Tutitoos/atenea/internal/config/local.go:463.17,465.4 1 0
github.com/Tutitoos/atenea/internal/config/local.go:466.3,466.62 1 1
github.com/Tutitoos/atenea/internal/config/local.go:466.62,468.4 1 1
github.com/Tutitoos/atenea/internal/config/local.go:469.3,469.13 1 1
github.com/Tutitoos/atenea/internal/config/local.go:471.2,471.29 1 1
github.com/Tutitoos/atenea/internal/config/local.go:480.96,481.24 1 1
github.com/Tutitoos/atenea/internal/config/local.go:481.24,483.3 1 1
github.com/Tutitoos/atenea/internal/config/local.go:484.2,484.28 1 1
github.com/Tutitoos/atenea/internal/config/local.go:484.28,490.3 1 0
github.com/Tutitoos/atenea/internal/config/local.go:491.2,492.43 2 1
github.com/Tutitoos/atenea/internal/config/local.go:492.43,494.3 1 1
github.com/Tutitoos/atenea/internal/config/local.go:496.2,497.32 2 1
github.com/Tutitoos/atenea/internal/config/local.go:497.32,498.47 1 1
github.com/Tutitoos/atenea/internal/config/local.go:498.47,501.4 1 0
github.com/Tutitoos/atenea/internal/config/local.go:502.3,502.43 1 1
github.com/Tutitoos/atenea/internal/config/local.go:502.43,505.4 1 0
github.com/Tutitoos/atenea/internal/config/local.go:508.3,508.26 1 1
github.com/Tutitoos/atenea/internal/config/local.go:508.26,512.4 1 1
github.com/Tutitoos/atenea/internal/config/local.go:515.3,515.26 1 1
github.com/Tutitoos/atenea/internal/config/local.go:516.29,517.38 1 1
github.com/Tutitoos/atenea/internal/config/local.go:518.11,521.64 1 1
github.com/Tutitoos/atenea/internal/config/local.go:523.3,529.34 3 1
github.com/Tutitoos/atenea/internal/config/local.go:529.34,530.88 1 1
github.com/Tutitoos/atenea/internal/config/local.go:530.88,533.10 3 1
github.com/Tutitoos/atenea/internal/config/local.go:536.3,536.16 1 1
github.com/Tutitoos/atenea/internal/config/local.go:536.16,538.4 1 1
github.com/Tutitoos/atenea/internal/config/local.go:540.2,541.17 2 1
github.com/Tutitoos/atenea/internal/config/local.go:550.69,551.21 1 1
github.com/Tutitoos/atenea/internal/config/local.go:551.21,553.3 1 1
github.com/Tutitoos/atenea/internal/config/local.go:554.2,555.36 2 1
github.com/Tutitoos/atenea/internal/config/local.go:555.36,557.53 2 1
github.com/Tutitoos/atenea/internal/config/local.go:557.53,558.12 1 1
github.com/Tutitoos/atenea/internal/config/local.go:560.3,560.29 1 1
github.com/Tutitoos/atenea/internal/config/local.go:562.2,563.17 2 1
github.com/Tutitoos/atenea/internal/config/local.go:601.98,602.24 1 1
github.com/Tutitoos/atenea/internal/config/local.go:602.24,604.3 1 1
github.com/Tutitoos/atenea/internal/config/local.go:609.2,611.35 3 1
github.com/Tutitoos/atenea/internal/config/local.go:611.35,614.3 2 1
github.com/Tutitoos/atenea/internal/config/local.go:616.2,616.32 1 1
github.com/Tutitoos/atenea/internal/config/local.go:616.32,618.17 2 1
github.com/Tutitoos/atenea/internal/config/local.go:618.17,620.4 1 1
github.com/Tutitoos/atenea/internal/config/local.go:621.3,623.53 3 1
github.com/Tutitoos/atenea/internal/config/local.go:625.2,626.17 2 1
github.com/Tutitoos/atenea/internal/config/local.go:631.82,633.62 2 1
github.com/Tutitoos/atenea/internal/config/local.go:633.62,636.3 1 1
github.com/Tutitoos/atenea/internal/config/local.go:637.2,637.16 1 1
github.com/Tutitoos/atenea/internal/config/local.go:637.16,640.3 1 0
github.com/Tutitoos/atenea/internal/config/local.go:641.2,641.34 1 1
github.com/Tutitoos/atenea/internal/config/local.go:641.34,643.3 1 1
github.com/Tutitoos/atenea/internal/config/local.go:644.2,645.16 2 1
github.com/Tutitoos/atenea/internal/config/local.go:645.16,648.3 1 1
github.com/Tutitoos/atenea/internal/config/local.go:649.2,650.9 2 1
github.com/Tutitoos/atenea/internal/config/local.go:650.9,653.3 1 1
github.com/Tutitoos/atenea/internal/config/local.go:655.2,663.9 8 1
github.com/Tutitoos/atenea/internal/config/local.go:664.21,666.46 1 1
github.com/Tutitoos/atenea/internal/config/local.go:667.38,669.34 1 1
github.com/Tutitoos/atenea/internal/config/local.go:670.48,673.45 1 1
github.com/Tutitoos/atenea/internal/config/local.go:675.2,682.22 2 1
github.com/Tutitoos/atenea/internal/config/local.go:682.22,684.17 2 1
github.com/Tutitoos/atenea/internal/config/local.go:684.17,686.4 1 0
github.com/Tutitoos/atenea/internal/config/local.go:687.3,687.29 1 1
github.com/Tutitoos/atenea/internal/config/local.go:687.29,690.4 1 1
github.com/Tutitoos/atenea/internal/config/local.go:692.2,692.22 1 1
github.com/Tutitoos/atenea/internal/config/local.go:692.22,694.17 2 1
github.com/Tutitoos/atenea/internal/config/local.go:694.17,696.4 1 0
github.com/Tutitoos/atenea/internal/config/local.go:697.3,697.24 1 1
github.com/Tutitoos/atenea/internal/config/local.go:697.24,700.4 1 1
github.com/Tutitoos/atenea/internal/config/local.go:702.2,702.73 1 1
github.com/Tutitoos/atenea/internal/config/local.go:702.73,705.3 1 1
github.com/Tutitoos/atenea/internal/config/local.go:707.2,707.25 1 1
github.com/Tutitoos/atenea/internal/config/local.go:707.25,709.3 1 1
github.com/Tutitoos/atenea/internal/config/local.go:709.8,711.42 2 1
github.com/Tutitoos/atenea/internal/config/local.go:711.42,713.18 2 1
github.com/Tutitoos/atenea/internal/config/local.go:713.18,715.5 1 0
github.com/Tutitoos/atenea/internal/config/local.go:716.4,716.46 1 1
github.com/Tutitoos/atenea/internal/config/local.go:716.46,718.5 1 1
github.com/Tutitoos/atenea/internal/config/local.go:719.4,719.49 1 0
github.com/Tutitoos/atenea/internal/config/local.go:719.49,722.5 1 0
github.com/Tutitoos/atenea/internal/config/local.go:723.4,723.37 1 0
github.com/Tutitoos/atenea/internal/config/local.go:725.3,725.24 1 0
github.com/Tutitoos/atenea/internal/config/local.go:728.2,728.25 1 1
github.com/Tutitoos/atenea/internal/config/local.go:728.25,730.3 1 1
github.com/Tutitoos/atenea/internal/config/local.go:730.8,732.42 2 1
github.com/Tutitoos/atenea/internal/config/local.go:732.42,734.18 2 1
github.com/Tutitoos/atenea/internal/config/local.go:734.18,736.5 1 0
github.com/Tutitoos/atenea/internal/config/local.go:737.4,737.45 1 1
github.com/Tutitoos/atenea/internal/config/local.go:737.45,739.5 1 0
github.com/Tutitoos/atenea/internal/config/local.go:740.4,740.48 1 1
github.com/Tutitoos/atenea/internal/config/local.go:740.48,743.5 1 1
github.com/Tutitoos/atenea/internal/config/local.go:744.4,744.34 1 1
github.com/Tutitoos/atenea/internal/config/local.go:746.3,746.23 1 0
github.com/Tutitoos/atenea/internal/config/local.go:755.2,756.90 2 1
github.com/Tutitoos/atenea/internal/config/local.go:756.90,758.3 1 0
github.com/Tutitoos/atenea/internal/config/local.go:759.2,759.84 1 1
github.com/Tutitoos/atenea/internal/config/local.go:759.84,761.3 1 1
github.com/Tutitoos/atenea/internal/config/local.go:762.2,763.29 2 1
github.com/Tutitoos/atenea/internal/config/local.go:763.29,765.17 2 1
github.com/Tutitoos/atenea/internal/config/local.go:765.17,767.4 1 0
github.com/Tutitoos/atenea/internal/config/local.go:768.3,768.30 1 1
github.com/Tutitoos/atenea/internal/config/local.go:770.2,770.27 1 1
github.com/Tutitoos/atenea/internal/config/local.go:770.27,772.3 1 1
github.com/Tutitoos/atenea/internal/config/local.go:773.2,773.31 1 1
github.com/Tutitoos/atenea/internal/config/local.go:773.31,777.3 1 1
github.com/Tutitoos/atenea/internal/config/local.go:778.2,778.29 1 1
github.com/Tutitoos/atenea/internal/config/local.go:778.29,782.3 1 1
github.com/Tutitoos/atenea/internal/config/local.go:783.2,785.26 2 1
github.com/Tutitoos/atenea/internal/config/local.go:785.26,787.17 2 0
github.com/Tutitoos/atenea/internal/config/local.go:787.17,789.4 1 0
github.com/Tutitoos/atenea/internal/config/local.go:790.3,790.27 1 0
github.com/Tutitoos/atenea/internal/config/local.go:793.2,793.45 1 1
github.com/Tutitoos/atenea/internal/config/local.go:793.45,795.3 1 1
github.com/Tutitoos/atenea/internal/config/local.go:796.2,796.17 1 1
github.com/Tutitoos/atenea/internal/config/local.go:801.29,801.61 1 1
github.com/Tutitoos/atenea/internal/config/local.go:803.56,805.27 2 1
github.com/Tutitoos/atenea/internal/config/local.go:805.27,807.3 1 1
github.com/Tutitoos/atenea/internal/config/local.go:808.2,809.14 2 1
github.com/Tutitoos/atenea/internal/config/local.go:812.78,814.34 2 1
github.com/Tutitoos/atenea/internal/config/local.go:814.34,815.39 1 1
github.com/Tutitoos/atenea/internal/config/local.go:815.39,817.4 1 1
github.com/Tutitoos/atenea/internal/config/local.go:819.2,819.12 1 1
github.com/Tutitoos/atenea/internal/config/local.go:822.89,824.33 2 1
github.com/Tutitoos/atenea/internal/config/local.go:824.33,825.38 1 1
github.com/Tutitoos/atenea/internal/config/local.go:825.38,827.4 1 1
github.com/Tutitoos/atenea/internal/config/local.go:829.2,829.12 1 1
github.com/Tutitoos/atenea/internal/config/local.go:836.36,837.16 1 1
github.com/Tutitoos/atenea/internal/config/local.go:837.16,839.3 1 0
github.com/Tutitoos/atenea/internal/config/local.go:840.2,840.35 1 1
github.com/Tutitoos/atenea/internal/config/local.go:843.52,845.33 2 0
github.com/Tutitoos/atenea/internal/config/local.go:845.33,847.3 1 0
github.com/Tutitoos/atenea/internal/config/local.go:848.2,848.34 1 0
github.com/Tutitoos/atenea/internal/config/local.go:851.56,853.31 2 1
github.com/Tutitoos/atenea/internal/config/local.go:853.31,855.3 1 1
github.com/Tutitoos/atenea/internal/config/local.go:856.2,856.34 1 1
github.com/Tutitoos/atenea/internal/config/workflow.go:29.38,30.24 1 0
github.com/Tutitoos/atenea/internal/config/workflow.go:30.24,32.3 1 0
github.com/Tutitoos/atenea/internal/config/workflow.go:33.2,33.27 1 0
github.com/Tutitoos/atenea/internal/config/workflow.go:49.62,62.29 3 1
github.com/Tutitoos/atenea/internal/config/workflow.go:62.29,63.24 1 1
github.com/Tutitoos/atenea/internal/config/workflow.go:63.24,64.12 1 1
github.com/Tutitoos/atenea/internal/config/workflow.go:66.3,66.54 1 1
github.com/Tutitoos/atenea/internal/config/workflow.go:66.54,70.4 1 0
github.com/Tutitoos/atenea/internal/config/workflow.go:71.3,71.26 1 1
github.com/Tutitoos/atenea/internal/config/workflow.go:73.2,73.17 1 1
github.com/Tutitoos/atenea/internal/dashboard/dashboard.go:53.68,54.33 1 1
github.com/Tutitoos/atenea/internal/dashboard/dashboard.go:54.33,55.22 1 1
github.com/Tutitoos/atenea/internal/dashboard/dashboard.go:55.22,56.12 1 1
github.com/Tutitoos/atenea/internal/dashboard/dashboard.go:58.3,58.29 1 1
github.com/Tutitoos/atenea/internal/dashboard/dashboard.go:58.29,60.4 1 1
github.com/Tutitoos/atenea/internal/dashboard/dashboard.go:61.3,61.76 1 1
github.com/Tutitoos/atenea/internal/dashboard/dashboard.go:63.2,63.55 1 1
github.com/Tutitoos/atenea/internal/dashboard/dashboard.go:70.65,72.36 2 1
github.com/Tutitoos/atenea/internal/dashboard/dashboard.go:72.36,74.3 1 0
github.com/Tutitoos/atenea/internal/dashboard/dashboard.go:75.2,75.47 1 1
github.com/Tutitoos/atenea/internal/dashboard/dashboard.go:75.47,77.3 1 1
github.com/Tutitoos/atenea/internal/dashboard/dashboard.go:78.2,82.8 1 1
github.com/Tutitoos/atenea/internal/dashboard/dashboard.go:87.55,90.33 3 1
github.com/Tutitoos/atenea/internal/dashboard/dashboard.go:90.33,91.29 1 1
github.com/Tutitoos/atenea/internal/dashboard/dashboard.go:91.29,92.12 1 0
github.com/Tutitoos/atenea/internal/dashboard/dashboard.go:94.3,94.42 1 1
github.com/Tutitoos/atenea/internal/dashboard/dashboard.go:94.42,96.4 1 1
github.com/Tutitoos/atenea/internal/dashboard/dashboard.go:97.3,98.83 2 1
github.com/Tutitoos/atenea/internal/dashboard/dashboard.go:100.2,100.17 1 1
github.com/Tutitoos/atenea/internal/dashboard/dashboard.go:105.52,107.16 2 1
github.com/Tutitoos/atenea/internal/dashboard/dashboard.go:107.16,109.3 1 0
github.com/Tutitoos/atenea/internal/dashboard/dashboard.go:110.2,110.47 1 1
github.com/Tutitoos/atenea/internal/dashboard/dashboard.go:110.47,112.3 1 0
github.com/Tutitoos/atenea/internal/dashboard/dashboard.go:113.2,113.32 1 1
github.com/Tutitoos/atenea/internal/dashboard/dashboard.go:113.32,114.32 1 1
github.com/Tutitoos/atenea/internal/dashboard/dashboard.go:114.32,116.4 1 1
github.com/Tutitoos/atenea/internal/dashboard/dashboard.go:118.2,118.113 1 1
github.com/Tutitoos/atenea/internal/dashboard/dashboard.go:124.54,127.16 3 1
github.com/Tutitoos/atenea/internal/dashboard/dashboard.go:127.16,129.3 1 1
github.com/Tutitoos/atenea/internal/dashboard/dashboard.go:130.2,131.16 2 1
github.com/Tutitoos/atenea/internal/dashboard/dashboard.go:131.16,133.3 1 0
github.com/Tutitoos/atenea/internal/dashboard/dashboard.go:134.2,134.15 1 1
github.com/Tutitoos/atenea/internal/dashboard/dashboard.go:134.15,134.40 1 1
github.com/Tutitoos/atenea/internal/dashboard/dashboard.go:135.2,136.28 2 1
github.com/Tutitoos/atenea/internal/dashboard/dashboard.go:136.28,138.3 1 1
github.com/Tutitoos/atenea/internal/dashboard/dashboard.go:139.2,139.12 1 1
github.com/Tutitoos/atenea/internal/dashboard/dashboard.go:151.33,151.61 1 0
github.com/Tutitoos/atenea/internal/dashboard/dashboard.go:153.50,156.22 3 0
github.com/Tutitoos/atenea/internal/dashboard/dashboard.go:157.16,158.40 1 0
github.com/Tutitoos/atenea/internal/dashboard/dashboard.go:159.15,160.44 1 0
github.com/Tutitoos/atenea/internal/dashboard/dashboard.go:161.10,162.69 1 0
github.com/Tutitoos/atenea/internal/dashboard/dashboard.go:164.2,164.42 1 0
github.com/Tutitoos/atenea/internal/dashboard/dashboard.go:178.70,180.2 1 0
github.com/Tutitoos/atenea/internal/dashboard/dashboard.go:182.87,185.46 3 1
github.com/Tutitoos/atenea/internal/dashboard/dashboard.go:185.46,188.17 3 1
github.com/Tutitoos/atenea/internal/dashboard/dashboard.go:188.17,189.12 1 0
github.com/Tutitoos/atenea/internal/dashboard/dashboard.go:191.3,192.17 2 1
github.com/Tutitoos/atenea/internal/dashboard/dashboard.go:192.17,193.12 1 0
github.com/Tutitoos/atenea/internal/dashboard/dashboard.go:195.3,203.78 4 1
github.com/Tutitoos/atenea/internal/dashboard/dashboard.go:203.78,204.12 1 1
github.com/Tutitoos/atenea/internal/dashboard/dashboard.go:206.3,210.9 1 1
github.com/Tutitoos/atenea/internal/dashboard/dashboard.go:212.2,212.91 1 1
github.com/Tutitoos/atenea/internal/dashboard/dashboard.go:223.90,225.16 2 1
github.com/Tutitoos/atenea/internal/dashboard/dashboard.go:225.16,227.3 1 1
github.com/Tutitoos/atenea/internal/dashboard/dashboard.go:228.2,229.32 2 1
github.com/Tutitoos/atenea/internal/dashboard/dashboard.go:229.32,230.27 1 1
github.com/Tutitoos/atenea/internal/dashboard/dashboard.go:230.27,232.4 1 1
github.com/Tutitoos/atenea/internal/dashboard/dashboard.go:233.3,234.48 2 1
github.com/Tutitoos/atenea/internal/dashboard/dashboard.go:234.48,236.4 1 1
github.com/Tutitoos/atenea/internal/dashboard/dashboard.go:239.2,240.21 2 1
github.com/Tutitoos/atenea/internal/dashboard/dashboard.go:240.21,242.3 1 1
github.com/Tutitoos/atenea/internal/dashboard/dashboard.go:246.2,246.32 1 1
github.com/Tutitoos/atenea/internal/dashboard/dashboard.go:246.32,248.37 2 1
github.com/Tutitoos/atenea/internal/dashboard/dashboard.go:248.37,249.57 1 1
github.com/Tutitoos/atenea/internal/dashboard/dashboard.go:249.57,251.5 1 1
github.com/Tutitoos/atenea/internal/dashboard/dashboard.go:253.3,254.64 2 1
github.com/Tutitoos/atenea/internal/dashboard/dashboard.go:256.2,258.27 3 1
github.com/Tutitoos/atenea/internal/dashboard/dashboard.go:258.27,259.50 1 1
github.com/Tutitoos/atenea/internal/dashboard/dashboard.go:259.50,261.4 1 1
github.com/Tutitoos/atenea/internal/dashboard/dashboard.go:262.3,265.36 4 1
github.com/Tutitoos/atenea/internal/dashboard/dashboard.go:267.2,268.56 2 1
github.com/Tutitoos/atenea/internal/dashboard/dashboard.go:268.56,270.3 1 1
github.com/Tutitoos/atenea/internal/dashboard/dashboard.go:271.2,271.71 1 1
github.com/Tutitoos/atenea/internal/dashboard/dashboard.go:274.75,277.21 3 1
github.com/Tutitoos/atenea/internal/dashboard/dashboard.go:277.21,279.15 2 1
github.com/Tutitoos/atenea/internal/dashboard/dashboard.go:280.21,281.17 1 1
github.com/Tutitoos/atenea/internal/dashboard/dashboard.go:281.17,283.5 1 0
github.com/Tutitoos/atenea/internal/dashboard/dashboard.go:284.4,285.12 2 1
github.com/Tutitoos/atenea/internal/dashboard/dashboard.go:286.19,287.18 1 1
github.com/Tutitoos/atenea/internal/dashboard/dashboard.go:287.18,289.5 1 0
github.com/Tutitoos/atenea/internal/dashboard/dashboard.go:290.4,291.12 2 1
github.com/Tutitoos/atenea/internal/dashboard/dashboard.go:293.3,293.16 1 1
github.com/Tutitoos/atenea/internal/dashboard/dashboard.go:293.16,295.4 1 1
github.com/Tutitoos/atenea/internal/dashboard/dashboard.go:295.9,297.4 1 1
github.com/Tutitoos/atenea/internal/dashboard/dashboard.go:299.2,299.38 1 1
github.com/Tutitoos/atenea/internal/dashboard/dashboard.go:299.38,301.3 1 0
github.com/Tutitoos/atenea/internal/dashboard/dashboard.go:302.2,302.15 1 1
github.com/Tutitoos/atenea/internal/dashboard/dashboard.go:302.15,304.3 1 1
github.com/Tutitoos/atenea/internal/dashboard/dashboard.go:305.2,305.30 1 1
github.com/Tutitoos/atenea/internal/dashboard/dashboard.go:308.61,309.29 1 1
github.com/Tutitoos/atenea/internal/dashboard/dashboard.go:309.29,311.22 2 1
github.com/Tutitoos/atenea/internal/dashboard/dashboard.go:311.22,312.12 1 1
github.com/Tutitoos/atenea/internal/dashboard/dashboard.go:314.3,314.36 1 1
github.com/Tutitoos/atenea/internal/dashboard/dashboard.go:314.36,315.22 1 1
github.com/Tutitoos/atenea/internal/dashboard/dashboard.go:315.22,317.5 1 1
github.com/Tutitoos/atenea/internal/dashboard/dashboard.go:320.2,320.14 1 1
github.com/Tutitoos/atenea/internal/dashboard/dashboard.go:324.45,324.76 1 1
github.com/Tutitoos/atenea/internal/dashboard/dashboard.go:327.45,329.16 2 1
github.com/Tutitoos/atenea/internal/dashboard/dashboard.go:329.16,331.3 1 0
github.com/Tutitoos/atenea/internal/dashboard/dashboard.go:332.2,332.64 1 1
github.com/Tutitoos/atenea/internal/dashboard/dashboard.go:335.50,338.2 2 1
github.com/Tutitoos/atenea/internal/floor/floor.go:127.35,128.25 1 1
github.com/Tutitoos/atenea/internal/floor/floor.go:128.25,130.3 1 1
github.com/Tutitoos/atenea/internal/floor/floor.go:131.2,131.27 1 1
github.com/Tutitoos/atenea/internal/floor/floor.go:147.40,149.2 1 1
github.com/Tutitoos/atenea/internal/floor/floor.go:160.44,162.2 1 1
github.com/Tutitoos/atenea/internal/floor/floor.go:173.40,175.2 1 1
github.com/Tutitoos/atenea/internal/floor/floor.go:195.45,197.31 2 1
github.com/Tutitoos/atenea/internal/floor/floor.go:197.31,199.3 1 1
github.com/Tutitoos/atenea/internal/floor/floor.go:200.2,200.59 1 1
github.com/Tutitoos/atenea/internal/floor/floor.go:217.40,219.2 1 1
github.com/Tutitoos/atenea/internal/floor/floor.go:223.27,225.2 1 0
github.com/Tutitoos/atenea/internal/floor/floor.go:244.40,245.16 1 1
github.com/Tutitoos/atenea/internal/floor/floor.go:245.16,247.3 1 0
github.com/Tutitoos/atenea/internal/floor/floor.go:248.2,248.32 1 1
github.com/Tutitoos/atenea/internal/floor/floor.go:261.81,263.16 2 1
github.com/Tutitoos/atenea/internal/floor/floor.go:263.16,265.3 1 1
github.com/Tutitoos/atenea/internal/floor/floor.go:266.2,266.25 1 1
github.com/Tutitoos/atenea/internal/floor/floor.go:266.25,267.73 1 1
github.com/Tutitoos/atenea/internal/floor/floor.go:267.73,269.4 1 1
github.com/Tutitoos/atenea/internal/floor/floor.go:271.2,271.34 1 1
github.com/Tutitoos/atenea/internal/floor/floor.go:295.98,297.16 2 1
github.com/Tutitoos/atenea/internal/floor/floor.go:297.16,299.3 1 0
github.com/Tutitoos/atenea/internal/floor/floor.go:300.2,300.25 1 1
github.com/Tutitoos/atenea/internal/floor/floor.go:300.25,301.34 1 1
github.com/Tutitoos/atenea/internal/floor/floor.go:301.34,302.12 1 1
github.com/Tutitoos/atenea/internal/floor/floor.go:304.3,304.44 1 1
github.com/Tutitoos/atenea/internal/floor/floor.go:304.44,308.4 3 1
github.com/Tutitoos/atenea/internal/floor/floor.go:310.2,310.36 1 1
github.com/Tutitoos/atenea/internal/floor/floor.go:315.42,317.16 2 1
github.com/Tutitoos/atenea/internal/floor/floor.go:317.16,319.3 1 1
github.com/Tutitoos/atenea/internal/floor/floor.go:320.2,321.22 2 1
github.com/Tutitoos/atenea/internal/floor/floor.go:321.22,322.97 1 1
github.com/Tutitoos/atenea/internal/floor/floor.go:322.97,325.9 3 1
github.com/Tutitoos/atenea/internal/floor/floor.go:328.2,328.15 1 1
github.com/Tutitoos/atenea/internal/floor/floor.go:328.15,330.3 1 1
github.com/Tutitoos/atenea/internal/floor/floor.go:331.2,332.22 2 1
github.com/Tutitoos/atenea/internal/floor/floor.go:342.47,344.16 2 1
github.com/Tutitoos/atenea/internal/floor/floor.go:344.16,346.3 1 0
github.com/Tutitoos/atenea/internal/floor/floor.go:347.2,348.18 2 1
github.com/Tutitoos/atenea/internal/floor/floor.go:351.43,352.39 1 1
github.com/Tutitoos/atenea/internal/floor/floor.go:352.39,353.47 1 1
github.com/Tutitoos/atenea/internal/floor/floor.go:353.47,355.4 1 1
github.com/Tutitoos/atenea/internal/floor/floor.go:356.3,356.37 1 1
github.com/Tutitoos/atenea/internal/floor/floor.go:356.37,358.4 1 1
github.com/Tutitoos/atenea/internal/floor/floor.go:359.3,359.39 1 1
github.com/Tutitoos/atenea/internal/floor/floor.go:369.47,371.16 2 1
github.com/Tutitoos/atenea/internal/floor/floor.go:371.16,372.25 1 1
github.com/Tutitoos/atenea/internal/floor/floor.go:372.25,374.4 1 1
github.com/Tutitoos/atenea/internal/floor/floor.go:375.3,376.45 1 0
github.com/Tutitoos/atenea/internal/floor/floor.go:378.2,379.52 2 1
github.com/Tutitoos/atenea/internal/floor/floor.go:379.52,382.3 1 1
github.com/Tutitoos/atenea/internal/floor/floor.go:383.2,383.18 1 1
github.com/Tutitoos/atenea/internal/floor/floor.go:392.49,394.48 2 1
github.com/Tutitoos/atenea/internal/floor/floor.go:394.48,397.3 1 0
github.com/Tutitoos/atenea/internal/floor/floor.go:398.2,399.16 2 1
github.com/Tutitoos/atenea/internal/floor/floor.go:399.16,401.3 1 0
github.com/Tutitoos/atenea/internal/floor/floor.go:402.2,405.16 3 1
github.com/Tutitoos/atenea/internal/floor/floor.go:405.16,407.3 1 0
github.com/Tutitoos/atenea/internal/floor/floor.go:408.2,413.15 3 1
github.com/Tutitoos/atenea/internal/floor/floor.go:413.15,414.15 1 1
github.com/Tutitoos/atenea/internal/floor/floor.go:414.15,416.4 1 0
github.com/Tutitoos/atenea/internal/floor/floor.go:419.2,419.44 1 1
github.com/Tutitoos/atenea/internal/floor/floor.go:419.44,422.3 2 0
github.com/Tutitoos/atenea/internal/floor/floor.go:423.2,423.37 1 1
github.com/Tutitoos/atenea/internal/floor/floor.go:423.37,425.3 1 0
github.com/Tutitoos/atenea/internal/floor/floor.go:428.2,428.46 1 1
github.com/Tutitoos/atenea/internal/floor/floor.go:428.46,430.3 1 0
github.com/Tutitoos/atenea/internal/floor/floor.go:431.2,431.48 1 1
github.com/Tutitoos/atenea/internal/floor/floor.go:431.48,433.3 1 0
github.com/Tutitoos/atenea/internal/floor/floor.go:434.2,435.12 2 1
github.com/Tutitoos/atenea/internal/ipc/ipc.go:53.40,55.2 1 1
github.com/Tutitoos/atenea/internal/ipc/ipc.go:58.42,60.2 1 1
github.com/Tutitoos/atenea/internal/ipc/ipc.go:63.72,65.2 1 1
github.com/Tutitoos/atenea/internal/ipc/ipc.go:85.45,91.25 1 1
github.com/Tutitoos/atenea/internal/ipc/ipc.go:91.25,94.3 1 0
github.com/Tutitoos/atenea/internal/ipc/ipc.go:95.2,96.50 2 1
github.com/Tutitoos/atenea/internal/ipc/ipc.go:96.50,98.3 1 0
github.com/Tutitoos/atenea/internal/ipc/ipc.go:99.2,99.47 1 1
github.com/Tutitoos/atenea/internal/ipc/ipc.go:99.47,101.3 1 0
github.com/Tutitoos/atenea/internal/ipc/ipc.go:102.2,102.41 1 1
github.com/Tutitoos/atenea/internal/ipc/ipc.go:102.41,104.3 1 1
github.com/Tutitoos/atenea/internal/ipc/ipc.go:105.2,106.16 2 1
github.com/Tutitoos/atenea/internal/ipc/ipc.go:106.16,108.3 1 0
github.com/Tutitoos/atenea/internal/ipc/ipc.go:109.2,110.16 2 1
github.com/Tutitoos/atenea/internal/ipc/ipc.go:110.16,112.3 1 0
github.com/Tutitoos/atenea/internal/ipc/ipc.go:113.2,113.51 1 1
github.com/Tutitoos/atenea/internal/ipc/ipc.go:113.51,116.3 2 0
github.com/Tutitoos/atenea/internal/ipc/ipc.go:117.2,117.49 1 1
github.com/Tutitoos/atenea/internal/ipc/ipc.go:121.36,123.36 2 1
github.com/Tutitoos/atenea/internal/ipc/ipc.go:123.36,125.3 1 1
github.com/Tutitoos/atenea/internal/ipc/ipc.go:126.2,126.16 1 1
github.com/Tutitoos/atenea/internal/ipc/ipc.go:126.16,128.3 1 0
github.com/Tutitoos/atenea/internal/ipc/ipc.go:129.2,129.36 1 1
github.com/Tutitoos/atenea/internal/ipc/ipc.go:129.36,133.3 1 1
github.com/Tutitoos/atenea/internal/ipc/ipc.go:134.2,135.16 2 1
github.com/Tutitoos/atenea/internal/ipc/ipc.go:135.16,138.3 2 1
github.com/Tutitoos/atenea/internal/ipc/ipc.go:139.2,139.40 1 1
github.com/Tutitoos/atenea/internal/ipc/ipc.go:139.40,141.3 1 0
github.com/Tutitoos/atenea/internal/ipc/ipc.go:142.2,142.12 1 1
github.com/Tutitoos/atenea/internal/ipc/ipc.go:150.47,151.6 1 1
github.com/Tutitoos/atenea/internal/ipc/ipc.go:151.6,153.17 2 1
github.com/Tutitoos/atenea/internal/ipc/ipc.go:153.17,155.4 1 1
github.com/Tutitoos/atenea/internal/ipc/ipc.go:156.3,157.17 2 1
github.com/Tutitoos/atenea/internal/ipc/ipc.go:157.17,161.12 3 0
github.com/Tutitoos/atenea/internal/ipc/ipc.go:163.3,163.15 1 1
github.com/Tutitoos/atenea/internal/ipc/ipc.go:163.15,166.12 3 0
github.com/Tutitoos/atenea/internal/ipc/ipc.go:168.3,168.19 1 1
github.com/Tutitoos/atenea/internal/ipc/ipc.go:176.36,176.63 1 1
github.com/Tutitoos/atenea/internal/ipc/ipc.go:179.34,179.51 1 1
github.com/Tutitoos/atenea/internal/ipc/ipc.go:193.34,194.19 1 1
github.com/Tutitoos/atenea/internal/ipc/ipc.go:194.19,194.50 1 1
github.com/Tutitoos/atenea/internal/ipc/ipc.go:195.2,195.18 1 1
github.com/Tutitoos/atenea/internal/ipc/peer_darwin.go:16.49,18.16 2 1
github.com/Tutitoos/atenea/internal/ipc/peer_darwin.go:18.16,20.3 1 0
github.com/Tutitoos/atenea/internal/ipc/peer_darwin.go:21.2,23.41 3 1
github.com/Tutitoos/atenea/internal/ipc/peer_darwin.go:23.41,25.3 1 1
github.com/Tutitoos/atenea/internal/ipc/peer_darwin.go:25.17,27.3 1 0
github.com/Tutitoos/atenea/internal/ipc/peer_darwin.go:28.2,28.20 1 1
github.com/Tutitoos/atenea/internal/ipc/peer_darwin.go:28.20,30.3 1 0
github.com/Tutitoos/atenea/internal/ipc/peer_darwin.go:31.2,31.46 1 1
github.com/Tutitoos/atenea/internal/mcpprobe/probe.go:85.36,86.17 1 1
github.com/Tutitoos/atenea/internal/mcpprobe/probe.go:86.17,88.3 1 1
github.com/Tutitoos/atenea/internal/mcpprobe/probe.go:89.2,89.16 1 1
github.com/Tutitoos/atenea/internal/mcpprobe/probe.go:93.32,94.17 1 1
github.com/Tutitoos/atenea/internal/mcpprobe/probe.go:94.17,96.3 1 1
github.com/Tutitoos/atenea/internal/mcpprobe/probe.go:97.2,97.25 1 1
github.com/Tutitoos/atenea/internal/mcpprobe/probe.go:97.25,99.3 1 1
github.com/Tutitoos/atenea/internal/mcpprobe/probe.go:100.2,100.37 1 1
github.com/Tutitoos/atenea/internal/mcpprobe/probe.go:121.35,121.90 1 1
github.com/Tutitoos/atenea/internal/mcpprobe/probe.go:134.50,137.18 3 1
github.com/Tutitoos/atenea/internal/mcpprobe/probe.go:137.18,139.3 1 1
github.com/Tutitoos/atenea/internal/mcpprobe/probe.go:140.2,145.9 5 1
github.com/Tutitoos/atenea/internal/mcpprobe/probe.go:146.19,147.31 1 1
github.com/Tutitoos/atenea/internal/mcpprobe/probe.go:148.26,149.32 1 1
github.com/Tutitoos/atenea/internal/mcpprobe/probe.go:150.10,151.62 1 1
github.com/Tutitoos/atenea/internal/mcpprobe/probe.go:154.2,155.16 2 1
github.com/Tutitoos/atenea/internal/mcpprobe/probe.go:155.16,160.47 1 1
github.com/Tutitoos/atenea/internal/mcpprobe/probe.go:160.47,162.4 1 1
github.com/Tutitoos/atenea/internal/mcpprobe/probe.go:163.3,164.13 2 1
github.com/Tutitoos/atenea/internal/mcpprobe/probe.go:166.2,167.38 2 1
github.com/Tutitoos/atenea/internal/mcpprobe/probe.go:167.38,169.3 1 1
github.com/Tutitoos/atenea/internal/mcpprobe/probe.go:170.2,171.12 2 1
github.com/Tutitoos/atenea/internal/mcpprobe/probe.go:187.63,190.28 3 1
github.com/Tutitoos/atenea/internal/mcpprobe/probe.go:190.28,192.13 2 1
github.com/Tutitoos/atenea/internal/mcpprobe/probe.go:192.13,195.4 2 1
github.com/Tutitoos/atenea/internal/mcpprobe/probe.go:197.2,198.16 2 1
github.com/Tutitoos/atenea/internal/mcpprobe/probe.go:201.39,212.2 1 1
github.com/Tutitoos/atenea/internal/mcpprobe/probe.go:214.72,216.16 2 1
github.com/Tutitoos/atenea/internal/mcpprobe/probe.go:216.16,218.3 1 0
github.com/Tutitoos/atenea/internal/mcpprobe/probe.go:219.2,220.16 2 1
github.com/Tutitoos/atenea/internal/mcpprobe/probe.go:220.16,222.3 1 0
github.com/Tutitoos/atenea/internal/mcpprobe/probe.go:223.2,229.16 4 1
github.com/Tutitoos/atenea/internal/mcpprobe/probe.go:229.16,236.53 2 1
github.com/Tutitoos/atenea/internal/mcpprobe/probe.go:236.53,238.4 1 1
github.com/Tutitoos/atenea/internal/mcpprobe/probe.go:239.3,239.18 1 0
github.com/Tutitoos/atenea/internal/mcpprobe/probe.go:241.2,241.15 1 1
github.com/Tutitoos/atenea/internal/mcpprobe/probe.go:241.15,241.40 1 1
github.com/Tutitoos/atenea/internal/mcpprobe/probe.go:242.2,243.16 2 1
github.com/Tutitoos/atenea/internal/mcpprobe/probe.go:243.16,245.3 1 0
github.com/Tutitoos/atenea/internal/mcpprobe/probe.go:246.2,246.28 1 1
github.com/Tutitoos/atenea/internal/mcpprobe/probe.go:246.28,248.3 1 1
github.com/Tutitoos/atenea/internal/mcpprobe/probe.go:249.2,249.29 1 1
github.com/Tutitoos/atenea/internal/mcpprobe/probe.go:252.73,262.20 3 1
github.com/Tutitoos/atenea/internal/mcpprobe/probe.go:262.20,264.3 1 0
github.com/Tutitoos/atenea/internal/mcpprobe/probe.go:265.2,266.16 2 1
github.com/Tutitoos/atenea/internal/mcpprobe/probe.go:266.16,268.3 1 0
github.com/Tutitoos/atenea/internal/mcpprobe/probe.go:269.2,270.16 2 1
github.com/Tutitoos/atenea/internal/mcpprobe/probe.go:270.16,272.3 1 0
github.com/Tutitoos/atenea/internal/mcpprobe/probe.go:273.2,274.16 2 1
github.com/Tutitoos/atenea/internal/mcpprobe/probe.go:274.16,276.3 1 0
github.com/Tutitoos/atenea/internal/mcpprobe/probe.go:277.2,277.36 1 1
github.com/Tutitoos/atenea/internal/mcpprobe/probe.go:277.36,279.3 1 1
github.com/Tutitoos/atenea/internal/mcpprobe/probe.go:286.2,288.12 3 1
github.com/Tutitoos/atenea/internal/mcpprobe/probe.go:288.12,291.3 2 1
github.com/Tutitoos/atenea/internal/mcpprobe/probe.go:296.2,296.19 1 1
github.com/Tutitoos/atenea/internal/mcpprobe/probe.go:296.19,297.10 1 1
github.com/Tutitoos/atenea/internal/mcpprobe/probe.go:298.18,298.18 0 1
github.com/Tutitoos/atenea/internal/mcpprobe/probe.go:299.38,299.38 0 0
github.com/Tutitoos/atenea/internal/mcpprobe/probe.go:305.2,305.15 1 1
github.com/Tutitoos/atenea/internal/mcpprobe/probe.go:305.15,310.3 4 1
github.com/Tutitoos/atenea/internal/mcpprobe/probe.go:312.2,313.16 2 1
github.com/Tutitoos/atenea/internal/mcpprobe/probe.go:313.16,315.3 1 0
github.com/Tutitoos/atenea/internal/mcpprobe/probe.go:316.2,316.59 1 1
github.com/Tutitoos/atenea/internal/mcpprobe/probe.go:316.59,320.23 2 0
github.com/Tutitoos/atenea/internal/mcpprobe/probe.go:320.23,322.4 1 0
github.com/Tutitoos/atenea/internal/mcpprobe/probe.go:323.3,323.77 1 0
github.com/Tutitoos/atenea/internal/mcpprobe/probe.go:326.2,327.21 2 1
github.com/Tutitoos/atenea/internal/mcpprobe/probe.go:327.21,329.31 2 1
github.com/Tutitoos/atenea/internal/mcpprobe/probe.go:329.31,330.30 1 1
github.com/Tutitoos/atenea/internal/mcpprobe/probe.go:330.30,336.5 2 1
github.com/Tutitoos/atenea/internal/mcpprobe/probe.go:337.4,337.40 1 0
github.com/Tutitoos/atenea/internal/mcpprobe/probe.go:339.3,340.56 2 1
github.com/Tutitoos/atenea/internal/mcpprobe/probe.go:340.56,341.12 1 1
github.com/Tutitoos/atenea/internal/mcpprobe/probe.go:343.3,344.51 2 1
github.com/Tutitoos/atenea/internal/mcpprobe/probe.go:344.51,345.12 1 0
github.com/Tutitoos/atenea/internal/mcpprobe/probe.go:347.3,347.20 1 1
github.com/Tutitoos/atenea/internal/mcpprobe/probe.go:347.20,348.12 1 0
github.com/Tutitoos/atenea/internal/mcpprobe/probe.go:350.3,350.23 1 1
github.com/Tutitoos/atenea/internal/mcpprobe/probe.go:350.23,352.4 1 0
github.com/Tutitoos/atenea/internal/mcpprobe/probe.go:353.3,353.25 1 1
github.com/Tutitoos/atenea/internal/mcpprobe/probe.go:355.2,355.100 1 0
github.com/Tutitoos/atenea/internal/mcpprobe/probe.go:379.34,383.2 1 1
github.com/Tutitoos/atenea/internal/mcpprobe/probe.go:399.45,403.2 3 1
github.com/Tutitoos/atenea/internal/mcpprobe/probe.go:405.32,409.2 3 1
github.com/Tutitoos/atenea/internal/mcpprobe/probe.go:412.45,414.16 2 1
github.com/Tutitoos/atenea/internal/mcpprobe/probe.go:414.16,416.3 1 0
github.com/Tutitoos/atenea/internal/mcpprobe/probe.go:417.2,417.40 1 1
github.com/Tutitoos/atenea/internal/mcpprobe/probe.go:420.48,425.26 2 0
github.com/Tutitoos/atenea/internal/mcpprobe/probe.go:425.26,427.3 1 0
github.com/Tutitoos/atenea/internal/mcpprobe/probe.go:428.2,428.12 1 0
github.com/Tutitoos/atenea/internal/mcpprobe/probe.go:432.51,434.19 2 1
github.com/Tutitoos/atenea/internal/mcpprobe/probe.go:434.19,436.3 1 0
github.com/Tutitoos/atenea/internal/mcpprobe/probe.go:437.2,437.81 1 1
github.com/Tutitoos/atenea/internal/mcpprobe/probe.go:437.81,439.20 2 1
github.com/Tutitoos/atenea/internal/mcpprobe/probe.go:439.20,441.4 1 0
github.com/Tutitoos/atenea/internal/mcpprobe/probe.go:443.2,444.62 2 1
github.com/Tutitoos/atenea/internal/mcpprobe/probe.go:444.62,446.3 1 1
github.com/Tutitoos/atenea/internal/mcpprobe/probe.go:447.2,447.22 1 1
github.com/Tutitoos/atenea/internal/mcpprobe/probe.go:447.22,449.3 1 1
github.com/Tutitoos/atenea/internal/mcpprobe/probe.go:450.2,450.24 1 1
github.com/Tutitoos/atenea/internal/mcpprobe/probe.go:455.34,457.49 2 1
github.com/Tutitoos/atenea/internal/mcpprobe/probe.go:457.49,459.56 2 1
github.com/Tutitoos/atenea/internal/mcpprobe/probe.go:459.56,461.4 1 1
github.com/Tutitoos/atenea/internal/mcpprobe/probe.go:463.2,463.19 1 1
github.com/Tutitoos/atenea/internal/mcpprobe/probe.go:468.28,470.19 2 1
github.com/Tutitoos/atenea/internal/mcpprobe/probe.go:470.19,472.3 1 1
github.com/Tutitoos/atenea/internal/mcpprobe/probe.go:473.2,473.24 1 0
github.com/Tutitoos/atenea/internal/mcpstdio/mcpstdio.go:64.41,65.24 1 1
github.com/Tutitoos/atenea/internal/mcpstdio/mcpstdio.go:65.24,67.3 1 1
github.com/Tutitoos/atenea/internal/mcpstdio/mcpstdio.go:68.2,68.27 1 1
github.com/Tutitoos/atenea/internal/mcpstdio/mcpstdio.go:68.27,70.3 1 1
github.com/Tutitoos/atenea/internal/mcpstdio/mcpstdio.go:71.2,71.29 1 1
github.com/Tutitoos/atenea/internal/mcpstdio/mcpstdio.go:71.29,73.3 1 1
github.com/Tutitoos/atenea/internal/mcpstdio/mcpstdio.go:74.2,74.10 1 1
github.com/Tutitoos/atenea/internal/mcpstdio/mcpstdio.go:113.73,121.2 3 1
github.com/Tutitoos/atenea/internal/mcpstdio/mcpstdio.go:129.57,132.19 3 1
github.com/Tutitoos/atenea/internal/mcpstdio/mcpstdio.go:132.19,134.3 1 1
github.com/Tutitoos/atenea/internal/mcpstdio/mcpstdio.go:135.2,143.16 2 1
github.com/Tutitoos/atenea/internal/mcpstdio/mcpstdio.go:143.16,145.3 1 0
github.com/Tutitoos/atenea/internal/mcpstdio/mcpstdio.go:146.2,146.80 1 1
github.com/Tutitoos/atenea/internal/mcpstdio/mcpstdio.go:146.80,148.3 1 0
github.com/Tutitoos/atenea/internal/mcpstdio/mcpstdio.go:149.2,150.12 2 1
github.com/Tutitoos/atenea/internal/mcpstdio/mcpstdio.go:158.95,159.42 1 1
github.com/Tutitoos/atenea/internal/mcpstdio/mcpstdio.go:159.42,161.3 1 0
github.com/Tutitoos/atenea/internal/mcpstdio/mcpstdio.go:162.2,162.17 1 1
github.com/Tutitoos/atenea/internal/mcpstdio/mcpstdio.go:162.17,164.3 1 1
github.com/Tutitoos/atenea/internal/mcpstdio/mcpstdio.go:165.2,166.16 2 1
github.com/Tutitoos/atenea/internal/mcpstdio/mcpstdio.go:166.16,168.3 1 1
github.com/Tutitoos/atenea/internal/mcpstdio/mcpstdio.go:169.2,170.50 2 1
github.com/Tutitoos/atenea/internal/mcpstdio/mcpstdio.go:170.50,172.3 1 0
github.com/Tutitoos/atenea/internal/mcpstdio/mcpstdio.go:173.2,174.35 2 1
github.com/Tutitoos/atenea/internal/mcpstdio/mcpstdio.go:174.35,175.26 1 1
github.com/Tutitoos/atenea/internal/mcpstdio/mcpstdio.go:175.26,177.4 1 1
github.com/Tutitoos/atenea/internal/mcpstdio/mcpstdio.go:179.2,180.17 2 1
github.com/Tutitoos/atenea/internal/mcpstdio/mcpstdio.go:180.17,181.17 1 1
github.com/Tutitoos/atenea/internal/mcpstdio/mcpstdio.go:181.17,190.4 1 1
github.com/Tutitoos/atenea/internal/mcpstdio/mcpstdio.go:195.3,195.98 1 1
github.com/Tutitoos/atenea/internal/mcpstdio/mcpstdio.go:197.2,197.18 1 1
github.com/Tutitoos/atenea/internal/mcpstdio/mcpstdio.go:201.31,202.9 1 1
github.com/Tutitoos/atenea/internal/mcpstdio/mcpstdio.go:203.16,204.24 1 1
github.com/Tutitoos/atenea/internal/mcpstdio/mcpstdio.go:205.10,206.13 1 0
github.com/Tutitoos/atenea/internal/mcpstdio/mcpstdio.go:215.33,219.2 3 1
github.com/Tutitoos/atenea/internal/mcpstdio/mcpstdio.go:221.38,222.18 1 1
github.com/Tutitoos/atenea/internal/mcpstdio/mcpstdio.go:222.18,224.3 1 0
github.com/Tutitoos/atenea/internal/mcpstdio/mcpstdio.go:225.2,225.76 1 1
github.com/Tutitoos/atenea/internal/mcpstdio/mcpstdio.go:228.39,229.24 1 1
github.com/Tutitoos/atenea/internal/mcpstdio/mcpstdio.go:229.24,233.3 3 1
github.com/Tutitoos/atenea/internal/mcpstdio/mcpstdio.go:238.42,240.6 2 1
github.com/Tutitoos/atenea/internal/mcpstdio/mcpstdio.go:240.6,242.56 2 1
github.com/Tutitoos/atenea/internal/mcpstdio/mcpstdio.go:242.56,244.4 1 1
github.com/Tutitoos/atenea/internal/mcpstdio/mcpstdio.go:245.3,245.17 1 1
github.com/Tutitoos/atenea/internal/mcpstdio/mcpstdio.go:245.17,247.31 2 1
github.com/Tutitoos/atenea/internal/mcpstdio/mcpstdio.go:247.31,249.5 1 0
github.com/Tutitoos/atenea/internal/mcpstdio/mcpstdio.go:250.4,251.10 2 1
github.com/Tutitoos/atenea/internal/mcpstdio/mcpstdio.go:268.38,269.35 1 1
github.com/Tutitoos/atenea/internal/mcpstdio/mcpstdio.go:269.35,271.3 1 0
github.com/Tutitoos/atenea/internal/mcpstdio/mcpstdio.go:272.2,281.47 2 1
github.com/Tutitoos/atenea/internal/mcpstdio/mcpstdio.go:281.47,283.3 1 0
github.com/Tutitoos/atenea/internal/mcpstdio/mcpstdio.go:284.2,288.12 2 1
github.com/Tutitoos/atenea/internal/mcpstdio/mcpstdio.go:288.12,290.3 1 0
github.com/Tutitoos/atenea/internal/mcpstdio/mcpstdio.go:291.2,291.22 1 1
github.com/Tutitoos/atenea/internal/mcpstdio/mcpstdio.go:291.22,294.3 2 1
github.com/Tutitoos/atenea/internal/mcpstdio/mcpstdio.go:295.2,296.40 2 1
github.com/Tutitoos/atenea/internal/mcpstdio/mcpstdio.go:296.40,298.3 1 0
github.com/Tutitoos/atenea/internal/mcpstdio/mcpstdio.go:299.2,300.16 2 1
github.com/Tutitoos/atenea/internal/mcpstdio/mcpstdio.go:300.16,302.3 1 0
github.com/Tutitoos/atenea/internal/mcpstdio/mcpstdio.go:303.2,303.29 1 1
github.com/Tutitoos/atenea/internal/mcpstdio/mcpstdio.go:310.61,323.16 2 1
github.com/Tutitoos/atenea/internal/mcpstdio/mcpstdio.go:323.16,325.3 1 0
github.com/Tutitoos/atenea/internal/mcpstdio/mcpstdio.go:328.2,328.19 1 1
github.com/Tutitoos/atenea/internal/mcpstdio/mcpstdio.go:333.96,336.16 3 1
github.com/Tutitoos/atenea/internal/mcpstdio/mcpstdio.go:336.16,338.3 1 0
github.com/Tutitoos/atenea/internal/mcpstdio/mcpstdio.go:342.2,346.38 4 1
github.com/Tutitoos/atenea/internal/mcpstdio/mcpstdio.go:346.38,348.3 1 0
github.com/Tutitoos/atenea/internal/mcpstdio/mcpstdio.go:349.2,349.9 1 1
github.com/Tutitoos/atenea/internal/mcpstdio/mcpstdio.go:350.19,351.31 1 1
github.com/Tutitoos/atenea/internal/mcpstdio/mcpstdio.go:352.16,353.29 1 1
github.com/Tutitoos/atenea/internal/mcpstdio/mcpstdio.go:354.20,359.91 1 1
github.com/Tutitoos/atenea/internal/mcpstdio/mcpstdio.go:371.66,372.40 1 1
github.com/Tutitoos/atenea/internal/mcpstdio/mcpstdio.go:372.40,374.3 1 1
github.com/Tutitoos/atenea/internal/mcpstdio/mcpstdio.go:375.2,375.26 1 1
github.com/Tutitoos/atenea/internal/mcpstdio/mcpstdio.go:380.59,382.16 2 1
github.com/Tutitoos/atenea/internal/mcpstdio/mcpstdio.go:382.16,384.3 1 0
github.com/Tutitoos/atenea/internal/mcpstdio/mcpstdio.go:385.2,385.22 1 1
github.com/Tutitoos/atenea/internal/mcpstdio/mcpstdio.go:391.44,394.61 3 1
github.com/Tutitoos/atenea/internal/mcpstdio/mcpstdio.go:394.61,396.3 1 0
github.com/Tutitoos/atenea/internal/mcpstdio/mcpstdio.go:397.2,397.12 1 1
github.com/Tutitoos/atenea/internal/mcpstdio/mcpstdio.go:405.76,407.53 2 1
github.com/Tutitoos/atenea/internal/mcpstdio/mcpstdio.go:407.53,409.3 1 0
github.com/Tutitoos/atenea/internal/mcpstdio/mcpstdio.go:410.2,410.25 1 1
github.com/Tutitoos/atenea/internal/mcpstdio/mcpstdio.go:410.25,412.3 1 1
github.com/Tutitoos/atenea/internal/mcpstdio/mcpstdio.go:413.2,413.27 1 1
github.com/Tutitoos/atenea/internal/mcpstdio/mcpstdio.go:426.54,430.19 4 1
github.com/Tutitoos/atenea/internal/mcpstdio/mcpstdio.go:430.19,432.3 1 1
github.com/Tutitoos/atenea/internal/mcpstdio/mcpstdio.go:433.2,434.11 2 1
github.com/Tutitoos/atenea/internal/mcpstdio/mcpstdio.go:437.34,441.2 3 1
github.com/Tutitoos/atenea/internal/mcpstdio/mcpstdio.go:446.59,451.8 5 1
github.com/Tutitoos/atenea/internal/mcpstdio/mcpstdio.go:451.8,453.3 1 1
github.com/Tutitoos/atenea/internal/mcpstdio/mcpstdio.go:458.27,462.2 3 1
github.com/Tutitoos/atenea/internal/mcpstdio/mcpstdio.go:484.35,484.99 1 0
github.com/Tutitoos/atenea/internal/mcpstdio/mcpstdio.go:500.28,502.18 2 1
github.com/Tutitoos/atenea/internal/mcpstdio/mcpstdio.go:502.18,504.3 1 0
github.com/Tutitoos/atenea/internal/mcpstdio/mcpstdio.go:505.2,505.10 1 1
github.com/Tutitoos/atenea/internal/notebook/mark.go:35.32,36.19 1 1
github.com/Tutitoos/atenea/internal/notebook/mark.go:36.19,38.3 1 0
github.com/Tutitoos/atenea/internal/notebook/mark.go:39.2,39.34 1 1
github.com/Tutitoos/atenea/internal/notebook/mark.go:39.34,41.3 1 0
github.com/Tutitoos/atenea/internal/notebook/mark.go:42.2,42.48 1 1
github.com/Tutitoos/atenea/internal/notebook/mark.go:55.41,56.14 1 1
github.com/Tutitoos/atenea/internal/notebook/mark.go:56.14,58.3 1 1
github.com/Tutitoos/atenea/internal/notebook/mark.go:59.2,60.36 2 1
github.com/Tutitoos/atenea/internal/notebook/mark.go:60.36,62.3 1 1
github.com/Tutitoos/atenea/internal/notebook/mark.go:63.2,63.16 1 1
github.com/Tutitoos/atenea/internal/notebook/mark.go:63.16,66.3 1 0
github.com/Tutitoos/atenea/internal/notebook/mark.go:67.2,67.15 1 1
github.com/Tutitoos/atenea/internal/notebook/mark.go:67.15,67.32 1 1
github.com/Tutitoos/atenea/internal/notebook/mark.go:69.2,74.18 4 1
github.com/Tutitoos/atenea/internal/notebook/mark.go:74.18,76.48 2 1
github.com/Tutitoos/atenea/internal/notebook/mark.go:76.48,77.12 1 0
github.com/Tutitoos/atenea/internal/notebook/mark.go:79.3,80.51 2 1
github.com/Tutitoos/atenea/internal/notebook/mark.go:80.51,82.12 2 1
github.com/Tutitoos/atenea/internal/notebook/mark.go:84.3,84.44 1 1
github.com/Tutitoos/atenea/internal/notebook/mark.go:86.2,86.35 1 1
github.com/Tutitoos/atenea/internal/notebook/mark.go:86.35,89.3 1 0
github.com/Tutitoos/atenea/internal/notebook/mark.go:91.2,92.16 2 1
github.com/Tutitoos/atenea/internal/notebook/mark.go:92.16,94.3 1 0
github.com/Tutitoos/atenea/internal/notebook/mark.go:98.2,98.31 1 1
github.com/Tutitoos/atenea/internal/notebook/mark.go:98.31,100.3 1 1
github.com/Tutitoos/atenea/internal/notebook/mark.go:101.2,102.17 2 1
github.com/Tutitoos/atenea/internal/notebook/mark.go:112.41,113.14 1 1
github.com/Tutitoos/atenea/internal/notebook/mark.go:113.14,115.3 1 0
github.com/Tutitoos/atenea/internal/notebook/mark.go:116.2,117.16 2 1
github.com/Tutitoos/atenea/internal/notebook/mark.go:117.16,119.3 1 0
github.com/Tutitoos/atenea/internal/notebook/mark.go:120.2,125.83 3 1
github.com/Tutitoos/atenea/internal/notebook/mark.go:125.83,128.3 1 0
github.com/Tutitoos/atenea/internal/notebook/mark.go:129.2,129.47 1 1
github.com/Tutitoos/atenea/internal/notebook/mark.go:129.47,133.3 2 0
github.com/Tutitoos/atenea/internal/notebook/mark.go:134.2,134.28 1 1
github.com/Tutitoos/atenea/internal/notebook/mark.go:140.44,142.36 2 1
github.com/Tutitoos/atenea/internal/notebook/mark.go:142.36,144.3 1 1
github.com/Tutitoos/atenea/internal/notebook/mark.go:145.2,145.16 1 1
github.com/Tutitoos/atenea/internal/notebook/mark.go:145.16,148.3 1 0
github.com/Tutitoos/atenea/internal/notebook/mark.go:152.2,153.14 2 1
github.com/Tutitoos/atenea/internal/notebook/mark.go:153.14,155.3 1 1
github.com/Tutitoos/atenea/internal/notebook/mark.go:156.2,156.18 1 1
github.com/Tutitoos/atenea/internal/notebook/mark.go:164.34,173.4 3 1
github.com/Tutitoos/atenea/internal/notebook/mark.go:173.4,174.18 1 1
github.com/Tutitoos/atenea/internal/notebook/mark.go:174.18,176.4 1 1
github.com/Tutitoos/atenea/internal/notebook/mark.go:178.2,178.24 1 1
github.com/Tutitoos/atenea/internal/notebook/mark.go:178.24,180.3 1 1
github.com/Tutitoos/atenea/internal/notebook/mark.go:181.2,181.21 1 1
github.com/Tutitoos/atenea/internal/notebook/mark.go:181.21,183.3 1 1
github.com/Tutitoos/atenea/internal/notebook/mark.go:184.2,184.19 1 1
github.com/Tutitoos/atenea/internal/notebook/notebook.go:119.27,119.82 1 1
github.com/Tutitoos/atenea/internal/notebook/notebook.go:126.42,127.35 1 1
github.com/Tutitoos/atenea/internal/notebook/notebook.go:127.35,130.3 1 1
github.com/Tutitoos/atenea/internal/notebook/notebook.go:131.2,131.63 1 1
github.com/Tutitoos/atenea/internal/notebook/notebook.go:131.63,134.3 1 0
github.com/Tutitoos/atenea/internal/notebook/notebook.go:135.2,135.57 1 1
github.com/Tutitoos/atenea/internal/notebook/notebook.go:141.35,143.2 1 1
github.com/Tutitoos/atenea/internal/notebook/notebook.go:146.34,147.14 1 0
github.com/Tutitoos/atenea/internal/notebook/notebook.go:147.14,149.3 1 0
github.com/Tutitoos/atenea/internal/notebook/notebook.go:150.2,150.15 1 0
github.com/Tutitoos/atenea/internal/notebook/notebook.go:158.46,159.14 1 1
github.com/Tutitoos/atenea/internal/notebook/notebook.go:159.14,161.3 1 1
github.com/Tutitoos/atenea/internal/notebook/notebook.go:162.2,162.20 1 1
github.com/Tutitoos/atenea/internal/notebook/notebook.go:162.20,164.3 1 1
github.com/Tutitoos/atenea/internal/notebook/notebook.go:165.2,165.17 1 1
github.com/Tutitoos/atenea/internal/notebook/notebook.go:165.17,167.3 1 1
github.com/Tutitoos/atenea/internal/notebook/notebook.go:168.2,168.36 1 1
github.com/Tutitoos/atenea/internal/notebook/notebook.go:168.36,171.3 1 1
github.com/Tutitoos/atenea/internal/notebook/notebook.go:172.2,173.16 2 1
github.com/Tutitoos/atenea/internal/notebook/notebook.go:173.16,175.3 1 0
github.com/Tutitoos/atenea/internal/notebook/notebook.go:178.2,179.16 2 1
github.com/Tutitoos/atenea/internal/notebook/notebook.go:179.16,181.3 1 0
github.com/Tutitoos/atenea/internal/notebook/notebook.go:182.2,188.21 2 1
github.com/Tutitoos/atenea/internal/notebook/notebook.go:188.21,190.3 1 1
github.com/Tutitoos/atenea/internal/notebook/notebook.go:194.2,194.41 1 1
github.com/Tutitoos/atenea/internal/notebook/notebook.go:194.41,197.3 2 0
github.com/Tutitoos/atenea/internal/notebook/notebook.go:201.2,201.33 1 1
github.com/Tutitoos/atenea/internal/notebook/notebook.go:201.33,204.3 2 0
github.com/Tutitoos/atenea/internal/notebook/notebook.go:205.2,205.18 1 1
github.com/Tutitoos/atenea/internal/notebook/notebook.go:219.39,221.14 2 1
github.com/Tutitoos/atenea/internal/notebook/notebook.go:221.14,223.3 1 1
github.com/Tutitoos/atenea/internal/notebook/notebook.go:224.2,226.37 3 1
github.com/Tutitoos/atenea/internal/notebook/notebook.go:226.37,233.3 2 1
github.com/Tutitoos/atenea/internal/notebook/notebook.go:234.2,234.10 1 1
github.com/Tutitoos/atenea/internal/notebook/notebook.go:244.48,245.23 1 0
github.com/Tutitoos/atenea/internal/notebook/notebook.go:245.23,247.3 1 0
github.com/Tutitoos/atenea/internal/notebook/notebook.go:248.2,249.28 2 0
github.com/Tutitoos/atenea/internal/notebook/notebook.go:249.28,251.3 1 0
github.com/Tutitoos/atenea/internal/notebook/notebook.go:252.2,253.12 2 0
github.com/Tutitoos/atenea/internal/notebook/notebook.go:259.36,261.36 2 1
github.com/Tutitoos/atenea/internal/notebook/notebook.go:261.36,263.3 1 1
github.com/Tutitoos/atenea/internal/notebook/notebook.go:264.2,265.60 2 1
github.com/Tutitoos/atenea/internal/notebook/notebook.go:265.60,267.3 1 0
github.com/Tutitoos/atenea/internal/notebook/notebook.go:268.2,268.24 1 1
github.com/Tutitoos/atenea/internal/adapter/codex/codex.go:73.41,74.41 1 1
github.com/Tutitoos/atenea/internal/adapter/codex/codex.go:74.41,75.57 1 1
github.com/Tutitoos/atenea/internal/adapter/codex/codex.go:75.57,78.4 1 1
github.com/Tutitoos/atenea/internal/adapter/codex/codex.go:80.2,80.22 1 1
github.com/Tutitoos/atenea/internal/adapter/codex/codex.go:80.22,83.3 1 1
github.com/Tutitoos/atenea/internal/adapter/codex/codex.go:84.2,93.33 2 1
github.com/Tutitoos/atenea/internal/adapter/codex/codex.go:93.33,95.3 1 1
github.com/Tutitoos/atenea/internal/adapter/codex/codex.go:96.2,96.28 1 1
github.com/Tutitoos/atenea/internal/adapter/codex/codex.go:96.28,98.3 1 1
github.com/Tutitoos/atenea/internal/adapter/codex/codex.go:99.2,99.25 1 1
github.com/Tutitoos/atenea/internal/adapter/codex/codex.go:99.25,100.85 1 1
github.com/Tutitoos/atenea/internal/adapter/codex/codex.go:100.85,102.4 1 1
github.com/Tutitoos/atenea/internal/adapter/codex/codex.go:104.2,104.25 1 1
github.com/Tutitoos/atenea/internal/adapter/codex/codex.go:104.25,106.3 1 1
github.com/Tutitoos/atenea/internal/adapter/codex/codex.go:107.2,108.25 2 1
github.com/Tutitoos/atenea/internal/adapter/codex/codex.go:108.25,109.52 1 1
github.com/Tutitoos/atenea/internal/adapter/codex/codex.go:109.52,111.4 1 1
github.com/Tutitoos/atenea/internal/adapter/codex/codex.go:111.9,113.4 1 0
github.com/Tutitoos/atenea/internal/adapter/codex/codex.go:115.2,116.20 2 1
github.com/Tutitoos/atenea/internal/adapter/codex/codex.go:119.55,120.20 1 1
github.com/Tutitoos/atenea/internal/adapter/codex/codex.go:120.20,122.3 1 1
github.com/Tutitoos/atenea/internal/adapter/codex/codex.go:123.2,123.51 1 1
github.com/Tutitoos/atenea/internal/adapter/codex/codex.go:126.52,131.2 1 1
github.com/Tutitoos/atenea/internal/adapter/codex/codex.go:136.35,137.20 1 1
github.com/Tutitoos/atenea/internal/adapter/codex/codex.go:137.20,139.3 1 1
github.com/Tutitoos/atenea/internal/adapter/codex/codex.go:140.2,141.16 2 1
github.com/Tutitoos/atenea/internal/adapter/codex/codex.go:141.16,143.3 1 0
github.com/Tutitoos/atenea/internal/adapter/codex/codex.go:144.2,144.46 1 1
github.com/Tutitoos/atenea/internal/adapter/codex/codex.go:148.30,148.48 1 1
github.com/Tutitoos/atenea/internal/adapter/codex/codex.go:151.55,153.2 1 1
github.com/Tutitoos/atenea/internal/adapter/codex/codex.go:156.42,156.73 1 1
github.com/Tutitoos/atenea/internal/adapter/codex/codex.go:159.45,163.2 3 1
github.com/Tutitoos/atenea/internal/adapter/codex/codex.go:166.102,167.15 1 1
github.com/Tutitoos/atenea/internal/adapter/codex/codex.go:167.15,167.59 1 1
github.com/Tutitoos/atenea/internal/adapter/codex/codex.go:168.2,168.39 1 1
github.com/Tutitoos/atenea/internal/adapter/codex/codex.go:168.39,170.3 1 0
github.com/Tutitoos/atenea/internal/adapter/codex/codex.go:171.2,171.38 1 1
github.com/Tutitoos/atenea/internal/adapter/codex/codex.go:171.38,174.3 1 0
github.com/Tutitoos/atenea/internal/adapter/codex/codex.go:175.2,175.37 1 1
github.com/Tutitoos/atenea/internal/adapter/codex/codex.go:175.37,178.3 1 0
github.com/Tutitoos/atenea/internal/adapter/codex/codex.go:179.2,179.30 1 1
github.com/Tutitoos/atenea/internal/adapter/codex/codex.go:179.30,182.3 1 0
github.com/Tutitoos/atenea/internal/adapter/codex/codex.go:184.2,186.16 3 1
github.com/Tutitoos/atenea/internal/adapter/codex/codex.go:186.16,188.3 1 0
github.com/Tutitoos/atenea/internal/adapter/codex/codex.go:189.2,190.16 2 1
github.com/Tutitoos/atenea/internal/adapter/codex/codex.go:190.16,193.3 1 0
github.com/Tutitoos/atenea/internal/adapter/codex/codex.go:194.2,194.74 1 1
github.com/Tutitoos/atenea/internal/adapter/codex/codex.go:194.74,196.3 1 1
github.com/Tutitoos/atenea/internal/adapter/codex/codex.go:198.2,204.102 3 1
github.com/Tutitoos/atenea/internal/adapter/codex/codex.go:204.102,207.3 1 1
github.com/Tutitoos/atenea/internal/adapter/codex/codex.go:208.2,208.16 1 1
github.com/Tutitoos/atenea/internal/adapter/codex/codex.go:208.16,210.3 1 1
github.com/Tutitoos/atenea/internal/adapter/codex/codex.go:211.2,211.66 1 1
github.com/Tutitoos/atenea/internal/adapter/codex/codex.go:211.66,214.3 1 0
github.com/Tutitoos/atenea/internal/adapter/codex/codex.go:216.2,217.16 2 1
github.com/Tutitoos/atenea/internal/adapter/codex/codex.go:217.16,219.3 1 0
github.com/Tutitoos/atenea/internal/adapter/codex/codex.go:220.2,220.62 1 1
github.com/Tutitoos/atenea/internal/adapter/codex/codex.go:220.62,223.3 1 0
github.com/Tutitoos/atenea/internal/adapter/codex/codex.go:224.2,227.17 4 1
github.com/Tutitoos/atenea/internal/adapter/codex/codex.go:227.17,230.3 1 0
github.com/Tutitoos/atenea/internal/adapter/codex/codex.go:231.2,231.22 1 1
github.com/Tutitoos/atenea/internal/adapter/codex/codex.go:231.22,234.3 1 1
github.com/Tutitoos/atenea/internal/adapter/codex/codex.go:235.2,235.21 1 1
github.com/Tutitoos/atenea/internal/adapter/codex/codex.go:248.57,250.36 2 1
github.com/Tutitoos/atenea/internal/adapter/codex/codex.go:250.36,252.3 1 0
github.com/Tutitoos/atenea/internal/adapter/codex/codex.go:253.2,262.54 2 1
github.com/Tutitoos/atenea/internal/adapter/codex/codex.go:262.54,263.16 1 0
github.com/Tutitoos/atenea/internal/adapter/codex/codex.go:263.16,266.4 1 0
github.com/Tutitoos/atenea/internal/adapter/codex/codex.go:267.3,267.27 1 0
github.com/Tutitoos/atenea/internal/adapter/codex/codex.go:269.2,269.17 1 1
github.com/Tutitoos/atenea/internal/adapter/codex/codex.go:272.137,274.16 2 1
github.com/Tutitoos/atenea/internal/adapter/codex/codex.go:274.16,277.3 1 0
github.com/Tutitoos/atenea/internal/adapter/codex/codex.go:278.2,279.16 2 1
github.com/Tutitoos/atenea/internal/adapter/codex/codex.go:279.16,281.3 1 0
github.com/Tutitoos/atenea/internal/adapter/codex/codex.go:282.2,283.16 2 1
github.com/Tutitoos/atenea/internal/adapter/codex/codex.go:283.16,286.3 1 0
github.com/Tutitoos/atenea/internal/adapter/codex/codex.go:287.2,288.15 2 1
github.com/Tutitoos/atenea/internal/adapter/codex/codex.go:288.15,288.44 1 1
github.com/Tutitoos/atenea/internal/adapter/codex/codex.go:289.2,289.52 1 1
github.com/Tutitoos/atenea/internal/adapter/codex/codex.go:289.52,293.3 2 0
github.com/Tutitoos/atenea/internal/adapter/codex/codex.go:294.2,294.43 1 1
github.com/Tutitoos/atenea/internal/adapter/codex/codex.go:294.43,297.3 1 0
github.com/Tutitoos/atenea/internal/adapter/codex/codex.go:299.2,317.16 9 1
github.com/Tutitoos/atenea/internal/adapter/codex/codex.go:317.16,320.3 1 0
github.com/Tutitoos/atenea/internal/adapter/codex/codex.go:321.2,323.36 3 1
github.com/Tutitoos/atenea/internal/adapter/codex/codex.go:323.36,325.3 1 0
github.com/Tutitoos/atenea/internal/adapter/codex/codex.go:326.2,330.21 5 1
github.com/Tutitoos/atenea/internal/adapter/codex/codex.go:330.21,332.17 2 1
github.com/Tutitoos/atenea/internal/adapter/codex/codex.go:332.17,333.12 1 1
github.com/Tutitoos/atenea/internal/adapter/codex/codex.go:335.3,335.55 1 1
github.com/Tutitoos/atenea/internal/adapter/codex/codex.go:335.55,339.4 3 0
github.com/Tutitoos/atenea/internal/adapter/codex/codex.go:340.3,342.6 1 1
github.com/Tutitoos/atenea/internal/adapter/codex/codex.go:342.6,345.9 3 1
github.com/Tutitoos/atenea/internal/adapter/codex/codex.go:348.2,351.20 4 1
github.com/Tutitoos/atenea/internal/adapter/codex/codex.go:351.20,354.3 1 0
github.com/Tutitoos/atenea/internal/adapter/codex/codex.go:355.2,355.19 1 1
github.com/Tutitoos/atenea/internal/adapter/codex/codex.go:355.19,359.3 1 1
github.com/Tutitoos/atenea/internal/adapter/codex/codex.go:360.2,360.40 1 1
github.com/Tutitoos/atenea/internal/adapter/codex/codex.go:360.40,362.3 1 1
github.com/Tutitoos/atenea/internal/adapter/codex/codex.go:363.2,363.19 1 1
github.com/Tutitoos/atenea/internal/adapter/codex/codex.go:363.19,365.3 1 1
github.com/Tutitoos/atenea/internal/adapter/codex/codex.go:366.2,366.26 1 1
github.com/Tutitoos/atenea/internal/adapter/codex/codex.go:366.26,369.3 1 0
github.com/Tutitoos/atenea/internal/adapter/codex/codex.go:370.2,371.80 2 1
github.com/Tutitoos/atenea/internal/adapter/codex/codex.go:371.80,374.3 1 1
github.com/Tutitoos/atenea/internal/adapter/codex/codex.go:375.2,378.23 4 1
github.com/Tutitoos/atenea/internal/adapter/codex/codex.go:396.28,398.2 1 1
github.com/Tutitoos/atenea/internal/adapter/codex/codex.go:408.54,412.21 4 1
github.com/Tutitoos/atenea/internal/adapter/codex/codex.go:412.21,414.17 2 1
github.com/Tutitoos/atenea/internal/adapter/codex/codex.go:414.17,415.12 1 1
github.com/Tutitoos/atenea/internal/adapter/codex/codex.go:417.3,417.52 1 1
github.com/Tutitoos/atenea/internal/adapter/codex/codex.go:417.52,419.4 1 1
github.com/Tutitoos/atenea/internal/adapter/codex/codex.go:421.2,421.38 1 1
github.com/Tutitoos/atenea/internal/adapter/codex/codex.go:421.38,424.3 1 0
github.com/Tutitoos/atenea/internal/adapter/codex/codex.go:425.2,425.37 1 1
github.com/Tutitoos/atenea/internal/adapter/codex/codex.go:425.37,428.3 1 1
github.com/Tutitoos/atenea/internal/adapter/codex/codex.go:429.2,429.17 1 1
github.com/Tutitoos/atenea/internal/adapter/codex/codex.go:432.58,434.59 2 1
github.com/Tutitoos/atenea/internal/adapter/codex/codex.go:434.59,437.3 1 1
github.com/Tutitoos/atenea/internal/adapter/codex/codex.go:438.2,440.14 3 1
github.com/Tutitoos/atenea/internal/adapter/codex/codex.go:441.24,446.92 2 1
github.com/Tutitoos/atenea/internal/adapter/codex/codex.go:446.92,448.4 1 1
github.com/Tutitoos/atenea/internal/adapter/codex/codex.go:449.24,451.58 2 1
github.com/Tutitoos/atenea/internal/adapter/codex/codex.go:451.58,454.4 2 1
github.com/Tutitoos/atenea/internal/adapter/codex/codex.go:455.30,456.43 1 1
github.com/Tutitoos/atenea/internal/adapter/codex/codex.go:458.2,458.12 1 1
github.com/Tutitoos/atenea/internal/adapter/codex/codex.go:461.56,462.44 1 1
github.com/Tutitoos/atenea/internal/adapter/codex/codex.go:462.44,464.3 1 1
github.com/Tutitoos/atenea/internal/adapter/codex/codex.go:465.2,466.51 2 1
github.com/Tutitoos/atenea/internal/adapter/codex/codex.go:466.51,468.3 1 1
github.com/Tutitoos/atenea/internal/adapter/codex/codex.go:469.2,469.19 1 1
github.com/Tutitoos/atenea/internal/adapter/codex/codex.go:472.58,475.19 3 1
github.com/Tutitoos/atenea/internal/adapter/codex/codex.go:475.19,477.3 1 0
github.com/Tutitoos/atenea/internal/adapter/codex/codex.go:478.2,482.23 3 1
github.com/Tutitoos/atenea/internal/adapter/codex/codex.go:485.67,487.9 2 1
github.com/Tutitoos/atenea/internal/adapter/codex/codex.go:488.146,489.82 1 1
github.com/Tutitoos/atenea/internal/adapter/codex/codex.go:490.118,491.98 1 0
github.com/Tutitoos/atenea/internal/adapter/codex/codex.go:492.80,493.67 1 0
github.com/Tutitoos/atenea/internal/adapter/codex/codex.go:494.43,495.78 1 0
github.com/Tutitoos/atenea/internal/adapter/codex/codex.go:496.10,497.76 1 1
github.com/Tutitoos/atenea/internal/adapter/codex/codex.go:501.73,503.16 2 1
github.com/Tutitoos/atenea/internal/adapter/codex/codex.go:503.16,505.3 1 0
github.com/Tutitoos/atenea/internal/adapter/codex/codex.go:506.2,508.16 3 1
github.com/Tutitoos/atenea/internal/adapter/codex/codex.go:508.16,511.3 1 0
github.com/Tutitoos/atenea/internal/adapter/codex/codex.go:512.2,512.21 1 1
github.com/Tutitoos/atenea/internal/adapter/codex/codex.go:518.38,519.63 1 1
github.com/Tutitoos/atenea/internal/adapter/codex/codex.go:519.63,527.39 3 1
github.com/Tutitoos/atenea/internal/adapter/codex/codex.go:527.39,529.50 2 1
github.com/Tutitoos/atenea/internal/adapter/codex/codex.go:529.50,531.5 1 1
github.com/Tutitoos/atenea/internal/adapter/codex/codex.go:533.3,534.27 2 1
github.com/Tutitoos/atenea/internal/adapter/codex/codex.go:536.2,536.53 1 1
github.com/Tutitoos/atenea/internal/adapter/codex/codex.go:536.53,538.3 1 1
github.com/Tutitoos/atenea/internal/adapter/codex/codex.go:541.100,543.9 2 1
github.com/Tutitoos/atenea/internal/adapter/codex/codex.go:543.9,546.3 1 0
github.com/Tutitoos/atenea/internal/adapter/codex/codex.go:547.2,549.27 3 1
github.com/Tutitoos/atenea/internal/adapter/codex/codex.go:549.27,551.10 2 1
github.com/Tutitoos/atenea/internal/adapter/codex/codex.go:551.10,552.12 1 0
github.com/Tutitoos/atenea/internal/adapter/codex/codex.go:554.3,555.14 2 1
github.com/Tutitoos/atenea/internal/adapter/codex/codex.go:555.14,557.12 2 0
github.com/Tutitoos/atenea/internal/adapter/codex/codex.go:559.3,559.11 1 1
github.com/Tutitoos/atenea/internal/adapter/codex/codex.go:559.11,561.4 1 1
github.com/Tutitoos/atenea/internal/adapter/codex/codex.go:563.2,563.57 1 1
github.com/Tutitoos/atenea/internal/adapter/codex/codex.go:566.104,569.40 3 1
github.com/Tutitoos/atenea/internal/adapter/codex/codex.go:569.40,571.3 1 0
github.com/Tutitoos/atenea/internal/adapter/codex/codex.go:572.2,574.100 3 1
github.com/Tutitoos/atenea/internal/adapter/codex/codex.go:574.100,576.3 1 1
github.com/Tutitoos/atenea/internal/adapter/codex/codex.go:577.2,578.35 2 1
github.com/Tutitoos/atenea/internal/adapter/codex/codex.go:578.35,580.3 1 0
github.com/Tutitoos/atenea/internal/adapter/codex/codex.go:581.2,581.97 1 1
github.com/Tutitoos/atenea/internal/adapter/codex/codex.go:581.97,583.3 1 1
github.com/Tutitoos/atenea/internal/adapter/codex/codex.go:584.2,585.9 2 1
github.com/Tutitoos/atenea/internal/adapter/codex/codex.go:585.9,587.3 1 0
github.com/Tutitoos/atenea/internal/adapter/codex/codex.go:588.2,589.9 2 1
github.com/Tutitoos/atenea/internal/adapter/codex/codex.go:589.9,591.3 1 0
github.com/Tutitoos/atenea/internal/adapter/codex/codex.go:592.2,593.25 2 1
github.com/Tutitoos/atenea/internal/adapter/codex/codex.go:596.76,597.30 1 1
github.com/Tutitoos/atenea/internal/adapter/codex/codex.go:597.30,598.28 1 1
github.com/Tutitoos/atenea/internal/adapter/codex/codex.go:598.28,601.4 1 0
github.com/Tutitoos/atenea/internal/adapter/codex/codex.go:602.3,604.101 3 1
github.com/Tutitoos/atenea/internal/adapter/codex/codex.go:604.101,607.4 1 1
github.com/Tutitoos/atenea/internal/adapter/codex/codex.go:609.2,609.12 1 1
github.com/Tutitoos/atenea/internal/adapter/codex/codex.go:612.52,613.38 1 1
github.com/Tutitoos/atenea/internal/adapter/codex/codex.go:613.38,614.49 1 1
github.com/Tutitoos/atenea/internal/adapter/codex/codex.go:614.49,616.4 1 1
github.com/Tutitoos/atenea/internal/adapter/codex/codex.go:617.3,617.60 1 1
github.com/Tutitoos/atenea/internal/adapter/codex/codex.go:617.60,619.4 1 0
github.com/Tutitoos/atenea/internal/adapter/codex/codex.go:621.2,621.14 1 1
github.com/Tutitoos/atenea/internal/adapter/codex/codex.go:624.55,626.29 2 1
github.com/Tutitoos/atenea/internal/adapter/codex/codex.go:626.29,627.60 1 1
github.com/Tutitoos/atenea/internal/adapter/codex/codex.go:627.60,629.4 1 1
github.com/Tutitoos/atenea/internal/adapter/codex/codex.go:631.2,631.14 1 1
github.com/Tutitoos/atenea/internal/adapter/codex/codex.go:634.52,635.21 1 1
github.com/Tutitoos/atenea/internal/adapter/codex/codex.go:635.21,637.3 1 1
github.com/Tutitoos/atenea/internal/adapter/codex/codex.go:638.2,638.30 1 0
github.com/Tutitoos/atenea/internal/adapter/codex/codex.go:638.30,640.82 2 0
github.com/Tutitoos/atenea/internal/adapter/codex/codex.go:640.82,642.4 1 0
github.com/Tutitoos/atenea/internal/adapter/codex/codex.go:644.2,644.14 1 0
github.com/Tutitoos/atenea/internal/adapter/codex/codex.go:647.77,651.36 4 1
github.com/Tutitoos/atenea/internal/adapter/codex/codex.go:651.36,653.3 1 0
github.com/Tutitoos/atenea/internal/adapter/codex/codex.go:654.2,657.28 3 1
github.com/Tutitoos/atenea/internal/adapter/codex/codex.go:657.28,659.3 1 0
github.com/Tutitoos/atenea/internal/adapter/codex/codex.go:660.2,660.24 1 1
github.com/Tutitoos/atenea/internal/adapter/codex/codex.go:660.24,662.3 1 0
github.com/Tutitoos/atenea/internal/adapter/codex/codex.go:663.2,663.24 1 1
github.com/Tutitoos/atenea/internal/adapter/codex/codex.go:663.24,667.3 3 1
github.com/Tutitoos/atenea/internal/adapter/codex/codex.go:668.2,669.19 2 1
github.com/Tutitoos/atenea/internal/adapter/codex/codex.go:672.35,672.86 1 1
github.com/Tutitoos/atenea/internal/adapter/codex/codex.go:674.61,675.47 1 1
github.com/Tutitoos/atenea/internal/adapter/codex/codex.go:675.47,677.3 1 0
github.com/Tutitoos/atenea/internal/adapter/codex/codex.go:678.2,680.27 3 1
github.com/Tutitoos/atenea/internal/adapter/codex/codex.go:680.27,681.36 1 1
github.com/Tutitoos/atenea/internal/adapter/codex/codex.go:681.36,683.4 1 1
github.com/Tutitoos/atenea/internal/adapter/codex/codex.go:685.2,685.12 1 1
github.com/Tutitoos/atenea/internal/adapter/codex/codex.go:688.54,691.2 2 1
github.com/Tutitoos/atenea/internal/adapter/codex/codex.go:693.60,694.34 1 1
github.com/Tutitoos/atenea/internal/adapter/codex/codex.go:695.11,696.17 1 0
github.com/Tutitoos/atenea/internal/adapter/codex/codex.go:697.13,698.22 1 1
github.com/Tutitoos/atenea/internal/adapter/codex/codex.go:699.15,700.22 1 0
github.com/Tutitoos/atenea/internal/adapter/codex/codex.go:701.10,702.18 1 1
github.com/Tutitoos/atenea/internal/adapter/codex/codex.go:706.38,707.27 1 1
github.com/Tutitoos/atenea/internal/adapter/codex/codex.go:708.15,709.38 1 1
github.com/Tutitoos/atenea/internal/adapter/codex/codex.go:709.38,711.4 1 0
github.com/Tutitoos/atenea/internal/adapter/codex/codex.go:712.3,712.22 1 1
github.com/Tutitoos/atenea/internal/adapter/codex/codex.go:713.11,714.12 1 1
github.com/Tutitoos/atenea/internal/adapter/codex/codex.go:714.12,716.4 1 1
github.com/Tutitoos/atenea/internal/adapter/codex/codex.go:717.3,717.17 1 0
github.com/Tutitoos/atenea/internal/adapter/codex/codex.go:718.10,719.18 1 0
github.com/Tutitoos/atenea/internal/metrics/baseline.go:95.62,96.63 1 1
github.com/Tutitoos/atenea/internal/metrics/baseline.go:96.63,98.3 1 1
github.com/Tutitoos/atenea/internal/metrics/baseline.go:99.2,100.18 2 1
github.com/Tutitoos/atenea/internal/metrics/baseline.go:100.18,105.3 3 1
github.com/Tutitoos/atenea/internal/metrics/baseline.go:106.2,109.16 3 1
github.com/Tutitoos/atenea/internal/metrics/baseline.go:116.39,118.2 1 1
github.com/Tutitoos/atenea/internal/metrics/baseline.go:177.65,178.42 1 1
github.com/Tutitoos/atenea/internal/metrics/baseline.go:178.42,180.3 1 1
github.com/Tutitoos/atenea/internal/metrics/baseline.go:181.2,181.84 1 1
github.com/Tutitoos/atenea/internal/metrics/baseline.go:181.84,183.3 1 1
github.com/Tutitoos/atenea/internal/metrics/baseline.go:184.2,194.9 1 1
github.com/Tutitoos/atenea/internal/metrics/baseline.go:198.47,200.21 2 1
github.com/Tutitoos/atenea/internal/metrics/baseline.go:200.21,202.3 1 1
github.com/Tutitoos/atenea/internal/metrics/baseline.go:203.2,203.32 1 1
github.com/Tutitoos/atenea/internal/metrics/baseline.go:358.108,362.37 1 1
github.com/Tutitoos/atenea/internal/metrics/baseline.go:362.37,364.3 1 0
github.com/Tutitoos/atenea/internal/metrics/baseline.go:365.2,366.16 2 1
github.com/Tutitoos/atenea/internal/metrics/baseline.go:366.16,368.3 1 0
github.com/Tutitoos/atenea/internal/metrics/baseline.go:369.2,369.15 1 1
github.com/Tutitoos/atenea/internal/metrics/baseline.go:369.15,369.33 1 1
github.com/Tutitoos/atenea/internal/metrics/baseline.go:371.2,372.74 2 1
github.com/Tutitoos/atenea/internal/metrics/baseline.go:372.74,374.3 1 0
github.com/Tutitoos/atenea/internal/metrics/baseline.go:375.2,375.76 1 1
github.com/Tutitoos/atenea/internal/metrics/baseline.go:375.76,377.3 1 0
github.com/Tutitoos/atenea/internal/metrics/baseline.go:378.2,378.17 1 1
github.com/Tutitoos/atenea/internal/metrics/baseline.go:382.33,384.16 2 1
github.com/Tutitoos/atenea/internal/metrics/baseline.go:384.16,386.3 1 0
github.com/Tutitoos/atenea/internal/metrics/baseline.go:387.2,387.15 1 1
github.com/Tutitoos/atenea/internal/metrics/baseline.go:387.15,387.35 1 1
github.com/Tutitoos/atenea/internal/metrics/baseline.go:389.2,389.18 1 1
github.com/Tutitoos/atenea/internal/metrics/baseline.go:389.18,395.37 5 1
github.com/Tutitoos/atenea/internal/metrics/baseline.go:395.37,397.4 1 0
github.com/Tutitoos/atenea/internal/metrics/baseline.go:398.3,405.15 4 1
github.com/Tutitoos/atenea/internal/metrics/baseline.go:405.15,410.19 2 1
github.com/Tutitoos/atenea/internal/metrics/baseline.go:410.19,412.5 1 1
github.com/Tutitoos/atenea/internal/metrics/baseline.go:414.3,414.14 1 1
github.com/Tutitoos/atenea/internal/metrics/baseline.go:416.2,416.35 1 1
github.com/Tutitoos/atenea/internal/metrics/baseline.go:416.35,418.3 1 0
github.com/Tutitoos/atenea/internal/metrics/baseline.go:419.2,419.12 1 1
github.com/Tutitoos/atenea/internal/metrics/baseline.go:439.56,441.18 2 1
github.com/Tutitoos/atenea/internal/metrics/baseline.go:441.18,447.82 5 1
github.com/Tutitoos/atenea/internal/metrics/baseline.go:447.82,449.4 1 0
github.com/Tutitoos/atenea/internal/metrics/baseline.go:450.3,451.20 2 1
github.com/Tutitoos/atenea/internal/metrics/baseline.go:451.20,453.4 1 1
github.com/Tutitoos/atenea/internal/metrics/baseline.go:454.3,454.17 1 1
github.com/Tutitoos/atenea/internal/metrics/baseline.go:454.17,456.4 1 1
github.com/Tutitoos/atenea/internal/metrics/baseline.go:457.3,457.20 1 1
github.com/Tutitoos/atenea/internal/metrics/baseline.go:457.20,459.4 1 1
github.com/Tutitoos/atenea/internal/metrics/baseline.go:463.3,463.51 1 1
github.com/Tutitoos/atenea/internal/metrics/baseline.go:463.51,465.4 1 1
github.com/Tutitoos/atenea/internal/metrics/baseline.go:466.3,466.20 1 1
github.com/Tutitoos/atenea/internal/metrics/baseline.go:466.20,468.4 1 1
github.com/Tutitoos/atenea/internal/metrics/baseline.go:469.3,469.23 1 1
github.com/Tutitoos/atenea/internal/metrics/baseline.go:471.2,471.35 1 1
github.com/Tutitoos/atenea/internal/metrics/baseline.go:471.35,473.3 1 0
github.com/Tutitoos/atenea/internal/metrics/baseline.go:474.2,474.17 1 1
github.com/Tutitoos/atenea/internal/metrics/baseline.go:480.33,482.16 2 1
github.com/Tutitoos/atenea/internal/metrics/baseline.go:482.16,484.3 1 0
github.com/Tutitoos/atenea/internal/metrics/baseline.go:485.2,485.15 1 1
github.com/Tutitoos/atenea/internal/metrics/baseline.go:485.15,485.35 1 1
github.com/Tutitoos/atenea/internal/metrics/baseline.go:487.2,488.16 2 1
github.com/Tutitoos/atenea/internal/metrics/baseline.go:488.16,490.3 1 0
github.com/Tutitoos/atenea/internal/metrics/baseline.go:491.2,491.25 1 1
github.com/Tutitoos/atenea/internal/metrics/baseline.go:491.25,496.3 4 1
github.com/Tutitoos/atenea/internal/metrics/baseline.go:497.2,497.12 1 1
github.com/Tutitoos/atenea/internal/metrics/baseline.go:522.88,523.37 1 1
github.com/Tutitoos/atenea/internal/metrics/baseline.go:523.37,525.3 1 0
github.com/Tutitoos/atenea/internal/metrics/baseline.go:526.2,527.16 2 1
github.com/Tutitoos/atenea/internal/metrics/baseline.go:527.16,529.3 1 0
github.com/Tutitoos/atenea/internal/metrics/baseline.go:530.2,530.15 1 1
github.com/Tutitoos/atenea/internal/metrics/baseline.go:530.15,530.33 1 1
github.com/Tutitoos/atenea/internal/metrics/baseline.go:532.2,533.16 2 1
github.com/Tutitoos/atenea/internal/metrics/baseline.go:533.16,535.3 1 0
github.com/Tutitoos/atenea/internal/metrics/baseline.go:536.2,536.15 1 1
github.com/Tutitoos/atenea/internal/metrics/baseline.go:536.15,536.35 1 1
github.com/Tutitoos/atenea/internal/metrics/baseline.go:537.2,538.16 2 1
github.com/Tutitoos/atenea/internal/metrics/baseline.go:538.16,540.3 1 0
github.com/Tutitoos/atenea/internal/metrics/baseline.go:542.2,543.25 2 1
github.com/Tutitoos/atenea/internal/metrics/baseline.go:543.25,545.12 2 1
github.com/Tutitoos/atenea/internal/metrics/baseline.go:545.12,546.12 1 0
github.com/Tutitoos/atenea/internal/metrics/baseline.go:548.3,549.53 1 1
github.com/Tutitoos/atenea/internal/metrics/baseline.go:549.53,550.12 1 1
github.com/Tutitoos/atenea/internal/metrics/baseline.go:552.3,552.90 1 1
github.com/Tutitoos/atenea/internal/metrics/baseline.go:554.2,554.17 1 1
github.com/Tutitoos/atenea/internal/metrics/baseline.go:563.68,564.9 1 1
github.com/Tutitoos/atenea/internal/metrics/baseline.go:565.46,569.52 1 1
github.com/Tutitoos/atenea/internal/metrics/baseline.go:569.52,571.4 1 1
github.com/Tutitoos/atenea/internal/metrics/baseline.go:572.48,582.18 2 1
github.com/Tutitoos/atenea/internal/metrics/baseline.go:584.2,584.17 1 1
github.com/Tutitoos/atenea/internal/metrics/baseline.go:618.81,619.20 1 1
github.com/Tutitoos/atenea/internal/metrics/baseline.go:619.20,621.3 1 0
github.com/Tutitoos/atenea/internal/metrics/baseline.go:622.2,622.37 1 1
github.com/Tutitoos/atenea/internal/metrics/baseline.go:622.37,624.3 1 0
github.com/Tutitoos/atenea/internal/metrics/baseline.go:625.2,626.16 2 1
github.com/Tutitoos/atenea/internal/metrics/baseline.go:626.16,628.3 1 0
github.com/Tutitoos/atenea/internal/metrics/baseline.go:629.2,629.15 1 1
github.com/Tutitoos/atenea/internal/metrics/baseline.go:629.15,629.33 1 1
github.com/Tutitoos/atenea/internal/metrics/baseline.go:631.2,632.16 2 1
github.com/Tutitoos/atenea/internal/metrics/baseline.go:632.16,634.3 1 0
github.com/Tutitoos/atenea/internal/metrics/baseline.go:635.2,635.15 1 1
github.com/Tutitoos/atenea/internal/metrics/baseline.go:635.15,635.35 1 1
github.com/Tutitoos/atenea/internal/metrics/baseline.go:637.2,638.18 2 1
github.com/Tutitoos/atenea/internal/metrics/baseline.go:638.18,640.40 2 1
github.com/Tutitoos/atenea/internal/metrics/baseline.go:640.40,642.4 1 0
github.com/Tutitoos/atenea/internal/metrics/baseline.go:643.3,643.24 1 1
github.com/Tutitoos/atenea/internal/metrics/baseline.go:645.2,645.35 1 1
github.com/Tutitoos/atenea/internal/metrics/baseline.go:645.35,647.3 1 0
github.com/Tutitoos/atenea/internal/metrics/baseline.go:648.2,648.17 1 1
github.com/Tutitoos/atenea/internal/metrics/baseline.go:689.100,691.28 2 1
github.com/Tutitoos/atenea/internal/metrics/baseline.go:691.28,693.10 2 1
github.com/Tutitoos/atenea/internal/metrics/baseline.go:693.10,694.12 1 0
github.com/Tutitoos/atenea/internal/metrics/baseline.go:696.3,707.42 5 1
github.com/Tutitoos/atenea/internal/metrics/baseline.go:707.42,709.4 1 1
github.com/Tutitoos/atenea/internal/metrics/baseline.go:710.3,710.41 1 1
github.com/Tutitoos/atenea/internal/metrics/baseline.go:710.41,714.4 1 1
github.com/Tutitoos/atenea/internal/metrics/baseline.go:716.2,716.16 1 1
github.com/Tutitoos/atenea/internal/metrics/baseline.go:719.40,720.12 1 1
github.com/Tutitoos/atenea/internal/metrics/baseline.go:720.12,722.3 1 0
github.com/Tutitoos/atenea/internal/metrics/baseline.go:723.2,723.39 1 1
github.com/Tutitoos/atenea/internal/metrics/check.go:24.50,26.16 2 1
github.com/Tutitoos/atenea/internal/metrics/check.go:26.16,28.3 1 1
github.com/Tutitoos/atenea/internal/metrics/check.go:29.2,29.15 1 1
github.com/Tutitoos/atenea/internal/metrics/check.go:29.15,29.33 1 1
github.com/Tutitoos/atenea/internal/metrics/check.go:31.2,32.96 2 1
github.com/Tutitoos/atenea/internal/metrics/check.go:32.96,34.3 1 1
github.com/Tutitoos/atenea/internal/metrics/check.go:35.2,35.12 1 1
github.com/Tutitoos/atenea/internal/metrics/check.go:44.49,45.19 1 1
github.com/Tutitoos/atenea/internal/metrics/check.go:45.19,48.3 1 1
github.com/Tutitoos/atenea/internal/metrics/check.go:49.2,50.48 1 1
github.com/Tutitoos/atenea/internal/metrics/check.go:65.59,66.35 1 1
github.com/Tutitoos/atenea/internal/metrics/check.go:66.35,68.3 1 0
github.com/Tutitoos/atenea/internal/metrics/check.go:69.2,70.47 2 1
github.com/Tutitoos/atenea/internal/metrics/check.go:70.47,71.37 1 0
github.com/Tutitoos/atenea/internal/metrics/check.go:71.37,74.4 1 0
github.com/Tutitoos/atenea/internal/metrics/check.go:75.3,76.51 1 0
github.com/Tutitoos/atenea/internal/metrics/check.go:80.2,80.53 1 1
github.com/Tutitoos/atenea/internal/metrics/check.go:80.53,82.52 2 1
github.com/Tutitoos/atenea/internal/metrics/check.go:82.52,87.4 1 0
github.com/Tutitoos/atenea/internal/metrics/check.go:89.2,89.19 1 1
github.com/Tutitoos/atenea/internal/metrics/clear.go:20.30,22.2 1 1
github.com/Tutitoos/atenea/internal/metrics/clear.go:25.33,31.4 2 1
github.com/Tutitoos/atenea/internal/metrics/clear.go:31.4,32.20 1 1
github.com/Tutitoos/atenea/internal/metrics/clear.go:32.20,34.4 1 1
github.com/Tutitoos/atenea/internal/metrics/clear.go:36.2,36.21 1 1
github.com/Tutitoos/atenea/internal/metrics/clear.go:36.21,38.3 1 0
github.com/Tutitoos/atenea/internal/metrics/clear.go:39.2,39.34 1 1
github.com/Tutitoos/atenea/internal/metrics/clear.go:44.41,51.4 3 1
github.com/Tutitoos/atenea/internal/metrics/clear.go:51.4,52.20 1 1
github.com/Tutitoos/atenea/internal/metrics/clear.go:52.20,55.4 2 1
github.com/Tutitoos/atenea/internal/metrics/clear.go:57.2,57.23 1 1
github.com/Tutitoos/atenea/internal/metrics/clear.go:57.23,59.3 1 0
github.com/Tutitoos/atenea/internal/metrics/clear.go:60.2,60.45 1 1
github.com/Tutitoos/atenea/internal/metrics/clear.go:70.32,70.65 1 1
github.com/Tutitoos/atenea/internal/metrics/clear.go:88.76,95.16 6 1
github.com/Tutitoos/atenea/internal/metrics/clear.go:95.16,97.3 1 0
github.com/Tutitoos/atenea/internal/metrics/clear.go:98.2,98.15 1 1
github.com/Tutitoos/atenea/internal/metrics/clear.go:98.15,98.33 1 1
github.com/Tutitoos/atenea/internal/metrics/clear.go:100.2,108.4 3 1
github.com/Tutitoos/atenea/internal/metrics/clear.go:108.4,110.17 2 1
github.com/Tutitoos/atenea/internal/metrics/clear.go:110.17,112.4 1 0
github.com/Tutitoos/atenea/internal/metrics/clear.go:113.3,113.47 1 1
github.com/Tutitoos/atenea/internal/metrics/clear.go:113.47,115.4 1 1
github.com/Tutitoos/atenea/internal/metrics/clear.go:119.2,120.17 2 1
github.com/Tutitoos/atenea/internal/metrics/compact.go:103.67,106.2 2 1
github.com/Tutitoos/atenea/internal/metrics/compact.go:115.101,116.16 1 1
github.com/Tutitoos/atenea/internal/metrics/compact.go:116.16,119.3 1 1
github.com/Tutitoos/atenea/internal/metrics/compact.go:120.2,120.35 1 1
github.com/Tutitoos/atenea/internal/metrics/compact.go:123.96,126.37 1 1
github.com/Tutitoos/atenea/internal/metrics/compact.go:126.37,128.3 1 0
github.com/Tutitoos/atenea/internal/metrics/compact.go:130.2,131.16 2 1
github.com/Tutitoos/atenea/internal/metrics/compact.go:131.16,133.3 1 0
github.com/Tutitoos/atenea/internal/metrics/compact.go:134.2,134.15 1 1
github.com/Tutitoos/atenea/internal/metrics/compact.go:134.15,134.33 1 1
github.com/Tutitoos/atenea/internal/metrics/compact.go:136.2,137.16 2 1
github.com/Tutitoos/atenea/internal/metrics/compact.go:137.16,139.3 1 0
github.com/Tutitoos/atenea/internal/metrics/compact.go:140.2,140.15 1 1
github.com/Tutitoos/atenea/internal/metrics/compact.go:140.15,140.36 1 1
github.com/Tutitoos/atenea/internal/metrics/compact.go:142.2,143.15 2 1
github.com/Tutitoos/atenea/internal/metrics/compact.go:143.15,145.25 2 1
github.com/Tutitoos/atenea/internal/metrics/compact.go:145.25,147.4 1 1
github.com/Tutitoos/atenea/internal/metrics/compact.go:149.2,151.73 2 1
github.com/Tutitoos/atenea/internal/metrics/compact.go:151.73,153.3 1 0
github.com/Tutitoos/atenea/internal/metrics/compact.go:154.2,156.27 1 1
github.com/Tutitoos/atenea/internal/metrics/compact.go:156.27,158.3 1 0
github.com/Tutitoos/atenea/internal/metrics/compact.go:162.2,164.47 1 1
github.com/Tutitoos/atenea/internal/metrics/compact.go:164.47,166.3 1 0
github.com/Tutitoos/atenea/internal/metrics/compact.go:168.2,176.30 2 1
github.com/Tutitoos/atenea/internal/metrics/compact.go:176.30,177.84 1 1
github.com/Tutitoos/atenea/internal/metrics/compact.go:177.84,179.4 1 0
github.com/Tutitoos/atenea/internal/metrics/compact.go:181.2,184.32 1 1
github.com/Tutitoos/atenea/internal/metrics/compact.go:184.32,186.3 1 0
github.com/Tutitoos/atenea/internal/metrics/compact.go:187.2,187.36 1 1
github.com/Tutitoos/atenea/internal/metrics/compact.go:187.36,189.3 1 0
github.com/Tutitoos/atenea/internal/metrics/compact.go:190.2,190.18 1 1
github.com/Tutitoos/atenea/internal/metrics/compact.go:194.95,198.9 3 1
github.com/Tutitoos/atenea/internal/metrics/compact.go:199.37,203.19 1 1
github.com/Tutitoos/atenea/internal/metrics/compact.go:204.18,205.70 1 0
github.com/Tutitoos/atenea/internal/metrics/compact.go:207.2,207.42 1 1
github.com/Tutitoos/atenea/internal/metrics/compact.go:210.88,211.84 1 1
github.com/Tutitoos/atenea/internal/metrics/compact.go:211.84,213.3 1 0
github.com/Tutitoos/atenea/internal/metrics/compact.go:214.2,215.82 1 1
github.com/Tutitoos/atenea/internal/metrics/compact.go:215.82,217.3 1 0
github.com/Tutitoos/atenea/internal/metrics/compact.go:218.2,218.12 1 1
github.com/Tutitoos/atenea/internal/metrics/metrics.go:89.35,97.2 2 1
github.com/Tutitoos/atenea/internal/metrics/metrics.go:139.27,139.90 1 0
github.com/Tutitoos/atenea/internal/metrics/metrics.go:165.54,166.35 1 1
github.com/Tutitoos/atenea/internal/metrics/metrics.go:166.35,168.3 1 0
github.com/Tutitoos/atenea/internal/metrics/metrics.go:169.2,175.18 2 1
github.com/Tutitoos/atenea/internal/metrics/metrics.go:175.18,177.3 1 1
github.com/Tutitoos/atenea/internal/metrics/metrics.go:178.2,178.21 1 1
github.com/Tutitoos/atenea/internal/metrics/metrics.go:178.21,180.3 1 1
github.com/Tutitoos/atenea/internal/metrics/metrics.go:181.2,181.34 1 1
github.com/Tutitoos/atenea/internal/metrics/metrics.go:181.34,183.3 1 1
github.com/Tutitoos/atenea/internal/metrics/metrics.go:184.2,184.42 1 1
github.com/Tutitoos/atenea/internal/metrics/metrics.go:184.42,185.40 1 1
github.com/Tutitoos/atenea/internal/metrics/metrics.go:185.40,187.4 1 0
github.com/Tutitoos/atenea/internal/metrics/metrics.go:189.2,190.16 2 1
github.com/Tutitoos/atenea/internal/metrics/metrics.go:190.16,192.3 1 1
github.com/Tutitoos/atenea/internal/metrics/metrics.go:193.2,193.15 1 1
github.com/Tutitoos/atenea/internal/metrics/metrics.go:193.15,193.33 1 1
github.com/Tutitoos/atenea/internal/metrics/metrics.go:194.2,194.58 1 1
github.com/Tutitoos/atenea/internal/metrics/metrics.go:194.58,196.3 1 0
github.com/Tutitoos/atenea/internal/metrics/metrics.go:197.2,197.15 1 1
github.com/Tutitoos/atenea/internal/metrics/metrics.go:201.31,201.48 1 0
github.com/Tutitoos/atenea/internal/metrics/metrics.go:206.39,207.19 1 1
github.com/Tutitoos/atenea/internal/metrics/metrics.go:207.19,209.3 1 0
github.com/Tutitoos/atenea/internal/metrics/metrics.go:213.2,217.44 5 1
github.com/Tutitoos/atenea/internal/metrics/metrics.go:217.44,222.3 2 1
github.com/Tutitoos/atenea/internal/metrics/metrics.go:226.31,230.2 3 1
github.com/Tutitoos/atenea/internal/metrics/metrics.go:233.31,237.2 3 1
github.com/Tutitoos/atenea/internal/metrics/metrics.go:240.31,244.2 3 1
github.com/Tutitoos/atenea/internal/metrics/metrics.go:258.50,260.21 2 1
github.com/Tutitoos/atenea/internal/metrics/metrics.go:260.21,263.3 2 1
github.com/Tutitoos/atenea/internal/metrics/metrics.go:264.2,271.16 7 1
github.com/Tutitoos/atenea/internal/metrics/metrics.go:271.16,273.45 2 1
github.com/Tutitoos/atenea/internal/metrics/metrics.go:273.45,276.4 2 0
github.com/Tutitoos/atenea/internal/metrics/metrics.go:277.3,277.13 1 1
github.com/Tutitoos/atenea/internal/metrics/metrics.go:279.2,280.12 2 1
github.com/Tutitoos/atenea/internal/metrics/metrics.go:283.71,285.16 2 1
github.com/Tutitoos/atenea/internal/metrics/metrics.go:285.16,287.3 1 1
github.com/Tutitoos/atenea/internal/metrics/metrics.go:288.2,288.15 1 1
github.com/Tutitoos/atenea/internal/metrics/metrics.go:288.15,288.33 1 1
github.com/Tutitoos/atenea/internal/metrics/metrics.go:290.2,291.16 2 1
github.com/Tutitoos/atenea/internal/metrics/metrics.go:291.16,293.3 1 0
github.com/Tutitoos/atenea/internal/metrics/metrics.go:294.2,294.15 1 1
github.com/Tutitoos/atenea/internal/metrics/metrics.go:294.15,294.36 1 1
github.com/Tutitoos/atenea/internal/metrics/metrics.go:296.2,297.16 2 1
github.com/Tutitoos/atenea/internal/metrics/metrics.go:297.16,299.3 1 0
github.com/Tutitoos/atenea/internal/metrics/metrics.go:300.2,300.15 1 1
github.com/Tutitoos/atenea/internal/metrics/metrics.go:300.15,300.35 1 1
github.com/Tutitoos/atenea/internal/metrics/metrics.go:302.2,302.26 1 1
github.com/Tutitoos/atenea/internal/metrics/metrics.go:302.26,304.26 2 1
github.com/Tutitoos/atenea/internal/metrics/metrics.go:304.26,306.4 1 1
github.com/Tutitoos/atenea/internal/metrics/metrics.go:307.3,312.17 2 1
github.com/Tutitoos/atenea/internal/metrics/metrics.go:312.17,314.4 1 0
github.com/Tutitoos/atenea/internal/metrics/metrics.go:316.2,316.36 1 1
github.com/Tutitoos/atenea/internal/metrics/metrics.go:316.36,318.3 1 0
github.com/Tutitoos/atenea/internal/metrics/metrics.go:319.2,319.12 1 1
github.com/Tutitoos/atenea/internal/metrics/metrics.go:324.31,324.71 1 1
github.com/Tutitoos/atenea/internal/metrics/metrics.go:329.63,332.6 3 1
github.com/Tutitoos/atenea/internal/metrics/metrics.go:332.6,334.17 2 1
github.com/Tutitoos/atenea/internal/metrics/metrics.go:334.17,339.45 2 1
github.com/Tutitoos/atenea/internal/metrics/metrics.go:339.45,341.5 1 1
github.com/Tutitoos/atenea/internal/metrics/metrics.go:342.4,342.18 1 0
github.com/Tutitoos/atenea/internal/metrics/metrics.go:344.3,344.51 1 1
github.com/Tutitoos/atenea/internal/metrics/metrics.go:344.51,346.4 1 1
github.com/Tutitoos/atenea/internal/metrics/metrics.go:347.3,347.10 1 1
github.com/Tutitoos/atenea/internal/metrics/metrics.go:348.21,349.25 1 0
github.com/Tutitoos/atenea/internal/metrics/metrics.go:350.30,350.30 0 1
github.com/Tutitoos/atenea/internal/metrics/metrics.go:352.3,352.37 1 1
github.com/Tutitoos/atenea/internal/metrics/metrics.go:352.37,354.4 1 1
github.com/Tutitoos/atenea/internal/metrics/metrics.go:361.31,362.16 1 1
github.com/Tutitoos/atenea/internal/metrics/metrics.go:362.16,364.3 1 0
github.com/Tutitoos/atenea/internal/metrics/metrics.go:365.2,367.40 2 1
github.com/Tutitoos/atenea/internal/metrics/metrics.go:370.34,371.48 1 1
github.com/Tutitoos/atenea/internal/metrics/metrics.go:371.48,374.3 1 0
github.com/Tutitoos/atenea/internal/metrics/metrics.go:375.2,375.12 1 1
github.com/Tutitoos/atenea/internal/metrics/metrics.go:384.53,389.55 2 1
github.com/Tutitoos/atenea/internal/metrics/metrics.go:389.55,391.3 1 0
github.com/Tutitoos/atenea/internal/metrics/metrics.go:392.2,393.16 2 1
github.com/Tutitoos/atenea/internal/metrics/metrics.go:393.16,395.3 1 0
github.com/Tutitoos/atenea/internal/metrics/metrics.go:396.2,396.29 1 1
github.com/Tutitoos/atenea/internal/metrics/metrics.go:396.29,400.41 3 1
github.com/Tutitoos/atenea/internal/metrics/metrics.go:400.41,402.4 1 0
github.com/Tutitoos/atenea/internal/metrics/metrics.go:403.3,403.15 1 1
github.com/Tutitoos/atenea/internal/metrics/metrics.go:403.15,404.12 1 1
github.com/Tutitoos/atenea/internal/metrics/metrics.go:406.3,406.46 1 1
github.com/Tutitoos/atenea/internal/metrics/metrics.go:406.46,408.4 1 0
github.com/Tutitoos/atenea/internal/metrics/metrics.go:410.2,410.12 1 1
github.com/Tutitoos/atenea/internal/metrics/metrics.go:419.67,421.16 2 1
github.com/Tutitoos/atenea/internal/metrics/metrics.go:421.16,423.3 1 0
github.com/Tutitoos/atenea/internal/metrics/metrics.go:424.2,424.15 1 1
github.com/Tutitoos/atenea/internal/metrics/metrics.go:424.15,424.36 1 1
github.com/Tutitoos/atenea/internal/metrics/metrics.go:426.2,426.58 1 1
github.com/Tutitoos/atenea/internal/metrics/metrics.go:426.58,428.3 1 0
github.com/Tutitoos/atenea/internal/metrics/metrics.go:429.2,432.16 2 1
github.com/Tutitoos/atenea/internal/metrics/metrics.go:432.16,434.3 1 0
github.com/Tutitoos/atenea/internal/metrics/metrics.go:435.2,435.36 1 1
github.com/Tutitoos/atenea/internal/metrics/metrics.go:435.36,437.3 1 0
github.com/Tutitoos/atenea/internal/metrics/metrics.go:438.2,438.12 1 1
github.com/Tutitoos/atenea/internal/metrics/metrics.go:444.40,446.16 2 1
github.com/Tutitoos/atenea/internal/metrics/metrics.go:446.16,448.3 1 0
github.com/Tutitoos/atenea/internal/metrics/metrics.go:449.2,451.32 3 1
github.com/Tutitoos/atenea/internal/metrics/metrics.go:451.32,452.64 1 1
github.com/Tutitoos/atenea/internal/metrics/metrics.go:452.64,453.12 1 0
github.com/Tutitoos/atenea/internal/metrics/metrics.go:455.3,457.47 3 1
github.com/Tutitoos/atenea/internal/metrics/metrics.go:457.47,460.4 1 0
github.com/Tutitoos/atenea/internal/metrics/metrics.go:461.3,461.39 1 1
github.com/Tutitoos/atenea/internal/metrics/metrics.go:461.39,464.4 1 0
github.com/Tutitoos/atenea/internal/metrics/metrics.go:465.3,466.17 2 1
github.com/Tutitoos/atenea/internal/metrics/metrics.go:466.17,468.4 1 0
github.com/Tutitoos/atenea/internal/metrics/metrics.go:469.3,474.5 2 1
github.com/Tutitoos/atenea/internal/metrics/metrics.go:476.2,476.38 1 1
github.com/Tutitoos/atenea/internal/metrics/metrics.go:476.38,476.80 1 1
github.com/Tutitoos/atenea/internal/metrics/metrics.go:477.2,477.17 1 1
github.com/Tutitoos/atenea/internal/metrics/summary.go:94.78,95.37 1 1
github.com/Tutitoos/atenea/internal/metrics/summary.go:95.37,97.3 1 0
github.com/Tutitoos/atenea/internal/metrics/summary.go:98.2,99.16 2 1
github.com/Tutitoos/atenea/internal/metrics/summary.go:99.16,101.3 1 0
github.com/Tutitoos/atenea/internal/metrics/summary.go:102.2,102.15 1 1
github.com/Tutitoos/atenea/internal/metrics/summary.go:102.15,102.33 1 1
github.com/Tutitoos/atenea/internal/metrics/summary.go:104.2,106.16 3 1
github.com/Tutitoos/atenea/internal/metrics/summary.go:106.16,108.3 1 0
github.com/Tutitoos/atenea/internal/metrics/summary.go:109.2,109.15 1 1
github.com/Tutitoos/atenea/internal/metrics/summary.go:109.15,109.35 1 1
github.com/Tutitoos/atenea/internal/metrics/summary.go:111.2,112.18 2 1
github.com/Tutitoos/atenea/internal/metrics/summary.go:112.18,118.76 4 1
github.com/Tutitoos/atenea/internal/metrics/summary.go:118.76,120.4 1 0
github.com/Tutitoos/atenea/internal/metrics/summary.go:121.3,121.22 1 1
github.com/Tutitoos/atenea/internal/metrics/summary.go:121.22,123.4 1 1
github.com/Tutitoos/atenea/internal/metrics/summary.go:124.3,125.18 2 1
github.com/Tutitoos/atenea/internal/metrics/summary.go:125.18,127.4 1 1
github.com/Tutitoos/atenea/internal/metrics/summary.go:128.3,128.23 1 1
github.com/Tutitoos/atenea/internal/metrics/summary.go:130.2,130.35 1 1
github.com/Tutitoos/atenea/internal/metrics/summary.go:130.35,132.3 1 0
github.com/Tutitoos/atenea/internal/metrics/summary.go:133.2,133.17 1 1
github.com/Tutitoos/atenea/internal/passthrough/passthrough.go:117.29,118.27 1 1
github.com/Tutitoos/atenea/internal/passthrough/passthrough.go:118.27,120.3 1 1
github.com/Tutitoos/atenea/internal/passthrough/passthrough.go:121.2,121.22 1 1
github.com/Tutitoos/atenea/internal/passthrough/passthrough.go:148.38,150.18 2 1
github.com/Tutitoos/atenea/internal/passthrough/passthrough.go:150.18,152.3 1 1
github.com/Tutitoos/atenea/internal/passthrough/passthrough.go:153.2,162.3 1 1
github.com/Tutitoos/atenea/internal/passthrough/passthrough.go:166.48,166.91 1 1
github.com/Tutitoos/atenea/internal/passthrough/passthrough.go:169.42,169.76 1 0
github.com/Tutitoos/atenea/internal/passthrough/passthrough.go:173.35,173.50 1 0
github.com/Tutitoos/atenea/internal/passthrough/passthrough.go:176.38,176.54 1 1
github.com/Tutitoos/atenea/internal/passthrough/passthrough.go:182.39,184.2 1 1
github.com/Tutitoos/atenea/internal/passthrough/passthrough.go:193.56,195.12 2 1
github.com/Tutitoos/atenea/internal/passthrough/passthrough.go:195.12,197.3 1 1
github.com/Tutitoos/atenea/internal/passthrough/passthrough.go:198.2,199.42 2 1
github.com/Tutitoos/atenea/internal/passthrough/passthrough.go:199.42,201.3 1 1
github.com/Tutitoos/atenea/internal/passthrough/passthrough.go:202.2,202.27 1 1
github.com/Tutitoos/atenea/internal/passthrough/passthrough.go:213.66,215.16 2 1
github.com/Tutitoos/atenea/internal/passthrough/passthrough.go:215.16,217.3 1 1
github.com/Tutitoos/atenea/internal/passthrough/passthrough.go:218.2,218.42 1 1
github.com/Tutitoos/atenea/internal/passthrough/passthrough.go:226.84,234.51 2 1
github.com/Tutitoos/atenea/internal/passthrough/passthrough.go:234.51,236.3 1 0
github.com/Tutitoos/atenea/internal/passthrough/passthrough.go:237.2,238.31 2 1
github.com/Tutitoos/atenea/internal/passthrough/passthrough.go:238.31,243.59 1 1
github.com/Tutitoos/atenea/internal/passthrough/passthrough.go:243.59,244.12 1 1
github.com/Tutitoos/atenea/internal/passthrough/passthrough.go:246.3,246.96 1 1
github.com/Tutitoos/atenea/internal/passthrough/passthrough.go:248.2,248.17 1 1
github.com/Tutitoos/atenea/internal/passthrough/passthrough.go:269.89,274.53 2 1
github.com/Tutitoos/atenea/internal/passthrough/passthrough.go:274.53,276.3 1 0
github.com/Tutitoos/atenea/internal/passthrough/passthrough.go:277.2,277.25 1 1
github.com/Tutitoos/atenea/internal/passthrough/passthrough.go:277.25,282.3 1 1
github.com/Tutitoos/atenea/internal/passthrough/passthrough.go:283.2,283.27 1 1
github.com/Tutitoos/atenea/internal/passthrough/passthrough.go:293.108,298.21 1 1
github.com/Tutitoos/atenea/internal/passthrough/passthrough.go:298.21,301.3 1 1
github.com/Tutitoos/atenea/internal/passthrough/passthrough.go:302.2,302.17 1 1
github.com/Tutitoos/atenea/internal/passthrough/passthrough.go:302.17,304.3 1 1
github.com/Tutitoos/atenea/internal/passthrough/passthrough.go:305.2,305.86 1 1
github.com/Tutitoos/atenea/internal/passthrough/passthrough.go:311.31,315.2 3 1
github.com/Tutitoos/atenea/internal/passthrough/passthrough.go:324.104,326.16 2 1
github.com/Tutitoos/atenea/internal/passthrough/passthrough.go:326.16,328.3 1 1
github.com/Tutitoos/atenea/internal/passthrough/passthrough.go:329.2,329.38 1 1
github.com/Tutitoos/atenea/internal/passthrough/passthrough.go:329.38,331.3 1 1
github.com/Tutitoos/atenea/internal/passthrough/passthrough.go:332.2,334.37 3 1
github.com/Tutitoos/atenea/internal/passthrough/passthrough.go:334.37,337.3 1 0
github.com/Tutitoos/atenea/internal/passthrough/passthrough.go:338.2,338.17 1 1
github.com/Tutitoos/atenea/internal/passthrough/passthrough.go:345.104,346.38 1 1
github.com/Tutitoos/atenea/internal/passthrough/passthrough.go:346.38,348.3 1 1
github.com/Tutitoos/atenea/internal/passthrough/passthrough.go:349.2,352.45 4 1
github.com/Tutitoos/atenea/internal/passthrough/passthrough.go:357.57,360.12 3 1
github.com/Tutitoos/atenea/internal/passthrough/passthrough.go:360.12,362.3 1 1
github.com/Tutitoos/atenea/internal/passthrough/passthrough.go:366.2,370.21 1 1
github.com/Tutitoos/atenea/internal/passthrough/passthrough.go:370.21,372.3 1 1
github.com/Tutitoos/atenea/internal/passthrough/passthrough.go:376.2,376.78 1 1
github.com/Tutitoos/atenea/internal/passthrough/passthrough.go:376.78,378.3 1 0
github.com/Tutitoos/atenea/internal/passthrough/passthrough.go:379.2,380.12 2 1
github.com/Tutitoos/atenea/internal/passthrough/passthrough.go:384.117,394.16 3 1
github.com/Tutitoos/atenea/internal/passthrough/passthrough.go:394.16,396.3 1 0
github.com/Tutitoos/atenea/internal/passthrough/passthrough.go:397.2,398.16 2 1
github.com/Tutitoos/atenea/internal/passthrough/passthrough.go:398.16,400.3 1 1
github.com/Tutitoos/atenea/internal/passthrough/passthrough.go:401.2,401.59 1 1
github.com/Tutitoos/atenea/internal/passthrough/passthrough.go:401.59,403.3 1 1
github.com/Tutitoos/atenea/internal/passthrough/passthrough.go:404.2,404.26 1 1
github.com/Tutitoos/atenea/internal/passthrough/passthrough.go:404.26,407.3 1 0
github.com/Tutitoos/atenea/internal/passthrough/passthrough.go:410.2,410.45 1 1
github.com/Tutitoos/atenea/internal/passthrough/passthrough.go:410.45,412.3 1 1
github.com/Tutitoos/atenea/internal/passthrough/passthrough.go:413.2,414.16 2 1
github.com/Tutitoos/atenea/internal/passthrough/passthrough.go:414.16,416.3 1 0
github.com/Tutitoos/atenea/internal/passthrough/passthrough.go:417.2,417.42 1 1
github.com/Tutitoos/atenea/internal/passthrough/passthrough.go:421.81,423.16 2 1
github.com/Tutitoos/atenea/internal/passthrough/passthrough.go:423.16,425.3 1 0
github.com/Tutitoos/atenea/internal/passthrough/passthrough.go:426.2,427.16 2 1
github.com/Tutitoos/atenea/internal/passthrough/passthrough.go:427.16,429.3 1 0
github.com/Tutitoos/atenea/internal/passthrough/passthrough.go:430.2,430.26 1 1
github.com/Tutitoos/atenea/internal/passthrough/passthrough.go:430.26,432.3 1 0
github.com/Tutitoos/atenea/internal/passthrough/passthrough.go:433.2,433.12 1 1
github.com/Tutitoos/atenea/internal/passthrough/passthrough.go:446.93,450.16 4 1
github.com/Tutitoos/atenea/internal/passthrough/passthrough.go:450.16,452.3 1 0
github.com/Tutitoos/atenea/internal/passthrough/passthrough.go:453.2,458.19 3 1
github.com/Tutitoos/atenea/internal/passthrough/passthrough.go:458.19,460.3 1 1
github.com/Tutitoos/atenea/internal/passthrough/passthrough.go:461.2,462.16 2 1
github.com/Tutitoos/atenea/internal/passthrough/passthrough.go:462.16,464.53 2 1
github.com/Tutitoos/atenea/internal/passthrough/passthrough.go:464.53,466.4 1 1
github.com/Tutitoos/atenea/internal/passthrough/passthrough.go:467.3,467.65 1 1
github.com/Tutitoos/atenea/internal/passthrough/passthrough.go:469.2,469.15 1 1
github.com/Tutitoos/atenea/internal/passthrough/passthrough.go:469.15,469.40 1 1
github.com/Tutitoos/atenea/internal/passthrough/passthrough.go:470.2,471.16 2 1
github.com/Tutitoos/atenea/internal/passthrough/passthrough.go:471.16,473.3 1 0
github.com/Tutitoos/atenea/internal/passthrough/passthrough.go:474.2,481.8 1 1
github.com/Tutitoos/atenea/internal/passthrough/passthrough.go:486.89,488.2 1 1
github.com/Tutitoos/atenea/internal/passthrough/passthrough.go:492.51,494.19 2 1
github.com/Tutitoos/atenea/internal/passthrough/passthrough.go:494.19,496.3 1 0
github.com/Tutitoos/atenea/internal/passthrough/passthrough.go:497.2,497.37 1 1
github.com/Tutitoos/atenea/internal/passthrough/passthrough.go:497.37,499.3 1 1
github.com/Tutitoos/atenea/internal/passthrough/passthrough.go:500.2,500.52 1 1
github.com/Tutitoos/atenea/internal/passthrough/passthrough.go:500.52,501.83 1 1
github.com/Tutitoos/atenea/internal/passthrough/passthrough.go:501.83,503.4 1 1
github.com/Tutitoos/atenea/internal/passthrough/passthrough.go:505.2,505.86 1 0
github.com/Tutitoos/atenea/internal/passthrough/passthrough.go:508.31,511.24 3 1
github.com/Tutitoos/atenea/internal/passthrough/passthrough.go:511.24,513.3 1 1
github.com/Tutitoos/atenea/internal/passthrough/passthrough.go:514.2,514.29 1 0
github.com/Tutitoos/atenea/internal/passthrough/stdio.go:105.54,109.19 4 1
github.com/Tutitoos/atenea/internal/passthrough/stdio.go:109.19,111.3 1 1
github.com/Tutitoos/atenea/internal/passthrough/stdio.go:112.2,113.11 2 1
github.com/Tutitoos/atenea/internal/passthrough/stdio.go:116.34,120.2 3 1
github.com/Tutitoos/atenea/internal/passthrough/stdio.go:125.59,130.8 5 1
github.com/Tutitoos/atenea/internal/passthrough/stdio.go:130.8,132.3 1 1
github.com/Tutitoos/atenea/internal/passthrough/stdio.go:137.27,141.2 3 1
github.com/Tutitoos/atenea/internal/passthrough/stdio.go:143.40,145.18 2 1
github.com/Tutitoos/atenea/internal/passthrough/stdio.go:145.18,147.3 1 1
github.com/Tutitoos/atenea/internal/passthrough/stdio.go:148.2,154.3 1 1
github.com/Tutitoos/atenea/internal/passthrough/stdio.go:157.39,157.54 1 0
github.com/Tutitoos/atenea/internal/passthrough/stdio.go:158.39,158.78 1 1
github.com/Tutitoos/atenea/internal/passthrough/stdio.go:160.49,160.92 1 1
github.com/Tutitoos/atenea/internal/passthrough/stdio.go:161.49,161.83 1 0
github.com/Tutitoos/atenea/internal/passthrough/stdio.go:163.67,165.16 2 1
github.com/Tutitoos/atenea/internal/passthrough/stdio.go:165.16,167.3 1 0
github.com/Tutitoos/atenea/internal/passthrough/stdio.go:168.2,168.42 1 1
github.com/Tutitoos/atenea/internal/passthrough/stdio.go:171.109,172.21 1 1
github.com/Tutitoos/atenea/internal/passthrough/stdio.go:172.21,175.3 1 1
github.com/Tutitoos/atenea/internal/passthrough/stdio.go:176.2,176.17 1 1
github.com/Tutitoos/atenea/internal/passthrough/stdio.go:176.17,178.3 1 1
github.com/Tutitoos/atenea/internal/passthrough/stdio.go:179.2,179.86 1 1
github.com/Tutitoos/atenea/internal/passthrough/stdio.go:189.32,194.17 5 1
github.com/Tutitoos/atenea/internal/passthrough/stdio.go:194.17,196.3 1 1
github.com/Tutitoos/atenea/internal/passthrough/stdio.go:203.26,205.9 2 1
github.com/Tutitoos/atenea/internal/passthrough/stdio.go:206.16,206.16 0 1
github.com/Tutitoos/atenea/internal/passthrough/stdio.go:207.37,207.37 0 0
github.com/Tutitoos/atenea/internal/passthrough/stdio.go:209.2,210.18 2 1
github.com/Tutitoos/atenea/internal/passthrough/stdio.go:226.105,228.77 2 1
github.com/Tutitoos/atenea/internal/passthrough/stdio.go:228.77,230.3 1 1
github.com/Tutitoos/atenea/internal/passthrough/stdio.go:231.2,231.39 1 1
github.com/Tutitoos/atenea/internal/passthrough/stdio.go:234.105,236.16 2 1
github.com/Tutitoos/atenea/internal/passthrough/stdio.go:236.16,238.3 1 0
github.com/Tutitoos/atenea/internal/passthrough/stdio.go:239.2,239.42 1 1
github.com/Tutitoos/atenea/internal/passthrough/stdio.go:248.70,251.19 3 1
github.com/Tutitoos/atenea/internal/passthrough/stdio.go:251.19,252.10 1 1
github.com/Tutitoos/atenea/internal/passthrough/stdio.go:253.22,256.16 1 1
github.com/Tutitoos/atenea/internal/passthrough/stdio.go:257.11,258.22 1 1
github.com/Tutitoos/atenea/internal/passthrough/stdio.go:261.2,262.16 2 1
github.com/Tutitoos/atenea/internal/passthrough/stdio.go:262.16,264.3 1 0
github.com/Tutitoos/atenea/internal/passthrough/stdio.go:267.2,267.47 1 1
github.com/Tutitoos/atenea/internal/passthrough/stdio.go:267.47,270.3 2 0
github.com/Tutitoos/atenea/internal/passthrough/stdio.go:271.2,272.18 2 1
github.com/Tutitoos/atenea/internal/passthrough/stdio.go:275.50,287.20 3 1
github.com/Tutitoos/atenea/internal/passthrough/stdio.go:287.20,289.3 1 1
github.com/Tutitoos/atenea/internal/passthrough/stdio.go:290.2,291.16 2 1
github.com/Tutitoos/atenea/internal/passthrough/stdio.go:291.16,293.3 1 0
github.com/Tutitoos/atenea/internal/passthrough/stdio.go:294.2,295.16 2 1
github.com/Tutitoos/atenea/internal/passthrough/stdio.go:295.16,297.3 1 0
github.com/Tutitoos/atenea/internal/passthrough/stdio.go:298.2,299.16 2 1
github.com/Tutitoos/atenea/internal/passthrough/stdio.go:299.16,301.3 1 0
github.com/Tutitoos/atenea/internal/passthrough/stdio.go:302.2,302.36 1 1
github.com/Tutitoos/atenea/internal/passthrough/stdio.go:302.36,304.3 1 0
github.com/Tutitoos/atenea/internal/passthrough/stdio.go:305.2,312.12 2 1
github.com/Tutitoos/atenea/internal/passthrough/stdio.go:312.12,315.3 2 1
github.com/Tutitoos/atenea/internal/passthrough/stdio.go:316.2,317.18 2 1
github.com/Tutitoos/atenea/internal/passthrough/stdio.go:326.62,328.15 2 1
github.com/Tutitoos/atenea/internal/passthrough/stdio.go:328.15,334.3 2 1
github.com/Tutitoos/atenea/internal/passthrough/stdio.go:335.2,335.6 1 1
github.com/Tutitoos/atenea/internal/passthrough/stdio.go:335.6,337.56 2 1
github.com/Tutitoos/atenea/internal/passthrough/stdio.go:337.56,339.4 1 1
github.com/Tutitoos/atenea/internal/passthrough/stdio.go:340.3,340.17 1 1
github.com/Tutitoos/atenea/internal/passthrough/stdio.go:340.17,341.31 1 1
github.com/Tutitoos/atenea/internal/passthrough/stdio.go:341.31,343.5 1 0
github.com/Tutitoos/atenea/internal/passthrough/stdio.go:344.4,344.10 1 1
github.com/Tutitoos/atenea/internal/passthrough/stdio.go:361.58,362.35 1 1
github.com/Tutitoos/atenea/internal/passthrough/stdio.go:362.35,364.3 1 1
github.com/Tutitoos/atenea/internal/passthrough/stdio.go:365.2,374.47 2 1
github.com/Tutitoos/atenea/internal/passthrough/stdio.go:374.47,376.3 1 0
github.com/Tutitoos/atenea/internal/passthrough/stdio.go:377.2,380.12 2 1
github.com/Tutitoos/atenea/internal/passthrough/stdio.go:380.12,382.3 1 0
github.com/Tutitoos/atenea/internal/passthrough/stdio.go:383.2,383.22 1 1
github.com/Tutitoos/atenea/internal/passthrough/stdio.go:383.22,386.3 2 1
github.com/Tutitoos/atenea/internal/passthrough/stdio.go:387.2,388.40 2 1
github.com/Tutitoos/atenea/internal/passthrough/stdio.go:388.40,390.3 1 0
github.com/Tutitoos/atenea/internal/passthrough/stdio.go:391.2,396.16 2 1
github.com/Tutitoos/atenea/internal/passthrough/stdio.go:396.16,398.3 1 0
github.com/Tutitoos/atenea/internal/passthrough/stdio.go:399.2,399.29 1 1
github.com/Tutitoos/atenea/internal/passthrough/stdio.go:410.81,423.16 2 1
github.com/Tutitoos/atenea/internal/passthrough/stdio.go:423.16,425.3 1 0
github.com/Tutitoos/atenea/internal/passthrough/stdio.go:428.2,428.22 1 1
github.com/Tutitoos/atenea/internal/passthrough/stdio.go:433.117,441.16 5 1
github.com/Tutitoos/atenea/internal/passthrough/stdio.go:441.16,443.3 1 0
github.com/Tutitoos/atenea/internal/passthrough/stdio.go:447.2,450.41 3 1
github.com/Tutitoos/atenea/internal/passthrough/stdio.go:450.41,452.3 1 0
github.com/Tutitoos/atenea/internal/passthrough/stdio.go:453.2,453.9 1 1
github.com/Tutitoos/atenea/internal/passthrough/stdio.go:454.19,455.39 1 1
github.com/Tutitoos/atenea/internal/passthrough/stdio.go:456.19,457.35 1 1
github.com/Tutitoos/atenea/internal/passthrough/stdio.go:458.20,459.75 1 0
github.com/Tutitoos/atenea/internal/passthrough/stdio.go:465.44,470.2 4 1
github.com/Tutitoos/atenea/internal/passthrough/stdio.go:475.65,480.9 1 1
github.com/Tutitoos/atenea/internal/passthrough/stdio.go:481.25,481.25 0 1
github.com/Tutitoos/atenea/internal/passthrough/stdio.go:482.44,482.44 0 0
github.com/Tutitoos/atenea/internal/passthrough/stdio.go:484.2,485.21 2 1
github.com/Tutitoos/atenea/internal/passthrough/stdio.go:485.21,487.3 1 0
github.com/Tutitoos/atenea/internal/passthrough/stdio.go:488.2,488.46 1 1
github.com/Tutitoos/atenea/internal/passthrough/stdio.go:488.46,490.3 1 1
github.com/Tutitoos/atenea/internal/passthrough/stdio.go:491.2,491.75 1 1
github.com/Tutitoos/atenea/internal/passthrough/stdio.go:496.76,502.16 2 1
github.com/Tutitoos/atenea/internal/passthrough/stdio.go:502.16,504.3 1 0
github.com/Tutitoos/atenea/internal/passthrough/stdio.go:505.2,508.16 2 1
github.com/Tutitoos/atenea/internal/passthrough/stdio.go:508.16,510.3 1 0
github.com/Tutitoos/atenea/internal/passthrough/stdio.go:511.2,511.41 1 1
github.com/Tutitoos/atenea/internal/passthrough/stdio.go:511.41,513.3 1 0
github.com/Tutitoos/atenea/internal/passthrough/stdio.go:514.2,514.12 1 1
github.com/Tutitoos/atenea/internal/passthrough/stdio.go:517.90,519.2 1 1
github.com/Tutitoos/atenea/internal/passthrough/stdio.go:524.48,526.26 2 1
github.com/Tutitoos/atenea/internal/passthrough/stdio.go:526.26,528.3 1 1
github.com/Tutitoos/atenea/internal/passthrough/stdio.go:529.2,529.12 1 1
github.com/Tutitoos/atenea/internal/passthrough/stdio.go:546.45,550.48 4 1
github.com/Tutitoos/atenea/internal/passthrough/stdio.go:550.48,552.3 1 0
github.com/Tutitoos/atenea/internal/passthrough/stdio.go:553.2,553.20 1 1
github.com/Tutitoos/atenea/internal/passthrough/stdio.go:556.32,560.2 3 1
github.com/Tutitoos/atenea/internal/orchestrator/floor.go:29.47,31.2 1 0
github.com/Tutitoos/atenea/internal/orchestrator/floor.go:37.65,38.12 1 1
github.com/Tutitoos/atenea/internal/orchestrator/floor.go:38.12,40.3 1 1
github.com/Tutitoos/atenea/internal/orchestrator/floor.go:41.2,41.18 1 0
github.com/Tutitoos/atenea/internal/orchestrator/floor.go:47.52,49.2 1 0
github.com/Tutitoos/atenea/internal/orchestrator/floor.go:53.44,55.2 1 0
github.com/Tutitoos/atenea/internal/orchestrator/grant.go:39.37,40.15 1 1
github.com/Tutitoos/atenea/internal/orchestrator/grant.go:40.15,42.3 1 1
github.com/Tutitoos/atenea/internal/orchestrator/grant.go:43.2,43.28 1 1
github.com/Tutitoos/atenea/internal/orchestrator/grant.go:58.41,59.12 1 1
github.com/Tutitoos/atenea/internal/orchestrator/grant.go:59.12,61.3 1 1
github.com/Tutitoos/atenea/internal/orchestrator/grant.go:62.2,65.17 4 1
github.com/Tutitoos/atenea/internal/orchestrator/grant.go:65.17,67.3 1 1
github.com/Tutitoos/atenea/internal/orchestrator/grant.go:68.2,69.21 2 1
github.com/Tutitoos/atenea/internal/orchestrator/grant.go:69.21,71.3 1 1
github.com/Tutitoos/atenea/internal/orchestrator/grant.go:72.2,72.12 1 1
github.com/Tutitoos/atenea/internal/orchestrator/grant.go:80.36,81.14 1 1
github.com/Tutitoos/atenea/internal/orchestrator/grant.go:81.14,83.3 1 1
github.com/Tutitoos/atenea/internal/orchestrator/grant.go:84.2,87.16 4 1
github.com/Tutitoos/atenea/internal/orchestrator/grant.go:87.16,93.3 1 1
github.com/Tutitoos/atenea/internal/orchestrator/grant.go:97.37,101.2 3 1
github.com/Tutitoos/atenea/internal/orchestrator/orchestrator.go:69.47,69.48 0 1
github.com/Tutitoos/atenea/internal/orchestrator/orchestrator.go:70.47,70.48 0 1
github.com/Tutitoos/atenea/internal/orchestrator/orchestrator.go:227.38,228.40 1 1
github.com/Tutitoos/atenea/internal/orchestrator/orchestrator.go:228.40,230.3 1 0
github.com/Tutitoos/atenea/internal/orchestrator/orchestrator.go:231.2,231.46 1 1
github.com/Tutitoos/atenea/internal/orchestrator/orchestrator.go:231.46,234.3 1 1
github.com/Tutitoos/atenea/internal/orchestrator/orchestrator.go:235.2,235.25 1 1
github.com/Tutitoos/atenea/internal/orchestrator/orchestrator.go:235.25,238.3 1 1
github.com/Tutitoos/atenea/internal/orchestrator/orchestrator.go:239.2,239.23 1 1
github.com/Tutitoos/atenea/internal/orchestrator/orchestrator.go:239.23,242.3 1 0
github.com/Tutitoos/atenea/internal/orchestrator/orchestrator.go:243.2,244.18 2 1
github.com/Tutitoos/atenea/internal/orchestrator/orchestrator.go:244.18,246.17 2 0
github.com/Tutitoos/atenea/internal/orchestrator/orchestrator.go:246.17,248.4 1 0
github.com/Tutitoos/atenea/internal/orchestrator/orchestrator.go:249.3,249.19 1 0
github.com/Tutitoos/atenea/internal/orchestrator/orchestrator.go:251.2,252.18 2 1
github.com/Tutitoos/atenea/internal/orchestrator/orchestrator.go:252.18,254.3 1 1
github.com/Tutitoos/atenea/internal/orchestrator/orchestrator.go:255.2,267.8 1 1
github.com/Tutitoos/atenea/internal/orchestrator/orchestrator.go:271.39,271.64 1 1
github.com/Tutitoos/atenea/internal/orchestrator/orchestrator.go:274.42,274.61 1 0
github.com/Tutitoos/atenea/internal/orchestrator/orchestrator.go:277.35,277.59 1 0
github.com/Tutitoos/atenea/internal/orchestrator/orchestrator.go:390.81,391.40 1 1
github.com/Tutitoos/atenea/internal/orchestrator/orchestrator.go:391.40,393.3 1 1
github.com/Tutitoos/atenea/internal/orchestrator/orchestrator.go:397.2,397.54 1 1
github.com/Tutitoos/atenea/internal/orchestrator/orchestrator.go:397.54,400.3 1 1
github.com/Tutitoos/atenea/internal/orchestrator/orchestrator.go:401.2,401.21 1 1
github.com/Tutitoos/atenea/internal/orchestrator/orchestrator.go:401.21,404.3 1 1
github.com/Tutitoos/atenea/internal/orchestrator/orchestrator.go:405.2,406.20 2 1
github.com/Tutitoos/atenea/internal/orchestrator/orchestrator.go:406.20,408.3 1 1
github.com/Tutitoos/atenea/internal/orchestrator/orchestrator.go:413.2,434.15 7 1
github.com/Tutitoos/atenea/internal/orchestrator/orchestrator.go:434.15,451.74 10 1
github.com/Tutitoos/atenea/internal/orchestrator/orchestrator.go:451.74,453.4 1 0
github.com/Tutitoos/atenea/internal/orchestrator/orchestrator.go:457.2,458.36 2 1
github.com/Tutitoos/atenea/internal/orchestrator/orchestrator.go:458.36,468.3 3 1
github.com/Tutitoos/atenea/internal/orchestrator/orchestrator.go:469.2,469.40 1 1
github.com/Tutitoos/atenea/internal/orchestrator/orchestrator.go:469.40,471.3 1 0
github.com/Tutitoos/atenea/internal/orchestrator/orchestrator.go:472.2,476.16 4 1
github.com/Tutitoos/atenea/internal/orchestrator/orchestrator.go:476.16,478.3 1 1
github.com/Tutitoos/atenea/internal/orchestrator/orchestrator.go:479.2,483.16 3 1
github.com/Tutitoos/atenea/internal/orchestrator/orchestrator.go:483.16,485.3 1 0
github.com/Tutitoos/atenea/internal/orchestrator/orchestrator.go:486.2,490.20 4 1
github.com/Tutitoos/atenea/internal/orchestrator/orchestrator.go:505.113,506.40 1 1
github.com/Tutitoos/atenea/internal/orchestrator/orchestrator.go:506.40,508.3 1 0
github.com/Tutitoos/atenea/internal/orchestrator/orchestrator.go:509.2,509.40 1 1
github.com/Tutitoos/atenea/internal/orchestrator/orchestrator.go:509.40,511.3 1 0
github.com/Tutitoos/atenea/internal/orchestrator/orchestrator.go:512.2,512.72 1 1
github.com/Tutitoos/atenea/internal/orchestrator/orchestrator.go:512.72,515.3 1 0
github.com/Tutitoos/atenea/internal/orchestrator/orchestrator.go:516.2,516.21 1 1
github.com/Tutitoos/atenea/internal/orchestrator/orchestrator.go:516.21,519.3 1 0
github.com/Tutitoos/atenea/internal/orchestrator/orchestrator.go:520.2,520.20 1 1
github.com/Tutitoos/atenea/internal/orchestrator/orchestrator.go:520.20,522.3 1 1
github.com/Tutitoos/atenea/internal/orchestrator/orchestrator.go:524.2,533.34 6 1
github.com/Tutitoos/atenea/internal/orchestrator/orchestrator.go:533.34,535.3 1 1
github.com/Tutitoos/atenea/internal/orchestrator/orchestrator.go:536.2,536.30 1 1
github.com/Tutitoos/atenea/internal/orchestrator/orchestrator.go:536.30,538.3 1 1
github.com/Tutitoos/atenea/internal/orchestrator/orchestrator.go:539.2,541.15 2 1
github.com/Tutitoos/atenea/internal/orchestrator/orchestrator.go:541.15,551.74 10 1
github.com/Tutitoos/atenea/internal/orchestrator/orchestrator.go:551.74,553.4 1 0
github.com/Tutitoos/atenea/internal/orchestrator/orchestrator.go:556.2,557.20 2 1
github.com/Tutitoos/atenea/internal/orchestrator/orchestrator.go:603.82,605.24 2 1
github.com/Tutitoos/atenea/internal/orchestrator/orchestrator.go:605.24,607.3 1 0
github.com/Tutitoos/atenea/internal/orchestrator/orchestrator.go:608.2,608.43 1 1
github.com/Tutitoos/atenea/internal/orchestrator/orchestrator.go:608.43,611.3 1 1
github.com/Tutitoos/atenea/internal/orchestrator/orchestrator.go:614.2,614.48 1 1
github.com/Tutitoos/atenea/internal/orchestrator/orchestrator.go:614.48,617.3 1 1
github.com/Tutitoos/atenea/internal/orchestrator/orchestrator.go:618.2,618.21 1 1
github.com/Tutitoos/atenea/internal/orchestrator/orchestrator.go:618.21,621.3 1 0
github.com/Tutitoos/atenea/internal/orchestrator/orchestrator.go:622.2,623.20 2 1
github.com/Tutitoos/atenea/internal/orchestrator/orchestrator.go:623.20,625.3 1 0
github.com/Tutitoos/atenea/internal/orchestrator/orchestrator.go:630.2,639.15 6 1
github.com/Tutitoos/atenea/internal/orchestrator/orchestrator.go:639.15,649.74 10 1
github.com/Tutitoos/atenea/internal/orchestrator/orchestrator.go:649.74,651.4 1 0
github.com/Tutitoos/atenea/internal/orchestrator/orchestrator.go:654.2,668.40 2 1
github.com/Tutitoos/atenea/internal/orchestrator/orchestrator.go:668.40,670.3 1 0
github.com/Tutitoos/atenea/internal/orchestrator/orchestrator.go:671.2,675.20 4 1
github.com/Tutitoos/atenea/internal/orchestrator/orchestrator.go:707.107,708.54 1 1
github.com/Tutitoos/atenea/internal/orchestrator/orchestrator.go:708.54,711.3 1 0
github.com/Tutitoos/atenea/internal/orchestrator/orchestrator.go:712.2,712.21 1 1
github.com/Tutitoos/atenea/internal/orchestrator/orchestrator.go:712.21,715.3 1 0
github.com/Tutitoos/atenea/internal/orchestrator/orchestrator.go:716.2,716.30 1 1
github.com/Tutitoos/atenea/internal/orchestrator/orchestrator.go:716.30,719.3 1 1
github.com/Tutitoos/atenea/internal/orchestrator/orchestrator.go:725.2,726.16 2 1
github.com/Tutitoos/atenea/internal/orchestrator/orchestrator.go:726.16,728.3 1 0
github.com/Tutitoos/atenea/internal/orchestrator/orchestrator.go:729.2,732.16 3 1
github.com/Tutitoos/atenea/internal/orchestrator/orchestrator.go:732.16,734.3 1 1
github.com/Tutitoos/atenea/internal/orchestrator/orchestrator.go:735.2,735.49 1 1
github.com/Tutitoos/atenea/internal/orchestrator/orchestrator.go:735.49,737.3 1 1
github.com/Tutitoos/atenea/internal/orchestrator/orchestrator.go:745.2,745.35 1 1
github.com/Tutitoos/atenea/internal/orchestrator/orchestrator.go:745.35,748.3 1 1
github.com/Tutitoos/atenea/internal/orchestrator/orchestrator.go:750.2,751.24 2 1
github.com/Tutitoos/atenea/internal/orchestrator/orchestrator.go:751.24,753.3 1 1
github.com/Tutitoos/atenea/internal/orchestrator/orchestrator.go:754.2,772.15 6 1
github.com/Tutitoos/atenea/internal/orchestrator/orchestrator.go:772.15,783.74 11 1
github.com/Tutitoos/atenea/internal/orchestrator/orchestrator.go:783.74,785.4 1 0
github.com/Tutitoos/atenea/internal/orchestrator/orchestrator.go:791.2,791.39 1 1
github.com/Tutitoos/atenea/internal/orchestrator/orchestrator.go:791.39,794.3 2 1
github.com/Tutitoos/atenea/internal/orchestrator/orchestrator.go:795.2,795.40 1 1
github.com/Tutitoos/atenea/internal/orchestrator/orchestrator.go:795.40,798.3 2 0
github.com/Tutitoos/atenea/internal/orchestrator/orchestrator.go:802.2,802.27 1 1
github.com/Tutitoos/atenea/internal/orchestrator/orchestrator.go:802.27,804.21 2 1
github.com/Tutitoos/atenea/internal/orchestrator/orchestrator.go:804.21,806.4 1 0
github.com/Tutitoos/atenea/internal/orchestrator/orchestrator.go:812.3,818.37 3 1
github.com/Tutitoos/atenea/internal/orchestrator/orchestrator.go:818.37,828.4 3 1
github.com/Tutitoos/atenea/internal/orchestrator/orchestrator.go:829.3,829.48 1 1
github.com/Tutitoos/atenea/internal/orchestrator/orchestrator.go:829.48,831.4 1 0
github.com/Tutitoos/atenea/internal/orchestrator/orchestrator.go:832.3,836.24 4 1
github.com/Tutitoos/atenea/internal/orchestrator/orchestrator.go:836.24,838.4 1 0
github.com/Tutitoos/atenea/internal/orchestrator/orchestrator.go:839.3,842.23 3 1
github.com/Tutitoos/atenea/internal/orchestrator/orchestrator.go:842.23,844.4 1 0
github.com/Tutitoos/atenea/internal/orchestrator/orchestrator.go:845.3,849.21 4 1
github.com/Tutitoos/atenea/internal/orchestrator/orchestrator.go:856.2,858.41 3 1
github.com/Tutitoos/atenea/internal/orchestrator/orchestrator.go:858.41,859.27 1 1
github.com/Tutitoos/atenea/internal/orchestrator/orchestrator.go:859.27,861.4 1 1
github.com/Tutitoos/atenea/internal/orchestrator/orchestrator.go:863.2,863.47 1 1
github.com/Tutitoos/atenea/internal/orchestrator/orchestrator.go:863.47,865.3 1 0
github.com/Tutitoos/atenea/internal/orchestrator/orchestrator.go:866.2,867.23 2 1
github.com/Tutitoos/atenea/internal/orchestrator/orchestrator.go:867.23,869.3 1 0
github.com/Tutitoos/atenea/internal/orchestrator/orchestrator.go:870.2,873.20 3 1
github.com/Tutitoos/atenea/internal/orchestrator/orchestrator.go:880.61,881.34 1 1
github.com/Tutitoos/atenea/internal/orchestrator/orchestrator.go:881.34,884.3 1 0
github.com/Tutitoos/atenea/internal/orchestrator/orchestrator.go:885.2,886.16 2 1
github.com/Tutitoos/atenea/internal/orchestrator/orchestrator.go:886.16,888.3 1 0
github.com/Tutitoos/atenea/internal/orchestrator/orchestrator.go:889.2,889.38 1 1
github.com/Tutitoos/atenea/internal/orchestrator/orchestrator.go:889.38,892.3 1 1
github.com/Tutitoos/atenea/internal/orchestrator/orchestrator.go:893.2,893.41 1 1
github.com/Tutitoos/atenea/internal/orchestrator/orchestrator.go:893.41,894.66 1 1
github.com/Tutitoos/atenea/internal/orchestrator/orchestrator.go:894.66,896.4 1 0
github.com/Tutitoos/atenea/internal/orchestrator/orchestrator.go:897.3,897.66 1 1
github.com/Tutitoos/atenea/internal/orchestrator/orchestrator.go:897.66,899.4 1 1
github.com/Tutitoos/atenea/internal/orchestrator/orchestrator.go:901.2,901.12 1 1
github.com/Tutitoos/atenea/internal/orchestrator/orchestrator.go:904.85,905.22 1 1
github.com/Tutitoos/atenea/internal/orchestrator/orchestrator.go:905.22,907.20 2 1
github.com/Tutitoos/atenea/internal/orchestrator/orchestrator.go:907.20,910.4 1 0
github.com/Tutitoos/atenea/internal/orchestrator/orchestrator.go:911.3,911.18 1 1
github.com/Tutitoos/atenea/internal/orchestrator/orchestrator.go:913.2,915.28 3 1
github.com/Tutitoos/atenea/internal/orchestrator/orchestrator.go:915.28,916.30 1 1
github.com/Tutitoos/atenea/internal/orchestrator/orchestrator.go:916.30,917.12 1 0
github.com/Tutitoos/atenea/internal/orchestrator/orchestrator.go:919.3,921.17 3 1
github.com/Tutitoos/atenea/internal/orchestrator/orchestrator.go:921.17,923.4 1 1
github.com/Tutitoos/atenea/internal/orchestrator/orchestrator.go:924.3,924.26 1 1
github.com/Tutitoos/atenea/internal/orchestrator/orchestrator.go:926.2,926.17 1 1
github.com/Tutitoos/atenea/internal/orchestrator/orchestrator.go:932.130,934.32 2 1
github.com/Tutitoos/atenea/internal/orchestrator/orchestrator.go:934.32,936.3 1 1
github.com/Tutitoos/atenea/internal/orchestrator/orchestrator.go:937.2,938.36 2 1
github.com/Tutitoos/atenea/internal/orchestrator/orchestrator.go:938.36,942.46 2 1
github.com/Tutitoos/atenea/internal/orchestrator/orchestrator.go:942.46,944.4 1 1
github.com/Tutitoos/atenea/internal/orchestrator/orchestrator.go:945.3,952.5 1 1
github.com/Tutitoos/atenea/internal/orchestrator/orchestrator.go:954.2,954.14 1 1
github.com/Tutitoos/atenea/internal/orchestrator/orchestrator.go:963.71,965.16 2 1
github.com/Tutitoos/atenea/internal/orchestrator/orchestrator.go:965.16,967.3 1 0
github.com/Tutitoos/atenea/internal/orchestrator/orchestrator.go:968.2,968.42 1 1
github.com/Tutitoos/atenea/internal/orchestrator/orchestrator.go:968.42,969.26 1 1
github.com/Tutitoos/atenea/internal/orchestrator/orchestrator.go:969.26,972.4 2 1
github.com/Tutitoos/atenea/internal/orchestrator/orchestrator.go:985.177,988.36 3 1
github.com/Tutitoos/atenea/internal/orchestrator/orchestrator.go:988.36,990.47 2 1
github.com/Tutitoos/atenea/internal/orchestrator/orchestrator.go:990.47,992.4 1 1
github.com/Tutitoos/atenea/internal/orchestrator/orchestrator.go:994.2,996.16 3 1
github.com/Tutitoos/atenea/internal/orchestrator/orchestrator.go:996.16,998.3 1 0
github.com/Tutitoos/atenea/internal/orchestrator/orchestrator.go:1000.2,1014.29 5 1
github.com/Tutitoos/atenea/internal/orchestrator/orchestrator.go:1014.29,1015.35 1 1
github.com/Tutitoos/atenea/internal/orchestrator/orchestrator.go:1015.35,1021.4 1 1
github.com/Tutitoos/atenea/internal/orchestrator/orchestrator.go:1027.3,1029.29 3 1
github.com/Tutitoos/atenea/internal/orchestrator/orchestrator.go:1029.29,1030.56 1 1
github.com/Tutitoos/atenea/internal/orchestrator/orchestrator.go:1030.56,1035.13 2 1
github.com/Tutitoos/atenea/internal/orchestrator/orchestrator.go:1037.4,1037.37 1 1
github.com/Tutitoos/atenea/internal/orchestrator/orchestrator.go:1039.3,1040.51 2 1
github.com/Tutitoos/atenea/internal/orchestrator/orchestrator.go:1040.51,1040.99 1 1
github.com/Tutitoos/atenea/internal/orchestrator/orchestrator.go:1042.3,1042.29 1 1
github.com/Tutitoos/atenea/internal/orchestrator/orchestrator.go:1042.29,1046.48 4 1
github.com/Tutitoos/atenea/internal/orchestrator/orchestrator.go:1046.48,1048.5 1 1
github.com/Tutitoos/atenea/internal/orchestrator/orchestrator.go:1049.4,1062.85 3 1
github.com/Tutitoos/atenea/internal/orchestrator/orchestrator.go:1062.85,1064.5 1 1
github.com/Tutitoos/atenea/internal/orchestrator/orchestrator.go:1065.4,1069.54 3 1
github.com/Tutitoos/atenea/internal/orchestrator/orchestrator.go:1069.54,1071.5 1 0
github.com/Tutitoos/atenea/internal/orchestrator/orchestrator.go:1074.2,1082.20 2 1
github.com/Tutitoos/atenea/internal/orchestrator/orchestrator.go:1086.79,1087.34 1 1
github.com/Tutitoos/atenea/internal/orchestrator/orchestrator.go:1087.34,1088.34 1 1
github.com/Tutitoos/atenea/internal/orchestrator/orchestrator.go:1088.34,1090.4 1 1
github.com/Tutitoos/atenea/internal/orchestrator/orchestrator.go:1092.2,1092.18 1 1
github.com/Tutitoos/atenea/internal/orchestrator/orchestrator.go:1103.109,1106.37 3 1
github.com/Tutitoos/atenea/internal/orchestrator/orchestrator.go:1106.37,1108.3 1 1
github.com/Tutitoos/atenea/internal/orchestrator/orchestrator.go:1109.2,1112.28 4 1
github.com/Tutitoos/atenea/internal/orchestrator/orchestrator.go:1112.28,1114.13 2 1
github.com/Tutitoos/atenea/internal/orchestrator/orchestrator.go:1114.13,1116.17 2 1
github.com/Tutitoos/atenea/internal/orchestrator/orchestrator.go:1116.17,1116.28 1 1
github.com/Tutitoos/atenea/internal/orchestrator/orchestrator.go:1121.4,1146.13 5 1
github.com/Tutitoos/atenea/internal/orchestrator/orchestrator.go:1149.2,1150.12 2 1
github.com/Tutitoos/atenea/internal/orchestrator/orchestrator.go:1155.77,1157.37 2 1
github.com/Tutitoos/atenea/internal/orchestrator/orchestrator.go:1157.37,1160.3 1 1
github.com/Tutitoos/atenea/internal/orchestrator/orchestrator.go:1162.2,1163.16 2 1
github.com/Tutitoos/atenea/internal/orchestrator/orchestrator.go:1163.16,1165.3 1 1
github.com/Tutitoos/atenea/internal/orchestrator/orchestrator.go:1166.2,1167.16 2 1
github.com/Tutitoos/atenea/internal/orchestrator/orchestrator.go:1167.16,1169.3 1 0
github.com/Tutitoos/atenea/internal/orchestrator/orchestrator.go:1170.2,1171.16 2 1
github.com/Tutitoos/atenea/internal/orchestrator/orchestrator.go:1171.16,1173.3 1 0
github.com/Tutitoos/atenea/internal/orchestrator/orchestrator.go:1174.2,1187.16 6 1
github.com/Tutitoos/atenea/internal/orchestrator/orchestrator.go:1187.16,1189.3 1 1
github.com/Tutitoos/atenea/internal/orchestrator/orchestrator.go:1191.2,1201.43 2 1
github.com/Tutitoos/atenea/internal/orchestrator/orchestrator.go:1201.43,1203.3 1 1
github.com/Tutitoos/atenea/internal/orchestrator/orchestrator.go:1204.2,1214.19 6 1
github.com/Tutitoos/atenea/internal/orchestrator/orchestrator.go:1214.19,1218.61 1 1
github.com/Tutitoos/atenea/internal/orchestrator/orchestrator.go:1218.61,1224.4 1 1
github.com/Tutitoos/atenea/internal/orchestrator/orchestrator.go:1225.3,1225.30 1 1
github.com/Tutitoos/atenea/internal/orchestrator/orchestrator.go:1227.2,1227.26 1 1
github.com/Tutitoos/atenea/internal/orchestrator/orchestrator.go:1240.57,1241.19 1 1
github.com/Tutitoos/atenea/internal/orchestrator/orchestrator.go:1241.19,1243.3 1 1
github.com/Tutitoos/atenea/internal/orchestrator/orchestrator.go:1244.2,1245.16 2 1
github.com/Tutitoos/atenea/internal/orchestrator/orchestrator.go:1245.16,1248.3 1 1
github.com/Tutitoos/atenea/internal/orchestrator/orchestrator.go:1249.2,1249.58 1 1
github.com/Tutitoos/atenea/internal/orchestrator/orchestrator.go:1253.61,1260.16 3 1
github.com/Tutitoos/atenea/internal/orchestrator/orchestrator.go:1260.16,1265.3 4 1
github.com/Tutitoos/atenea/internal/orchestrator/orchestrator.go:1270.2,1270.49 1 1
github.com/Tutitoos/atenea/internal/orchestrator/orchestrator.go:1270.49,1277.3 2 1
github.com/Tutitoos/atenea/internal/orchestrator/orchestrator.go:1279.2,1281.21 3 1
github.com/Tutitoos/atenea/internal/orchestrator/orchestrator.go:1281.21,1287.3 2 1
github.com/Tutitoos/atenea/internal/orchestrator/orchestrator.go:1288.2,1288.12 1 1
github.com/Tutitoos/atenea/internal/orchestrator/orchestrator.go:1294.77,1295.16 1 1
github.com/Tutitoos/atenea/internal/orchestrator/orchestrator.go:1295.16,1297.3 1 1
github.com/Tutitoos/atenea/internal/orchestrator/orchestrator.go:1298.2,1299.22 2 1
github.com/Tutitoos/atenea/internal/orchestrator/orchestrator.go:1299.22,1301.3 1 0
github.com/Tutitoos/atenea/internal/orchestrator/orchestrator.go:1302.2,1302.82 1 1
github.com/Tutitoos/atenea/internal/orchestrator/orchestrator.go:1302.82,1304.3 1 1
github.com/Tutitoos/atenea/internal/orchestrator/orchestrator.go:1305.2,1305.47 1 1
github.com/Tutitoos/atenea/internal/orchestrator/orchestrator.go:1305.47,1307.3 1 0
github.com/Tutitoos/atenea/internal/orchestrator/orchestrator.go:1308.2,1308.60 1 1
github.com/Tutitoos/atenea/internal/orchestrator/orchestrator.go:1313.52,1315.9 2 1
github.com/Tutitoos/atenea/internal/orchestrator/orchestrator.go:1315.9,1317.3 1 1
github.com/Tutitoos/atenea/internal/orchestrator/orchestrator.go:1318.2,1319.27 2 1
github.com/Tutitoos/atenea/internal/orchestrator/orchestrator.go:1319.27,1321.16 2 1
github.com/Tutitoos/atenea/internal/orchestrator/orchestrator.go:1321.16,1322.12 1 0
github.com/Tutitoos/atenea/internal/orchestrator/orchestrator.go:1324.3,1325.14 2 1
github.com/Tutitoos/atenea/internal/orchestrator/orchestrator.go:1325.14,1326.12 1 0
github.com/Tutitoos/atenea/internal/orchestrator/orchestrator.go:1328.3,1329.14 2 1
github.com/Tutitoos/atenea/internal/orchestrator/orchestrator.go:1329.14,1333.4 1 1
github.com/Tutitoos/atenea/internal/orchestrator/orchestrator.go:1334.3,1334.26 1 1
github.com/Tutitoos/atenea/internal/orchestrator/orchestrator.go:1336.2,1337.25 2 1
github.com/Tutitoos/atenea/internal/orchestrator/orchestrator.go:1337.25,1339.3 1 1
github.com/Tutitoos/atenea/internal/orchestrator/orchestrator.go:1340.2,1341.14 2 1
github.com/Tutitoos/atenea/internal/orchestrator/orchestrator.go:1346.39,1347.34 1 1
github.com/Tutitoos/atenea/internal/orchestrator/orchestrator.go:1347.34,1348.26 1 1
github.com/Tutitoos/atenea/internal/orchestrator/orchestrator.go:1348.26,1350.4 1 1
github.com/Tutitoos/atenea/internal/orchestrator/orchestrator.go:1352.2,1352.14 1 1
github.com/Tutitoos/atenea/internal/orchestrator/orchestrator.go:1359.57,1361.29 2 1
github.com/Tutitoos/atenea/internal/orchestrator/orchestrator.go:1361.29,1363.3 1 1
github.com/Tutitoos/atenea/internal/orchestrator/orchestrator.go:1364.2,1364.12 1 1
github.com/Tutitoos/atenea/internal/orchestrator/orchestrator.go:1371.56,1373.34 2 1
github.com/Tutitoos/atenea/internal/orchestrator/orchestrator.go:1373.34,1375.3 1 1
github.com/Tutitoos/atenea/internal/orchestrator/orchestrator.go:1376.2,1377.25 2 1
github.com/Tutitoos/atenea/internal/orchestrator/orchestrator.go:1377.25,1378.29 1 1
github.com/Tutitoos/atenea/internal/orchestrator/orchestrator.go:1378.29,1380.4 1 1
github.com/Tutitoos/atenea/internal/orchestrator/orchestrator.go:1382.2,1382.12 1 1
github.com/Tutitoos/atenea/internal/orchestrator/orchestrator.go:1387.66,1389.32 2 1
github.com/Tutitoos/atenea/internal/orchestrator/orchestrator.go:1389.32,1390.47 1 1
github.com/Tutitoos/atenea/internal/orchestrator/orchestrator.go:1390.47,1391.12 1 1
github.com/Tutitoos/atenea/internal/orchestrator/orchestrator.go:1393.3,1396.21 3 1
github.com/Tutitoos/atenea/internal/orchestrator/orchestrator.go:1396.21,1398.4 1 1
github.com/Tutitoos/atenea/internal/orchestrator/orchestrator.go:1399.3,1399.87 1 1
github.com/Tutitoos/atenea/internal/orchestrator/orchestrator.go:1401.2,1401.12 1 1
github.com/Tutitoos/atenea/internal/orchestrator/orchestrator.go:1410.56,1413.29 3 1
github.com/Tutitoos/atenea/internal/orchestrator/orchestrator.go:1413.29,1414.54 1 1
github.com/Tutitoos/atenea/internal/orchestrator/orchestrator.go:1414.54,1415.43 1 1
github.com/Tutitoos/atenea/internal/orchestrator/orchestrator.go:1415.43,1416.13 1 1
github.com/Tutitoos/atenea/internal/orchestrator/orchestrator.go:1418.4,1419.32 2 1
github.com/Tutitoos/atenea/internal/orchestrator/orchestrator.go:1422.2,1422.12 1 1
github.com/Tutitoos/atenea/internal/orchestrator/orchestrator.go:1430.94,1432.25 2 1
github.com/Tutitoos/atenea/internal/orchestrator/orchestrator.go:1432.25,1434.3 1 1
github.com/Tutitoos/atenea/internal/orchestrator/orchestrator.go:1435.2,1437.29 3 1
github.com/Tutitoos/atenea/internal/orchestrator/orchestrator.go:1437.29,1438.34 1 1
github.com/Tutitoos/atenea/internal/orchestrator/orchestrator.go:1438.34,1439.12 1 1
github.com/Tutitoos/atenea/internal/orchestrator/orchestrator.go:1441.3,1441.46 1 1
github.com/Tutitoos/atenea/internal/orchestrator/orchestrator.go:1441.46,1442.43 1 1
github.com/Tutitoos/atenea/internal/orchestrator/orchestrator.go:1442.43,1443.13 1 0
github.com/Tutitoos/atenea/internal/orchestrator/orchestrator.go:1445.4,1446.32 2 1
github.com/Tutitoos/atenea/internal/orchestrator/orchestrator.go:1449.2,1449.12 1 1
github.com/Tutitoos/atenea/internal/orchestrator/orchestrator.go:1452.44,1455.2 2 1
github.com/Tutitoos/atenea/internal/orchestrator/orchestrator.go:1457.43,1459.29 2 1
github.com/Tutitoos/atenea/internal/orchestrator/orchestrator.go:1459.29,1460.30 1 1
github.com/Tutitoos/atenea/internal/orchestrator/orchestrator.go:1460.30,1462.4 1 1
github.com/Tutitoos/atenea/internal/orchestrator/orchestrator.go:1464.2,1464.14 1 1
github.com/Tutitoos/atenea/internal/orchestrator/orchestrator.go:1467.53,1469.29 2 1
github.com/Tutitoos/atenea/internal/orchestrator/orchestrator.go:1469.29,1472.3 2 1
github.com/Tutitoos/atenea/internal/orchestrator/orchestrator.go:1473.2,1473.14 1 1
github.com/Tutitoos/atenea/internal/orchestrator/orchestrator.go:1480.43,1482.29 2 1
github.com/Tutitoos/atenea/internal/orchestrator/orchestrator.go:1482.29,1484.3 1 1
github.com/Tutitoos/atenea/internal/orchestrator/orchestrator.go:1485.2,1485.12 1 1
github.com/Tutitoos/atenea/internal/orchestrator/orchestrator.go:1499.73,1501.29 2 1
github.com/Tutitoos/atenea/internal/orchestrator/orchestrator.go:1501.29,1502.29 1 1
github.com/Tutitoos/atenea/internal/orchestrator/orchestrator.go:1503.27,1503.27 0 1
github.com/Tutitoos/atenea/internal/orchestrator/orchestrator.go:1504.33,1505.19 1 1
github.com/Tutitoos/atenea/internal/orchestrator/orchestrator.go:1506.11,1507.33 1 1
github.com/Tutitoos/atenea/internal/orchestrator/orchestrator.go:1510.2,1510.14 1 1
github.com/Tutitoos/atenea/internal/orchestrator/orchestrator.go:1510.14,1512.3 1 1
github.com/Tutitoos/atenea/internal/orchestrator/orchestrator.go:1513.2,1513.21 1 1
github.com/Tutitoos/atenea/internal/orchestrator/orchestrator.go:1513.21,1518.3 1 0
github.com/Tutitoos/atenea/internal/orchestrator/orchestrator.go:1519.2,1519.27 1 1
github.com/Tutitoos/atenea/internal/orchestrator/orchestrator.go:1529.72,1530.39 1 1
github.com/Tutitoos/atenea/internal/orchestrator/orchestrator.go:1530.39,1532.3 1 1
github.com/Tutitoos/atenea/internal/orchestrator/orchestrator.go:1533.2,1533.39 1 1
github.com/Tutitoos/atenea/internal/orchestrator/orchestrator.go:1544.41,1546.14 2 1
github.com/Tutitoos/atenea/internal/orchestrator/orchestrator.go:1546.14,1548.3 1 1
github.com/Tutitoos/atenea/internal/orchestrator/orchestrator.go:1549.2,1549.13 1 1
github.com/Tutitoos/atenea/internal/orchestrator/orchestrator.go:1558.53,1560.21 2 1
github.com/Tutitoos/atenea/internal/orchestrator/orchestrator.go:1560.21,1562.3 1 1
github.com/Tutitoos/atenea/internal/orchestrator/orchestrator.go:1563.2,1578.3 1 1
github.com/Tutitoos/atenea/internal/orchestrator/orchestrator.go:1594.58,1595.31 1 1
github.com/Tutitoos/atenea/internal/orchestrator/orchestrator.go:1595.31,1597.3 1 1
github.com/Tutitoos/atenea/internal/orchestrator/orchestrator.go:1598.2,1599.40 2 1
github.com/Tutitoos/atenea/internal/orchestrator/orchestrator.go:1599.40,1601.38 2 1
github.com/Tutitoos/atenea/internal/orchestrator/orchestrator.go:1601.38,1607.4 1 1
github.com/Tutitoos/atenea/internal/orchestrator/orchestrator.go:1608.3,1613.5 1 1
github.com/Tutitoos/atenea/internal/orchestrator/orchestrator.go:1615.2,1615.72 1 1
github.com/Tutitoos/atenea/internal/orchestrator/orchestrator.go:1626.65,1642.24 2 1
github.com/Tutitoos/atenea/internal/orchestrator/orchestrator.go:1642.24,1644.3 1 1
github.com/Tutitoos/atenea/internal/orchestrator/orchestrator.go:1645.2,1645.10 1 1
github.com/Tutitoos/atenea/internal/pidlock/alive_unix.go:9.26,11.2 1 1
github.com/Tutitoos/atenea/internal/pidlock/pidlock.go:37.53,38.63 1 1
github.com/Tutitoos/atenea/internal/pidlock/pidlock.go:38.63,40.3 1 1
github.com/Tutitoos/atenea/internal/pidlock/pidlock.go:41.2,41.42 1 1
github.com/Tutitoos/atenea/internal/pidlock/pidlock.go:41.42,43.3 1 1
github.com/Tutitoos/atenea/internal/pidlock/pidlock.go:44.2,44.16 1 1
github.com/Tutitoos/atenea/internal/pidlock/pidlock.go:44.16,44.39 1 1
github.com/Tutitoos/atenea/internal/pidlock/pidlock.go:50.30,52.9 2 1
github.com/Tutitoos/atenea/internal/pidlock/pidlock.go:52.9,54.3 1 1
github.com/Tutitoos/atenea/internal/pidlock/pidlock.go:55.2,55.12 1 1
github.com/Tutitoos/atenea/internal/pidlock/pidlock.go:70.26,70.58 1 1
github.com/Tutitoos/atenea/internal/pidlock/pidlock.go:72.48,74.16 2 1
github.com/Tutitoos/atenea/internal/pidlock/pidlock.go:74.16,77.22 3 1
github.com/Tutitoos/atenea/internal/pidlock/pidlock.go:77.22,79.4 1 0
github.com/Tutitoos/atenea/internal/pidlock/pidlock.go:80.3,80.18 1 1
github.com/Tutitoos/atenea/internal/pidlock/pidlock.go:82.2,82.34 1 1
github.com/Tutitoos/atenea/internal/pidlock/pidlock.go:82.34,84.3 1 0
github.com/Tutitoos/atenea/internal/pidlock/pidlock.go:85.2,85.31 1 1
github.com/Tutitoos/atenea/internal/pidlock/pidlock.go:85.31,88.3 2 1
github.com/Tutitoos/atenea/internal/pidlock/pidlock.go:89.2,89.16 1 1
github.com/Tutitoos/atenea/internal/pidlock/pidlock.go:96.30,98.9 2 1
github.com/Tutitoos/atenea/internal/pidlock/pidlock.go:98.9,100.3 1 1
github.com/Tutitoos/atenea/internal/pidlock/pidlock.go:101.2,101.20 1 1
github.com/Tutitoos/atenea/internal/pidlock/pidlock.go:104.39,106.16 2 1
github.com/Tutitoos/atenea/internal/pidlock/pidlock.go:106.16,108.3 1 1
github.com/Tutitoos/atenea/internal/pidlock/pidlock.go:109.2,110.16 2 1
github.com/Tutitoos/atenea/internal/pidlock/pidlock.go:110.16,112.3 1 1
github.com/Tutitoos/atenea/internal/pidlock/pidlock.go:113.2,113.18 1 1
github.com/Tutitoos/atenea/internal/platform/platform.go:40.24,41.51 1 1
github.com/Tutitoos/atenea/internal/platform/platform.go:41.51,43.3 1 1
github.com/Tutitoos/atenea/internal/platform/platform.go:44.2,45.16 2 1
github.com/Tutitoos/atenea/internal/platform/platform.go:45.16,47.3 1 1
github.com/Tutitoos/atenea/internal/platform/platform.go:48.2,48.56 1 0
github.com/Tutitoos/atenea/internal/platform/platform.go:55.26,56.52 1 1
github.com/Tutitoos/atenea/internal/platform/platform.go:56.52,58.3 1 1
github.com/Tutitoos/atenea/internal/platform/platform.go:59.2,60.16 2 1
github.com/Tutitoos/atenea/internal/platform/platform.go:60.16,62.3 1 1
github.com/Tutitoos/atenea/internal/platform/platform.go:63.2,63.39 1 0
github.com/Tutitoos/atenea/internal/platform/platform.go:67.25,69.2 1 1
github.com/Tutitoos/atenea/internal/platform/platform.go:79.25,81.2 1 1
github.com/Tutitoos/atenea/internal/platform/service.go:72.72,73.35 1 1
github.com/Tutitoos/atenea/internal/platform/service.go:73.35,76.3 1 0
github.com/Tutitoos/atenea/internal/platform/service.go:77.2,77.27 1 1
github.com/Tutitoos/atenea/internal/platform/service.go:77.27,83.3 1 0
github.com/Tutitoos/atenea/internal/platform/service.go:84.2,84.19 1 1
github.com/Tutitoos/atenea/internal/platform/service.go:84.19,89.3 1 1
github.com/Tutitoos/atenea/internal/platform/service.go:90.2,95.8 1 1
github.com/Tutitoos/atenea/internal/platform/service.go:145.36,146.30 1 1
github.com/Tutitoos/atenea/internal/platform/service.go:146.30,148.3 1 1
github.com/Tutitoos/atenea/internal/platform/service.go:152.2,153.51 2 0
github.com/Tutitoos/atenea/internal/platform/service.go:159.36,174.2 1 1
github.com/Tutitoos/atenea/internal/platform/service_darwin.go:19.35,21.30 2 1
github.com/Tutitoos/atenea/internal/platform/service_darwin.go:21.30,23.3 1 0
github.com/Tutitoos/atenea/internal/platform/service_darwin.go:24.2,24.70 1 1
github.com/Tutitoos/atenea/internal/platform/service_darwin.go:27.29,29.2 1 1
github.com/Tutitoos/atenea/internal/platform/service_darwin.go:31.48,34.16 3 0
github.com/Tutitoos/atenea/internal/platform/service_darwin.go:34.16,36.3 1 0
github.com/Tutitoos/atenea/internal/platform/service_darwin.go:37.2,38.27 2 0
github.com/Tutitoos/atenea/internal/platform/service_darwin.go:38.27,41.3 1 0
github.com/Tutitoos/atenea/internal/platform/service_darwin.go:42.2,43.54 1 0
github.com/Tutitoos/atenea/internal/platform/service_darwin.go:46.34,47.57 1 0
github.com/Tutitoos/atenea/internal/platform/service_darwin.go:47.57,49.3 1 0
github.com/Tutitoos/atenea/internal/platform/service_darwin.go:52.2,53.94 2 0
github.com/Tutitoos/atenea/internal/platform/service_darwin.go:53.94,55.3 1 0
github.com/Tutitoos/atenea/internal/platform/service_darwin.go:56.2,57.12 2 0
github.com/Tutitoos/atenea/internal/platform/service_darwin.go:60.36,61.65 1 0
github.com/Tutitoos/atenea/internal/platform/service_darwin.go:61.65,63.90 1 0
github.com/Tutitoos/atenea/internal/platform/service_darwin.go:63.90,65.4 1 0
github.com/Tutitoos/atenea/internal/platform/service_darwin.go:67.2,67.77 1 0
github.com/Tutitoos/atenea/internal/platform/service_darwin.go:67.77,69.3 1 0
github.com/Tutitoos/atenea/internal/platform/service_darwin.go:70.2,70.12 1 0
github.com/Tutitoos/atenea/internal/platform/service_darwin.go:73.47,75.47 2 1
github.com/Tutitoos/atenea/internal/platform/service_darwin.go:75.47,76.37 1 1
github.com/Tutitoos/atenea/internal/platform/service_darwin.go:76.37,79.4 2 1
github.com/Tutitoos/atenea/internal/platform/service_darwin.go:80.3,80.97 1 0
github.com/Tutitoos/atenea/internal/platform/service_darwin.go:82.2,84.16 3 0
github.com/Tutitoos/atenea/internal/platform/service_darwin.go:84.16,87.3 2 0
github.com/Tutitoos/atenea/internal/platform/service_darwin.go:88.2,91.19 4 0
github.com/Tutitoos/atenea/internal/platform/service_darwin.go:94.29,94.42 1 1
github.com/Tutitoos/atenea/internal/platform/service_darwin.go:96.42,98.48 2 1
github.com/Tutitoos/atenea/internal/platform/service_darwin.go:98.48,100.3 1 0
github.com/Tutitoos/atenea/internal/platform/service_darwin.go:101.2,102.16 2 1
github.com/Tutitoos/atenea/internal/platform/service_darwin.go:102.16,104.3 1 0
github.com/Tutitoos/atenea/internal/platform/service_darwin.go:105.2,107.15 3 1
github.com/Tutitoos/atenea/internal/platform/service_darwin.go:107.15,108.12 1 1
github.com/Tutitoos/atenea/internal/platform/service_darwin.go:108.12,110.4 1 0
github.com/Tutitoos/atenea/internal/platform/service_darwin.go:112.2,112.50 1 1
github.com/Tutitoos/atenea/internal/platform/service_darwin.go:112.50,115.3 2 0
github.com/Tutitoos/atenea/internal/platform/service_darwin.go:116.2,116.42 1 1
github.com/Tutitoos/atenea/internal/platform/service_darwin.go:116.42,119.3 2 0
github.com/Tutitoos/atenea/internal/platform/service_darwin.go:120.2,120.37 1 1
github.com/Tutitoos/atenea/internal/platform/service_darwin.go:120.37,122.3 1 0
github.com/Tutitoos/atenea/internal/platform/service_darwin.go:123.2,123.45 1 1
github.com/Tutitoos/atenea/internal/platform/service_darwin.go:123.45,125.3 1 0
github.com/Tutitoos/atenea/internal/platform/service_darwin.go:126.2,127.12 2 1
github.com/Tutitoos/atenea/internal/procgroup/procgroup.go:30.29,36.2 2 1
github.com/Tutitoos/atenea/internal/procgroup/procgroup.go:48.29,50.2 1 1
github.com/Tutitoos/atenea/internal/procgroup/procgroup.go:57.37,58.38 1 1
github.com/Tutitoos/atenea/internal/procgroup/procgroup.go:58.38,60.3 1 1
github.com/Tutitoos/atenea/internal/procgroup/procgroup.go:61.2,61.23 1 1
github.com/Tutitoos/atenea/internal/procgroup/procgroup.go:66.32,67.38 1 1
github.com/Tutitoos/atenea/internal/procgroup/procgroup.go:67.38,69.3 1 1
github.com/Tutitoos/atenea/internal/procgroup/procgroup.go:70.2,70.18 1 1
github.com/Tutitoos/atenea/internal/procgroup/procgroup_unix.go:20.29,22.2 1 1
github.com/Tutitoos/atenea/internal/procgroup/procgroup_unix.go:32.29,34.28 2 1
github.com/Tutitoos/atenea/internal/procgroup/procgroup_unix.go:34.28,35.25 1 1
github.com/Tutitoos/atenea/internal/procgroup/procgroup_unix.go:35.25,37.4 1 0
github.com/Tutitoos/atenea/internal/procgroup/procgroup_unix.go:41.3,42.13 2 1
github.com/Tutitoos/atenea/internal/procgroup/procgroup_unix.go:48.37,50.2 1 1
github.com/Tutitoos/atenea/internal/procgroup/procgroup_unix.go:53.32,55.2 1 1
github.com/Tutitoos/atenea/internal/procgroup/procgroup_unix.go:60.57,62.35 2 1
github.com/Tutitoos/atenea/internal/procgroup/procgroup_unix.go:62.35,64.3 1 0
github.com/Tutitoos/atenea/internal/procgroup/procgroup_unix.go:65.2,65.12 1 1
github.com/Tutitoos/atenea/internal/procstat/procstat.go:20.44,21.18 1 1
github.com/Tutitoos/atenea/internal/procstat/procstat.go:21.18,23.3 1 1
github.com/Tutitoos/atenea/internal/procstat/procstat.go:24.2,24.23 1 1
github.com/Tutitoos/atenea/internal/procstat/procstat_unix.go:17.44,19.25 2 1
github.com/Tutitoos/atenea/internal/procstat/procstat_unix.go:19.25,21.3 1 0
github.com/Tutitoos/atenea/internal/procstat/procstat_unix.go:25.2,26.15 2 1
github.com/Tutitoos/atenea/internal/procstat/procstat_unix.go:26.15,28.3 1 0
github.com/Tutitoos/atenea/internal/procstat/procstat_unix.go:29.2,29.55 1 1
github.com/Tutitoos/atenea/internal/procstat/procstat_unix.go:29.55,31.3 1 1
github.com/Tutitoos/atenea/internal/procstat/procstat_unix.go:32.2,32.20 1 0
github.com/Tutitoos/atenea/internal/registry/registry.go:36.22,44.2 1 1
github.com/Tutitoos/atenea/internal/registry/registry.go:47.72,48.46 1 1
github.com/Tutitoos/atenea/internal/registry/registry.go:48.46,50.3 1 0
github.com/Tutitoos/atenea/internal/registry/registry.go:51.2,53.56 3 1
github.com/Tutitoos/atenea/internal/registry/registry.go:53.56,56.3 1 1
github.com/Tutitoos/atenea/internal/registry/registry.go:57.2,58.12 2 1
github.com/Tutitoos/atenea/internal/registry/registry.go:66.74,67.40 1 1
github.com/Tutitoos/atenea/internal/registry/registry.go:67.40,69.3 1 0
github.com/Tutitoos/atenea/internal/registry/registry.go:70.2,72.50 3 1
github.com/Tutitoos/atenea/internal/registry/registry.go:72.50,75.3 1 1
github.com/Tutitoos/atenea/internal/registry/registry.go:76.2,77.12 2 1
github.com/Tutitoos/atenea/internal/registry/registry.go:77.12,80.3 1 1
github.com/Tutitoos/atenea/internal/registry/registry.go:86.2,86.46 1 1
github.com/Tutitoos/atenea/internal/registry/registry.go:86.46,88.13 2 1
github.com/Tutitoos/atenea/internal/registry/registry.go:88.13,92.4 1 1
github.com/Tutitoos/atenea/internal/registry/registry.go:93.3,93.37 1 1
github.com/Tutitoos/atenea/internal/registry/registry.go:93.37,97.4 1 1
github.com/Tutitoos/atenea/internal/registry/registry.go:99.2,103.12 5 1
github.com/Tutitoos/atenea/internal/registry/registry.go:107.85,108.42 1 1
github.com/Tutitoos/atenea/internal/registry/registry.go:108.42,109.25 1 1
github.com/Tutitoos/atenea/internal/registry/registry.go:109.25,111.4 1 1
github.com/Tutitoos/atenea/internal/registry/registry.go:113.2,113.32 1 1
github.com/Tutitoos/atenea/internal/registry/registry.go:117.66,118.40 1 1
github.com/Tutitoos/atenea/internal/registry/registry.go:118.40,120.3 1 0
github.com/Tutitoos/atenea/internal/registry/registry.go:121.2,123.50 3 1
github.com/Tutitoos/atenea/internal/registry/registry.go:123.50,126.3 1 1
github.com/Tutitoos/atenea/internal/registry/registry.go:127.2,128.12 2 1
github.com/Tutitoos/atenea/internal/registry/registry.go:134.71,138.9 4 1
github.com/Tutitoos/atenea/internal/registry/registry.go:138.9,139.52 1 1
github.com/Tutitoos/atenea/internal/registry/registry.go:139.52,142.4 1 1
github.com/Tutitoos/atenea/internal/registry/registry.go:143.3,144.32 1 1
github.com/Tutitoos/atenea/internal/registry/registry.go:146.2,146.32 1 0
github.com/Tutitoos/atenea/internal/registry/registry.go:159.64,161.40 2 1
github.com/Tutitoos/atenea/internal/registry/registry.go:161.40,162.58 1 1
github.com/Tutitoos/atenea/internal/registry/registry.go:162.58,164.4 1 1
github.com/Tutitoos/atenea/internal/registry/registry.go:166.2,166.45 1 1
github.com/Tutitoos/atenea/internal/registry/registry.go:171.35,173.18 2 1
github.com/Tutitoos/atenea/internal/registry/registry.go:173.18,175.3 1 0
github.com/Tutitoos/atenea/internal/registry/registry.go:176.2,176.18 1 1
github.com/Tutitoos/atenea/internal/registry/registry.go:176.18,178.3 1 0
github.com/Tutitoos/atenea/internal/registry/registry.go:179.2,181.22 3 1
github.com/Tutitoos/atenea/internal/registry/registry.go:181.22,183.3 1 1
github.com/Tutitoos/atenea/internal/registry/registry.go:184.2,184.32 1 1
github.com/Tutitoos/atenea/internal/registry/registry.go:184.32,186.33 2 1
github.com/Tutitoos/atenea/internal/registry/registry.go:186.33,188.26 2 1
github.com/Tutitoos/atenea/internal/registry/registry.go:188.26,190.5 1 1
github.com/Tutitoos/atenea/internal/registry/registry.go:191.4,191.57 1 1
github.com/Tutitoos/atenea/internal/registry/registry.go:193.3,193.26 1 1
github.com/Tutitoos/atenea/internal/registry/registry.go:195.2,195.22 1 1
github.com/Tutitoos/atenea/internal/registry/registry.go:199.57,203.44 4 0
github.com/Tutitoos/atenea/internal/registry/registry.go:203.44,205.3 1 0
github.com/Tutitoos/atenea/internal/registry/registry.go:206.2,206.58 1 0
github.com/Tutitoos/atenea/internal/registry/registry.go:206.58,208.3 1 0
github.com/Tutitoos/atenea/internal/registry/registry.go:209.2,209.12 1 0
github.com/Tutitoos/atenea/internal/registry/registry.go:213.79,217.9 4 1
github.com/Tutitoos/atenea/internal/registry/registry.go:217.9,220.3 1 1
github.com/Tutitoos/atenea/internal/registry/registry.go:221.2,221.26 1 1
github.com/Tutitoos/atenea/internal/registry/registry.go:227.95,230.54 3 1
github.com/Tutitoos/atenea/internal/registry/registry.go:230.54,233.3 1 1
github.com/Tutitoos/atenea/internal/registry/registry.go:234.2,236.25 3 1
github.com/Tutitoos/atenea/internal/registry/registry.go:236.25,238.3 1 1
github.com/Tutitoos/atenea/internal/registry/registry.go:239.2,239.17 1 1
github.com/Tutitoos/atenea/internal/registry/registry.go:246.71,250.31 4 1
github.com/Tutitoos/atenea/internal/registry/registry.go:250.31,252.3 1 1
github.com/Tutitoos/atenea/internal/registry/registry.go:253.2,253.9 1 1
github.com/Tutitoos/atenea/internal/registry/registry.go:253.9,256.3 1 1
github.com/Tutitoos/atenea/internal/registry/registry.go:257.2,257.26 1 1
github.com/Tutitoos/atenea/internal/registry/registry.go:262.77,266.38 4 1
github.com/Tutitoos/atenea/internal/registry/registry.go:266.38,268.17 2 1
github.com/Tutitoos/atenea/internal/registry/registry.go:268.17,269.12 1 0
github.com/Tutitoos/atenea/internal/registry/registry.go:271.3,272.79 2 1
github.com/Tutitoos/atenea/internal/registry/registry.go:272.79,273.26 1 1
github.com/Tutitoos/atenea/internal/registry/registry.go:273.26,276.5 2 1
github.com/Tutitoos/atenea/internal/registry/registry.go:279.2,279.27 1 1
github.com/Tutitoos/atenea/internal/registry/registry.go:283.57,287.38 4 0
github.com/Tutitoos/atenea/internal/registry/registry.go:287.38,289.3 1 0
github.com/Tutitoos/atenea/internal/registry/registry.go:290.2,290.58 1 0
github.com/Tutitoos/atenea/internal/registry/registry.go:290.58,292.3 1 0
github.com/Tutitoos/atenea/internal/registry/registry.go:293.2,293.12 1 0
github.com/Tutitoos/atenea/internal/registry/registry.go:309.99,310.42 1 1
github.com/Tutitoos/atenea/internal/registry/registry.go:310.42,313.3 1 1
github.com/Tutitoos/atenea/internal/registry/registry.go:314.2,316.52 3 1
github.com/Tutitoos/atenea/internal/registry/registry.go:316.52,319.3 1 1
github.com/Tutitoos/atenea/internal/registry/registry.go:320.2,320.48 1 1
github.com/Tutitoos/atenea/internal/registry/registry.go:320.48,323.3 1 1
github.com/Tutitoos/atenea/internal/registry/registry.go:324.2,325.9 2 1
github.com/Tutitoos/atenea/internal/registry/registry.go:325.9,328.3 2 1
github.com/Tutitoos/atenea/internal/registry/registry.go:329.2,330.12 2 1
github.com/Tutitoos/atenea/internal/registry/registry.go:341.109,345.22 4 1
github.com/Tutitoos/atenea/internal/registry/registry.go:345.22,347.3 1 1
github.com/Tutitoos/atenea/internal/registry/registry.go:348.2,348.29 1 1
github.com/Tutitoos/atenea/internal/registry/registry.go:348.29,349.40 1 1
github.com/Tutitoos/atenea/internal/registry/registry.go:349.40,351.4 1 1
github.com/Tutitoos/atenea/internal/registry/registry.go:353.2,353.14 1 1
github.com/Tutitoos/atenea/internal/registry/registry.go:363.90,371.68 4 1
github.com/Tutitoos/atenea/internal/registry/registry.go:371.68,373.10 2 1
github.com/Tutitoos/atenea/internal/registry/registry.go:373.10,374.12 1 0
github.com/Tutitoos/atenea/internal/registry/registry.go:376.3,376.57 1 1
github.com/Tutitoos/atenea/internal/registry/registry.go:376.57,378.4 1 1
github.com/Tutitoos/atenea/internal/registry/registry.go:380.2,380.28 1 1
github.com/Tutitoos/atenea/internal/registry/registry.go:390.80,394.9 4 1
github.com/Tutitoos/atenea/internal/registry/registry.go:394.9,396.3 1 1
github.com/Tutitoos/atenea/internal/registry/registry.go:397.2,398.12 2 1
github.com/Tutitoos/atenea/internal/runner/local/local.go:72.41,73.41 1 1
github.com/Tutitoos/atenea/internal/runner/local/local.go:73.41,74.57 1 1
github.com/Tutitoos/atenea/internal/runner/local/local.go:74.57,77.4 1 1
github.com/Tutitoos/atenea/internal/runner/local/local.go:79.2,83.8 1 1
github.com/Tutitoos/atenea/internal/runner/local/local.go:87.30,87.48 1 1
github.com/Tutitoos/atenea/internal/runner/local/local.go:90.55,92.2 1 1
github.com/Tutitoos/atenea/internal/runner/local/local.go:97.42,97.73 1 0
github.com/Tutitoos/atenea/internal/runner/local/local.go:100.45,104.2 3 0
github.com/Tutitoos/atenea/internal/runner/local/local.go:107.39,111.2 3 1
github.com/Tutitoos/atenea/internal/runner/local/local.go:118.102,119.15 1 1
github.com/Tutitoos/atenea/internal/runner/local/local.go:119.15,119.54 1 1
github.com/Tutitoos/atenea/internal/runner/local/local.go:120.2,120.39 1 1
github.com/Tutitoos/atenea/internal/runner/local/local.go:120.39,122.3 1 1
github.com/Tutitoos/atenea/internal/runner/local/local.go:123.2,123.38 1 1
github.com/Tutitoos/atenea/internal/runner/local/local.go:123.38,126.3 1 1
github.com/Tutitoos/atenea/internal/runner/local/local.go:127.2,127.37 1 1
github.com/Tutitoos/atenea/internal/runner/local/local.go:127.37,130.3 1 1
github.com/Tutitoos/atenea/internal/runner/local/local.go:132.2,134.16 3 1
github.com/Tutitoos/atenea/internal/runner/local/local.go:134.16,136.3 1 1
github.com/Tutitoos/atenea/internal/runner/local/local.go:138.2,139.62 2 1
github.com/Tutitoos/atenea/internal/runner/local/local.go:139.62,141.3 1 0
github.com/Tutitoos/atenea/internal/runner/local/local.go:142.2,152.8 1 1
github.com/Tutitoos/atenea/internal/runner/local/local.go:164.86,166.16 2 1
github.com/Tutitoos/atenea/internal/runner/local/local.go:166.16,168.3 1 1
github.com/Tutitoos/atenea/internal/runner/local/local.go:169.2,170.16 2 1
github.com/Tutitoos/atenea/internal/runner/local/local.go:170.16,173.3 1 0
github.com/Tutitoos/atenea/internal/runner/local/local.go:174.2,175.16 2 1
github.com/Tutitoos/atenea/internal/runner/local/local.go:175.16,177.3 1 1
github.com/Tutitoos/atenea/internal/runner/local/local.go:179.2,180.30 2 1
github.com/Tutitoos/atenea/internal/runner/local/local.go:180.30,181.35 1 1
github.com/Tutitoos/atenea/internal/runner/local/local.go:181.35,184.4 1 1
github.com/Tutitoos/atenea/internal/runner/local/local.go:185.3,186.17 2 1
github.com/Tutitoos/atenea/internal/runner/local/local.go:186.17,188.4 1 1
github.com/Tutitoos/atenea/internal/runner/local/local.go:189.3,189.38 1 1
github.com/Tutitoos/atenea/internal/runner/local/local.go:191.2,191.21 1 1
github.com/Tutitoos/atenea/internal/runner/local/local.go:194.88,201.42 1 1
github.com/Tutitoos/atenea/internal/runner/local/local.go:201.42,203.3 1 1
github.com/Tutitoos/atenea/internal/runner/local/local.go:204.2,205.91 2 1
github.com/Tutitoos/atenea/internal/runner/local/local.go:205.91,206.21 1 1
github.com/Tutitoos/atenea/internal/runner/local/local.go:206.21,210.37 1 1
github.com/Tutitoos/atenea/internal/runner/local/local.go:210.37,212.5 1 1
github.com/Tutitoos/atenea/internal/runner/local/local.go:213.4,213.14 1 0
github.com/Tutitoos/atenea/internal/runner/local/local.go:215.3,215.35 1 1
github.com/Tutitoos/atenea/internal/runner/local/local.go:215.35,217.4 1 0
github.com/Tutitoos/atenea/internal/runner/local/local.go:218.3,219.14 2 1
github.com/Tutitoos/atenea/internal/runner/local/local.go:219.14,221.4 1 0
github.com/Tutitoos/atenea/internal/runner/local/local.go:223.3,223.20 1 1
github.com/Tutitoos/atenea/internal/runner/local/local.go:223.20,224.49 1 1
github.com/Tutitoos/atenea/internal/runner/local/local.go:224.49,226.5 1 1
github.com/Tutitoos/atenea/internal/runner/local/local.go:227.4,227.14 1 1
github.com/Tutitoos/atenea/internal/runner/local/local.go:229.3,229.32 1 1
github.com/Tutitoos/atenea/internal/runner/local/local.go:229.32,231.4 1 0
github.com/Tutitoos/atenea/internal/runner/local/local.go:233.3,233.44 1 1
github.com/Tutitoos/atenea/internal/runner/local/local.go:233.44,235.4 1 1
github.com/Tutitoos/atenea/internal/runner/local/local.go:236.3,236.45 1 1
github.com/Tutitoos/atenea/internal/runner/local/local.go:236.45,238.4 1 1
github.com/Tutitoos/atenea/internal/runner/local/local.go:239.3,239.20 1 1
github.com/Tutitoos/atenea/internal/runner/local/local.go:239.20,241.4 1 0
github.com/Tutitoos/atenea/internal/runner/local/local.go:242.3,243.13 2 1
github.com/Tutitoos/atenea/internal/runner/local/local.go:245.2,245.16 1 1
github.com/Tutitoos/atenea/internal/runner/local/local.go:245.16,246.41 1 0
github.com/Tutitoos/atenea/internal/runner/local/local.go:246.41,248.4 1 0
github.com/Tutitoos/atenea/internal/runner/local/local.go:249.3,249.84 1 0
github.com/Tutitoos/atenea/internal/runner/local/local.go:251.2,251.21 1 1
github.com/Tutitoos/atenea/internal/runner/local/local.go:257.58,258.38 1 1
github.com/Tutitoos/atenea/internal/runner/local/local.go:258.38,259.45 1 1
github.com/Tutitoos/atenea/internal/runner/local/local.go:259.45,261.4 1 1
github.com/Tutitoos/atenea/internal/runner/local/local.go:262.3,262.49 1 1
github.com/Tutitoos/atenea/internal/runner/local/local.go:262.49,264.4 1 0
github.com/Tutitoos/atenea/internal/runner/local/local.go:266.2,266.14 1 1
github.com/Tutitoos/atenea/internal/runner/local/local.go:269.51,270.21 1 1
github.com/Tutitoos/atenea/internal/runner/local/local.go:270.21,272.3 1 1
github.com/Tutitoos/atenea/internal/runner/local/local.go:273.2,274.36 2 1
github.com/Tutitoos/atenea/internal/runner/local/local.go:280.37,283.2 2 1
github.com/Tutitoos/atenea/internal/runner/local/local.go:288.51,290.16 2 1
github.com/Tutitoos/atenea/internal/runner/local/local.go:290.16,292.3 1 0
github.com/Tutitoos/atenea/internal/runner/local/local.go:293.2,293.41 1 1
github.com/Tutitoos/atenea/internal/runner/local/local.go:300.53,302.16 2 1
github.com/Tutitoos/atenea/internal/runner/local/local.go:302.16,304.3 1 0
github.com/Tutitoos/atenea/internal/runner/local/local.go:305.2,306.30 2 1
github.com/Tutitoos/atenea/internal/runner/local/local.go:306.30,308.3 1 0
github.com/Tutitoos/atenea/internal/runner/local/local.go:309.2,309.36 1 1
github.com/Tutitoos/atenea/internal/runner/local/local.go:309.36,311.3 1 1
github.com/Tutitoos/atenea/internal/runner/local/local.go:313.2,315.29 3 1
github.com/Tutitoos/atenea/internal/runner/local/local.go:315.29,316.61 1 1
github.com/Tutitoos/atenea/internal/runner/local/local.go:316.61,323.4 1 1
github.com/Tutitoos/atenea/internal/runner/local/local.go:325.2,325.16 1 1
github.com/Tutitoos/atenea/internal/runner/local/local.go:328.53,332.2 3 1
github.com/Tutitoos/atenea/internal/runner/local/local.go:337.85,338.21 1 1
github.com/Tutitoos/atenea/internal/runner/local/local.go:338.21,340.3 1 1
github.com/Tutitoos/atenea/internal/runner/local/local.go:341.2,342.30 2 1
github.com/Tutitoos/atenea/internal/runner/local/local.go:342.30,344.28 2 1
github.com/Tutitoos/atenea/internal/runner/local/local.go:344.28,346.4 1 0
github.com/Tutitoos/atenea/internal/runner/local/local.go:347.3,348.101 2 1
github.com/Tutitoos/atenea/internal/runner/local/local.go:348.101,351.4 1 1
github.com/Tutitoos/atenea/internal/runner/local/local.go:352.3,352.44 1 1
github.com/Tutitoos/atenea/internal/runner/local/local.go:352.44,355.4 1 0
github.com/Tutitoos/atenea/internal/runner/local/local.go:356.3,356.32 1 1
github.com/Tutitoos/atenea/internal/runner/local/local.go:358.2,358.19 1 1
github.com/Tutitoos/atenea/internal/runner/local/local.go:361.55,363.35 2 1
github.com/Tutitoos/atenea/internal/runner/local/local.go:363.35,365.3 1 0
github.com/Tutitoos/atenea/internal/runner/local/local.go:367.2,368.31 2 1
github.com/Tutitoos/atenea/internal/runner/local/local.go:368.31,370.3 1 1
github.com/Tutitoos/atenea/internal/runner/local/local.go:371.2,371.35 1 1
github.com/Tutitoos/atenea/internal/runner/local/local.go:371.35,373.3 1 1
github.com/Tutitoos/atenea/internal/runner/local/local.go:377.2,377.36 1 1
github.com/Tutitoos/atenea/internal/runner/local/local.go:377.36,379.3 1 1
github.com/Tutitoos/atenea/internal/runner/local/local.go:380.2,381.16 2 1
github.com/Tutitoos/atenea/internal/runner/local/local.go:381.16,383.3 1 0
github.com/Tutitoos/atenea/internal/runner/local/local.go:385.2,387.56 3 1
github.com/Tutitoos/atenea/internal/runner/local/local.go:387.56,389.3 1 1
github.com/Tutitoos/atenea/internal/runner/local/local.go:390.2,390.54 1 1
github.com/Tutitoos/atenea/internal/runner/local/local.go:390.54,391.16 1 1
github.com/Tutitoos/atenea/internal/runner/local/local.go:391.16,394.4 1 1
github.com/Tutitoos/atenea/internal/runner/local/local.go:395.3,395.25 1 1
github.com/Tutitoos/atenea/internal/runner/local/local.go:397.2,397.15 1 1
github.com/Tutitoos/atenea/internal/runner/local/local.go:400.54,403.2 2 1
github.com/Tutitoos/atenea/internal/runner/local/local.go:405.61,407.9 2 1
github.com/Tutitoos/atenea/internal/runner/local/local.go:407.9,408.58 1 1
github.com/Tutitoos/atenea/internal/runner/local/local.go:408.58,410.4 1 0
github.com/Tutitoos/atenea/internal/runner/local/local.go:411.3,411.13 1 1
github.com/Tutitoos/atenea/internal/runner/local/local.go:413.2,414.27 2 1
github.com/Tutitoos/atenea/internal/runner/local/local.go:414.27,415.44 1 1
github.com/Tutitoos/atenea/internal/runner/local/local.go:415.44,417.4 1 1
github.com/Tutitoos/atenea/internal/runner/local/local.go:419.2,419.12 1 1
github.com/Tutitoos/atenea/internal/runner/local/local.go:422.60,423.38 1 1
github.com/Tutitoos/atenea/internal/runner/local/local.go:424.11,425.21 1 1
github.com/Tutitoos/atenea/internal/runner/local/local.go:426.13,427.26 1 0
github.com/Tutitoos/atenea/internal/runner/local/local.go:428.15,429.26 1 0
github.com/Tutitoos/atenea/internal/runner/local/local.go:430.10,431.18 1 1
github.com/Tutitoos/atenea/internal/selector/selector.go:45.33,46.24 1 1
github.com/Tutitoos/atenea/internal/selector/selector.go:46.24,48.3 1 1
github.com/Tutitoos/atenea/internal/selector/selector.go:49.2,49.10 1 1
github.com/Tutitoos/atenea/internal/selector/selector.go:63.41,66.33 3 1
github.com/Tutitoos/atenea/internal/selector/selector.go:66.33,67.47 1 1
github.com/Tutitoos/atenea/internal/selector/selector.go:67.47,70.4 1 1
github.com/Tutitoos/atenea/internal/selector/selector.go:71.3,71.43 1 1
github.com/Tutitoos/atenea/internal/selector/selector.go:71.43,74.4 1 1
github.com/Tutitoos/atenea/internal/selector/selector.go:75.3,76.31 2 1
github.com/Tutitoos/atenea/internal/selector/selector.go:76.31,80.4 1 1
github.com/Tutitoos/atenea/internal/selector/selector.go:81.3,82.30 2 1
github.com/Tutitoos/atenea/internal/selector/selector.go:84.2,84.37 1 1
github.com/Tutitoos/atenea/internal/selector/selector.go:88.35,88.67 1 0
github.com/Tutitoos/atenea/internal/selector/selector.go:164.58,169.30 2 1
github.com/Tutitoos/atenea/internal/selector/selector.go:169.30,172.3 1 1
github.com/Tutitoos/atenea/internal/selector/selector.go:174.2,176.23 3 1
github.com/Tutitoos/atenea/internal/selector/selector.go:176.23,179.3 1 1
github.com/Tutitoos/atenea/internal/selector/selector.go:181.2,183.22 3 1
github.com/Tutitoos/atenea/internal/selector/selector.go:183.22,186.3 1 1
github.com/Tutitoos/atenea/internal/selector/selector.go:188.2,190.22 3 1
github.com/Tutitoos/atenea/internal/selector/selector.go:190.22,193.3 1 1
github.com/Tutitoos/atenea/internal/selector/selector.go:195.2,204.22 6 1
github.com/Tutitoos/atenea/internal/selector/selector.go:213.104,216.34 3 1
github.com/Tutitoos/atenea/internal/selector/selector.go:216.34,217.47 1 1
github.com/Tutitoos/atenea/internal/selector/selector.go:217.47,222.12 2 1
github.com/Tutitoos/atenea/internal/selector/selector.go:224.3,224.28 1 1
github.com/Tutitoos/atenea/internal/selector/selector.go:226.2,227.20 2 1
github.com/Tutitoos/atenea/internal/selector/selector.go:230.124,233.34 3 1
github.com/Tutitoos/atenea/internal/selector/selector.go:233.34,234.52 1 1
github.com/Tutitoos/atenea/internal/selector/selector.go:234.52,236.12 2 1
github.com/Tutitoos/atenea/internal/selector/selector.go:238.3,238.52 1 1
github.com/Tutitoos/atenea/internal/selector/selector.go:238.52,240.12 2 1
github.com/Tutitoos/atenea/internal/selector/selector.go:242.3,242.28 1 1
github.com/Tutitoos/atenea/internal/selector/selector.go:244.2,245.20 2 1
github.com/Tutitoos/atenea/internal/selector/selector.go:249.82,251.34 2 1
github.com/Tutitoos/atenea/internal/selector/selector.go:251.34,254.3 1 1
github.com/Tutitoos/atenea/internal/selector/selector.go:255.2,255.55 1 1
github.com/Tutitoos/atenea/internal/selector/selector.go:255.55,260.3 1 1
github.com/Tutitoos/atenea/internal/selector/selector.go:261.2,261.53 1 1
github.com/Tutitoos/atenea/internal/selector/selector.go:261.53,263.3 1 1
github.com/Tutitoos/atenea/internal/selector/selector.go:266.2,266.45 1 1
github.com/Tutitoos/atenea/internal/selector/selector.go:266.45,267.73 1 1
github.com/Tutitoos/atenea/internal/selector/selector.go:267.73,269.4 1 1
github.com/Tutitoos/atenea/internal/selector/selector.go:270.3,270.73 1 1
github.com/Tutitoos/atenea/internal/selector/selector.go:270.73,272.4 1 0
github.com/Tutitoos/atenea/internal/selector/selector.go:274.2,274.17 1 1
github.com/Tutitoos/atenea/internal/selector/selector.go:285.83,286.53 1 1
github.com/Tutitoos/atenea/internal/selector/selector.go:286.53,288.12 2 1
github.com/Tutitoos/atenea/internal/selector/selector.go:288.12,289.12 1 1
github.com/Tutitoos/atenea/internal/selector/selector.go:291.3,292.10 2 1
github.com/Tutitoos/atenea/internal/selector/selector.go:292.10,297.12 1 1
github.com/Tutitoos/atenea/internal/selector/selector.go:299.3,299.20 1 1
github.com/Tutitoos/atenea/internal/selector/selector.go:299.20,301.4 1 1
github.com/Tutitoos/atenea/internal/selector/selector.go:303.2,303.17 1 1
github.com/Tutitoos/atenea/internal/selector/selector.go:308.35,309.27 1 1
github.com/Tutitoos/atenea/internal/selector/selector.go:310.11,311.17 1 1
github.com/Tutitoos/atenea/internal/selector/selector.go:312.13,313.22 1 0
github.com/Tutitoos/atenea/internal/selector/selector.go:314.13,315.22 1 0
github.com/Tutitoos/atenea/internal/selector/selector.go:316.15,317.29 1 1
github.com/Tutitoos/atenea/internal/selector/selector.go:317.29,319.4 1 0
github.com/Tutitoos/atenea/internal/selector/selector.go:320.3,320.22 1 1
github.com/Tutitoos/atenea/internal/selector/selector.go:321.10,322.18 1 1
github.com/Tutitoos/atenea/internal/selector/selector.go:326.92,329.34 3 1
github.com/Tutitoos/atenea/internal/selector/selector.go:329.34,330.28 1 1
github.com/Tutitoos/atenea/internal/selector/selector.go:330.28,332.20 2 1
github.com/Tutitoos/atenea/internal/selector/selector.go:332.20,334.5 1 1
github.com/Tutitoos/atenea/internal/selector/selector.go:335.4,338.12 2 1
github.com/Tutitoos/atenea/internal/selector/selector.go:340.3,340.28 1 1
github.com/Tutitoos/atenea/internal/selector/selector.go:342.2,343.20 2 1
github.com/Tutitoos/atenea/internal/selector/selector.go:375.51,376.39 1 1
github.com/Tutitoos/atenea/internal/selector/selector.go:376.39,378.3 1 1
github.com/Tutitoos/atenea/internal/selector/selector.go:379.2,379.51 1 1
github.com/Tutitoos/atenea/internal/selector/selector.go:386.121,388.65 2 1
github.com/Tutitoos/atenea/internal/selector/selector.go:388.65,389.78 1 1
github.com/Tutitoos/atenea/internal/selector/selector.go:389.78,391.4 1 1
github.com/Tutitoos/atenea/internal/selector/selector.go:391.16,393.4 1 1
github.com/Tutitoos/atenea/internal/selector/selector.go:394.3,395.97 1 1
github.com/Tutitoos/atenea/internal/selector/selector.go:397.2,397.66 1 1
github.com/Tutitoos/atenea/internal/selector/selector.go:397.66,398.78 1 1
github.com/Tutitoos/atenea/internal/selector/selector.go:398.78,400.4 1 1
github.com/Tutitoos/atenea/internal/selector/selector.go:400.16,402.4 1 1
github.com/Tutitoos/atenea/internal/selector/selector.go:406.3,407.89 1 1
github.com/Tutitoos/atenea/internal/selector/selector.go:409.2,415.52 3 1
github.com/Tutitoos/atenea/internal/selector/selector.go:415.52,420.3 1 0
github.com/Tutitoos/atenea/internal/selector/selector.go:421.2,421.61 1 1
github.com/Tutitoos/atenea/internal/selector/selector.go:429.73,430.21 1 1
github.com/Tutitoos/atenea/internal/selector/selector.go:430.21,432.3 1 1
github.com/Tutitoos/atenea/internal/selector/selector.go:433.2,434.45 2 1
github.com/Tutitoos/atenea/internal/selector/selector.go:434.45,436.3 1 1
github.com/Tutitoos/atenea/internal/selector/selector.go:437.2,437.42 1 1
github.com/Tutitoos/atenea/internal/selector/selector.go:437.42,444.3 1 0
github.com/Tutitoos/atenea/internal/selector/selector.go:451.2,451.49 1 1
github.com/Tutitoos/atenea/internal/selector/selector.go:451.49,454.3 1 1
github.com/Tutitoos/atenea/internal/selector/selector.go:455.2,455.28 1 1
github.com/Tutitoos/atenea/internal/selector/selector.go:455.28,456.96 1 1
github.com/Tutitoos/atenea/internal/selector/selector.go:456.96,458.4 1 1
github.com/Tutitoos/atenea/internal/selector/selector.go:459.3,459.52 1 1
github.com/Tutitoos/atenea/internal/selector/selector.go:463.2,463.56 1 1
github.com/Tutitoos/atenea/internal/selector/selector.go:469.59,470.34 1 1
github.com/Tutitoos/atenea/internal/selector/selector.go:470.34,471.40 1 1
github.com/Tutitoos/atenea/internal/selector/selector.go:471.40,473.4 1 1
github.com/Tutitoos/atenea/internal/selector/selector.go:475.2,475.11 1 1
github.com/Tutitoos/atenea/internal/selector/selector.go:480.66,481.30 1 1
github.com/Tutitoos/atenea/internal/selector/selector.go:481.30,482.20 1 1
github.com/Tutitoos/atenea/internal/selector/selector.go:482.20,484.4 1 1
github.com/Tutitoos/atenea/internal/selector/selector.go:486.2,486.10 1 0
github.com/Tutitoos/atenea/internal/selector/selector.go:493.50,494.36 1 1
github.com/Tutitoos/atenea/internal/selector/selector.go:494.36,496.3 1 1
github.com/Tutitoos/atenea/internal/selector/selector.go:497.2,497.40 1 0
github.com/Tutitoos/atenea/internal/selector/selector.go:516.66,517.75 1 1
github.com/Tutitoos/atenea/internal/selector/selector.go:517.75,519.3 1 1
github.com/Tutitoos/atenea/internal/selector/selector.go:520.2,520.30 1 1
github.com/Tutitoos/atenea/internal/selector/selector.go:534.71,536.55 1 1
github.com/Tutitoos/atenea/internal/selector/selector.go:536.55,538.3 1 0
github.com/Tutitoos/atenea/internal/selector/selector.go:539.2,539.38 1 1
github.com/Tutitoos/atenea/internal/selector/selector.go:539.38,541.3 1 1
github.com/Tutitoos/atenea/internal/selector/selector.go:545.2,545.41 1 1
github.com/Tutitoos/atenea/internal/selector/selector.go:568.70,569.48 1 1
github.com/Tutitoos/atenea/internal/selector/selector.go:569.48,570.75 1 1
github.com/Tutitoos/atenea/internal/selector/selector.go:570.75,572.4 1 1
github.com/Tutitoos/atenea/internal/selector/selector.go:573.3,573.39 1 1
github.com/Tutitoos/atenea/internal/selector/selector.go:573.39,574.11 1 1
github.com/Tutitoos/atenea/internal/selector/selector.go:575.41,576.14 1 1
github.com/Tutitoos/atenea/internal/selector/selector.go:577.41,578.13 1 0
github.com/Tutitoos/atenea/internal/selector/selector.go:581.3,581.16 1 1
github.com/Tutitoos/atenea/internal/selector/selector.go:581.16,582.11 1 1
github.com/Tutitoos/atenea/internal/selector/selector.go:583.24,584.14 1 0
github.com/Tutitoos/atenea/internal/selector/selector.go:585.24,586.13 1 0
github.com/Tutitoos/atenea/internal/selector/selector.go:589.3,589.10 1 1
github.com/Tutitoos/atenea/internal/selector/selector.go:590.22,591.13 1 1
github.com/Tutitoos/atenea/internal/selector/selector.go:592.22,593.12 1 1
github.com/Tutitoos/atenea/internal/selector/selector.go:595.3,595.37 1 1
github.com/Tutitoos/atenea/internal/selector/selector.go:607.49,610.52 3 1
github.com/Tutitoos/atenea/internal/selector/selector.go:610.52,612.3 1 1
github.com/Tutitoos/atenea/internal/selector/selector.go:613.2,613.55 1 1
github.com/Tutitoos/atenea/internal/selector/selector.go:617.76,620.31 3 1
github.com/Tutitoos/atenea/internal/selector/selector.go:620.31,621.38 1 1
github.com/Tutitoos/atenea/internal/selector/selector.go:621.38,622.12 1 0
github.com/Tutitoos/atenea/internal/selector/selector.go:624.3,624.63 1 1
github.com/Tutitoos/atenea/internal/selector/selector.go:624.63,625.12 1 0
github.com/Tutitoos/atenea/internal/selector/selector.go:627.3,627.56 1 1
github.com/Tutitoos/atenea/internal/selector/selector.go:627.56,629.4 1 1
github.com/Tutitoos/atenea/internal/selector/selector.go:631.2,631.20 1 1
github.com/Tutitoos/atenea/internal/selector/selector.go:634.52,636.29 2 1
github.com/Tutitoos/atenea/internal/selector/selector.go:636.29,638.3 1 1
github.com/Tutitoos/atenea/internal/selector/selector.go:639.2,639.12 1 1
github.com/Tutitoos/atenea/internal/selector/selector.go:642.35,643.22 1 1
github.com/Tutitoos/atenea/internal/selector/selector.go:643.22,645.3 1 0
github.com/Tutitoos/atenea/internal/selector/selector.go:646.2,646.35 1 1
github.com/Tutitoos/atenea/internal/toolpath/resolve.go:26.66,28.38 2 1
github.com/Tutitoos/atenea/internal/toolpath/resolve.go:28.38,30.3 1 1
github.com/Tutitoos/atenea/internal/toolpath/resolve.go:31.2,31.39 1 1
github.com/Tutitoos/atenea/internal/toolpath/resolve.go:31.39,32.33 1 1
github.com/Tutitoos/atenea/internal/toolpath/resolve.go:32.33,34.4 1 1
github.com/Tutitoos/atenea/internal/toolpath/resolve.go:36.2,36.59 1 1
github.com/Tutitoos/atenea/internal/toolpath/resolve.go:42.71,44.18 2 1
github.com/Tutitoos/atenea/internal/toolpath/resolve.go:44.18,46.3 1 0
github.com/Tutitoos/atenea/internal/toolpath/resolve.go:47.2,47.22 1 1
github.com/Tutitoos/atenea/internal/toolpath/resolve.go:47.22,49.40 2 1
github.com/Tutitoos/atenea/internal/toolpath/resolve.go:49.40,50.34 1 1
github.com/Tutitoos/atenea/internal/toolpath/resolve.go:50.34,52.62 2 1
github.com/Tutitoos/atenea/internal/toolpath/resolve.go:52.62,54.6 1 0
github.com/Tutitoos/atenea/internal/toolpath/resolve.go:57.3,57.13 1 1
github.com/Tutitoos/atenea/internal/toolpath/resolve.go:57.13,59.4 1 1
github.com/Tutitoos/atenea/internal/toolpath/resolve.go:60.3,60.81 1 1
github.com/Tutitoos/atenea/internal/toolpath/resolve.go:63.2,63.39 1 1
github.com/Tutitoos/atenea/internal/toolpath/resolve.go:63.39,64.60 1 1
github.com/Tutitoos/atenea/internal/toolpath/resolve.go:64.60,66.4 1 1
github.com/Tutitoos/atenea/internal/toolpath/resolve.go:68.2,68.58 1 1
github.com/Tutitoos/atenea/internal/toolpath/resolve.go:71.48,73.18 2 1
github.com/Tutitoos/atenea/internal/toolpath/resolve.go:73.18,75.3 1 1
github.com/Tutitoos/atenea/internal/toolpath/resolve.go:76.2,76.30 1 1
github.com/Tutitoos/atenea/internal/statusline/statusline.go:91.25,91.57 1 1
github.com/Tutitoos/atenea/internal/statusline/statusline.go:94.23,96.28 2 1
github.com/Tutitoos/atenea/internal/statusline/statusline.go:96.28,98.3 1 1
github.com/Tutitoos/atenea/internal/statusline/statusline.go:99.2,99.12 1 1
github.com/Tutitoos/atenea/internal/statusline/statusline.go:116.36,116.85 1 1
github.com/Tutitoos/atenea/internal/statusline/statusline.go:138.17,138.47 1 1
github.com/Tutitoos/atenea/internal/statusline/statusline.go:142.37,143.28 1 1
github.com/Tutitoos/atenea/internal/statusline/statusline.go:143.28,144.21 1 1
github.com/Tutitoos/atenea/internal/statusline/statusline.go:144.21,146.4 1 1
github.com/Tutitoos/atenea/internal/statusline/statusline.go:148.2,149.85 1 1
github.com/Tutitoos/atenea/internal/statusline/statusline.go:153.19,155.28 2 0
github.com/Tutitoos/atenea/internal/statusline/statusline.go:155.28,157.3 1 0
github.com/Tutitoos/atenea/internal/statusline/statusline.go:158.2,158.12 1 0
github.com/Tutitoos/atenea/internal/statusline/statusline.go:161.29,169.2 2 1
github.com/Tutitoos/atenea/internal/statusline/statusline.go:174.41,176.16 2 1
github.com/Tutitoos/atenea/internal/statusline/statusline.go:176.16,182.3 1 0
github.com/Tutitoos/atenea/internal/statusline/statusline.go:184.2,184.67 1 1
github.com/Tutitoos/atenea/internal/statusline/statusline.go:184.67,187.3 1 0
github.com/Tutitoos/atenea/internal/statusline/statusline.go:188.2,188.62 1 1
github.com/Tutitoos/atenea/internal/statusline/statusline.go:188.62,191.3 1 0
github.com/Tutitoos/atenea/internal/statusline/statusline.go:193.2,194.16 2 1
github.com/Tutitoos/atenea/internal/statusline/statusline.go:194.16,196.3 1 1
github.com/Tutitoos/atenea/internal/statusline/statusline.go:197.2,197.95 1 1
github.com/Tutitoos/atenea/internal/statusline/statusline.go:202.43,204.16 2 1
github.com/Tutitoos/atenea/internal/statusline/statusline.go:204.16,206.3 1 0
github.com/Tutitoos/atenea/internal/statusline/statusline.go:208.2,209.44 2 1
github.com/Tutitoos/atenea/internal/statusline/statusline.go:209.44,210.38 1 1
github.com/Tutitoos/atenea/internal/statusline/statusline.go:210.38,213.4 1 0
github.com/Tutitoos/atenea/internal/statusline/statusline.go:214.3,214.18 1 1
github.com/Tutitoos/atenea/internal/statusline/statusline.go:218.2,226.8 2 1
github.com/Tutitoos/atenea/internal/statusline/statusline.go:232.30,235.66 2 1
github.com/Tutitoos/atenea/internal/statusline/statusline.go:235.66,237.3 1 1
github.com/Tutitoos/atenea/internal/statusline/statusline.go:238.2,238.57 1 1
github.com/Tutitoos/atenea/internal/statusline/statusline.go:238.57,241.3 2 1
github.com/Tutitoos/atenea/internal/statusline/statusline.go:242.2,245.16 3 1
github.com/Tutitoos/atenea/internal/statusline/statusline.go:245.16,247.3 1 1
github.com/Tutitoos/atenea/internal/statusline/statusline.go:248.2,248.14 1 1
github.com/Tutitoos/atenea/internal/statusline/statusline.go:269.71,271.36 2 1
github.com/Tutitoos/atenea/internal/statusline/statusline.go:271.36,273.3 1 1
github.com/Tutitoos/atenea/internal/statusline/statusline.go:274.2,274.16 1 1
github.com/Tutitoos/atenea/internal/statusline/statusline.go:274.16,277.3 1 0
github.com/Tutitoos/atenea/internal/statusline/statusline.go:279.2,280.51 2 1
github.com/Tutitoos/atenea/internal/statusline/statusline.go:280.51,287.3 1 1
github.com/Tutitoos/atenea/internal/statusline/statusline.go:289.2,290.9 2 1
github.com/Tutitoos/atenea/internal/statusline/statusline.go:290.9,292.3 1 0
github.com/Tutitoos/atenea/internal/statusline/statusline.go:293.2,294.57 2 1
github.com/Tutitoos/atenea/internal/statusline/statusline.go:294.57,298.3 1 1
github.com/Tutitoos/atenea/internal/statusline/statusline.go:299.2,299.27 1 1
github.com/Tutitoos/atenea/internal/statusline/statusline.go:303.39,305.16 2 1
github.com/Tutitoos/atenea/internal/statusline/statusline.go:305.16,307.3 1 1
github.com/Tutitoos/atenea/internal/statusline/statusline.go:308.2,308.47 1 1
github.com/Tutitoos/atenea/internal/statusline/statusline.go:308.47,310.3 1 1
github.com/Tutitoos/atenea/internal/statusline/statusline.go:311.2,312.53 2 1
github.com/Tutitoos/atenea/internal/statusline/statusline.go:312.53,314.3 1 0
github.com/Tutitoos/atenea/internal/statusline/statusline.go:315.2,315.18 1 1
github.com/Tutitoos/atenea/internal/statusline/statusline.go:322.76,324.16 2 1
github.com/Tutitoos/atenea/internal/statusline/statusline.go:324.16,326.3 1 0
github.com/Tutitoos/atenea/internal/statusline/statusline.go:327.2,327.75 1 1
github.com/Tutitoos/atenea/internal/statusline/statusline.go:327.75,327.110 1 1
github.com/Tutitoos/atenea/internal/statusline/statusline.go:328.2,328.31 1 1
github.com/Tutitoos/atenea/internal/statusline/statusline.go:328.31,330.3 1 1
github.com/Tutitoos/atenea/internal/statusline/statusline.go:332.2,332.38 1 1
github.com/Tutitoos/atenea/internal/statusline/statusline.go:332.38,335.83 1 1
github.com/Tutitoos/atenea/internal/statusline/statusline.go:335.83,338.4 1 0
github.com/Tutitoos/atenea/internal/statusline/statusline.go:339.3,339.25 1 1
github.com/Tutitoos/atenea/internal/statusline/statusline.go:341.2,341.50 1 1
github.com/Tutitoos/atenea/internal/statusline/statusline.go:341.50,343.3 1 0
github.com/Tutitoos/atenea/internal/statusline/statusline.go:344.2,344.25 1 1
github.com/Tutitoos/atenea/internal/statusline/statusline.go:354.84,356.16 2 1
github.com/Tutitoos/atenea/internal/statusline/statusline.go:356.16,358.3 1 0
github.com/Tutitoos/atenea/internal/statusline/statusline.go:359.2,362.16 3 1
github.com/Tutitoos/atenea/internal/statusline/statusline.go:362.16,364.3 1 0
github.com/Tutitoos/atenea/internal/statusline/statusline.go:365.2,367.70 2 1
github.com/Tutitoos/atenea/internal/statusline/statusline.go:367.70,370.3 1 0
github.com/Tutitoos/atenea/internal/statusline/statusline.go:371.2,371.63 1 1
github.com/Tutitoos/atenea/internal/statusline/statusline.go:371.63,373.3 1 0
github.com/Tutitoos/atenea/internal/statusline/statusline.go:374.2,374.12 1 1
github.com/Tutitoos/atenea/internal/statusline/statusline.go:378.22,378.43 1 0
github.com/Tutitoos/atenea/internal/statusline/statusline.go:380.33,383.2 2 1
github.com/Tutitoos/atenea/internal/toolversion/toolversion.go:52.48,54.2 1 1
github.com/Tutitoos/atenea/internal/toolversion/toolversion.go:61.53,62.19 1 1
github.com/Tutitoos/atenea/internal/toolversion/toolversion.go:62.19,62.45 1 1
github.com/Tutitoos/atenea/internal/toolversion/toolversion.go:63.2,63.18 1 1
github.com/Tutitoos/atenea/internal/toolversion/toolversion.go:66.49,67.39 1 1
github.com/Tutitoos/atenea/internal/toolversion/toolversion.go:67.39,69.3 1 1
github.com/Tutitoos/atenea/internal/toolversion/toolversion.go:74.2,84.16 6 1
github.com/Tutitoos/atenea/internal/toolversion/toolversion.go:84.16,86.3 1 1
github.com/Tutitoos/atenea/internal/toolversion/toolversion.go:87.2,87.27 1 1
github.com/Tutitoos/atenea/internal/toolversion/toolversion.go:96.31,98.21 2 1
github.com/Tutitoos/atenea/internal/toolversion/toolversion.go:98.21,100.17 2 1
github.com/Tutitoos/atenea/internal/toolversion/toolversion.go:100.17,101.12 1 1
github.com/Tutitoos/atenea/internal/toolversion/toolversion.go:103.3,104.25 2 1
github.com/Tutitoos/atenea/internal/toolversion/toolversion.go:104.25,106.4 1 1
github.com/Tutitoos/atenea/internal/toolversion/toolversion.go:107.3,107.14 1 1
github.com/Tutitoos/atenea/internal/toolversion/toolversion.go:109.2,109.11 1 1
github.com/Tutitoos/atenea/internal/core/backendstate.go:68.40,70.2 1 1
github.com/Tutitoos/atenea/internal/core/backendstate.go:72.67,76.2 3 1
github.com/Tutitoos/atenea/internal/core/backendstate.go:83.67,88.2 4 1
github.com/Tutitoos/atenea/internal/core/backendstate.go:110.82,112.47 2 1
github.com/Tutitoos/atenea/internal/core/backendstate.go:112.47,122.54 3 1
github.com/Tutitoos/atenea/internal/core/backendstate.go:123.11,126.32 3 1
github.com/Tutitoos/atenea/internal/core/backendstate.go:127.11,128.57 1 1
github.com/Tutitoos/atenea/internal/core/backendstate.go:128.57,130.37 2 1
github.com/Tutitoos/atenea/internal/core/backendstate.go:130.37,132.6 1 1
github.com/Tutitoos/atenea/internal/core/backendstate.go:138.3,138.27 1 1
github.com/Tutitoos/atenea/internal/core/backendstate.go:140.2,140.12 1 1
github.com/Tutitoos/atenea/internal/core/backendstate.go:150.55,151.15 1 1
github.com/Tutitoos/atenea/internal/core/backendstate.go:152.53,153.19 1 0
github.com/Tutitoos/atenea/internal/core/backendstate.go:154.27,155.23 1 1
github.com/Tutitoos/atenea/internal/core/backendstate.go:156.10,157.24 1 1
github.com/Tutitoos/atenea/internal/core/backendstate.go:170.59,171.16 1 1
github.com/Tutitoos/atenea/internal/core/backendstate.go:171.16,174.3 2 1
github.com/Tutitoos/atenea/internal/core/backendstate.go:175.2,175.98 1 1
github.com/Tutitoos/atenea/internal/core/backendstate.go:192.56,193.9 1 1
github.com/Tutitoos/atenea/internal/core/backendstate.go:194.18,195.74 1 1
github.com/Tutitoos/atenea/internal/core/backendstate.go:197.51,198.99 1 0
github.com/Tutitoos/atenea/internal/core/commission.go:34.99,35.39 1 1
github.com/Tutitoos/atenea/internal/core/commission.go:35.39,38.3 1 1
github.com/Tutitoos/atenea/internal/core/commission.go:39.2,42.85 4 1
github.com/Tutitoos/atenea/internal/core/commission.go:42.85,43.20 1 1
github.com/Tutitoos/atenea/internal/core/commission.go:43.20,45.4 1 0
github.com/Tutitoos/atenea/internal/core/commission.go:46.3,47.75 1 1
github.com/Tutitoos/atenea/internal/core/commission.go:47.75,51.4 3 1
github.com/Tutitoos/atenea/internal/core/commission.go:52.3,52.14 1 0
github.com/Tutitoos/atenea/internal/core/commission.go:54.2,55.21 2 1
github.com/Tutitoos/atenea/internal/core/commission.go:55.21,59.3 1 1
github.com/Tutitoos/atenea/internal/core/commission.go:64.2,64.93 1 1
github.com/Tutitoos/atenea/internal/core/commission.go:64.93,67.3 1 1
github.com/Tutitoos/atenea/internal/core/commission.go:68.2,68.54 1 1
github.com/Tutitoos/atenea/internal/core/commission.go:68.54,72.3 1 1
github.com/Tutitoos/atenea/internal/core/commission.go:73.2,73.21 1 1
github.com/Tutitoos/atenea/internal/core/commission.go:97.95,99.16 2 1
github.com/Tutitoos/atenea/internal/core/commission.go:99.16,101.3 1 1
github.com/Tutitoos/atenea/internal/core/commission.go:102.2,103.9 2 1
github.com/Tutitoos/atenea/internal/core/commission.go:104.38,106.69 1 1
github.com/Tutitoos/atenea/internal/core/commission.go:107.18,110.24 1 0
github.com/Tutitoos/atenea/internal/core/commission.go:111.21,113.73 1 0
github.com/Tutitoos/atenea/internal/core/commission.go:115.2,115.31 1 1
github.com/Tutitoos/atenea/internal/core/core.go:151.46,151.67 1 1
github.com/Tutitoos/atenea/internal/core/core.go:158.44,158.77 1 1
github.com/Tutitoos/atenea/internal/core/core.go:181.31,182.18 1 1
github.com/Tutitoos/atenea/internal/core/core.go:182.18,184.3 1 1
github.com/Tutitoos/atenea/internal/core/core.go:185.2,185.18 1 1
github.com/Tutitoos/atenea/internal/core/core.go:190.55,192.46 2 1
github.com/Tutitoos/atenea/internal/core/core.go:192.46,193.59 1 1
github.com/Tutitoos/atenea/internal/core/core.go:193.59,195.4 1 0
github.com/Tutitoos/atenea/internal/core/core.go:197.2,197.43 1 1
github.com/Tutitoos/atenea/internal/core/core.go:197.43,198.57 1 1
github.com/Tutitoos/atenea/internal/core/core.go:198.57,200.4 1 0
github.com/Tutitoos/atenea/internal/core/core.go:202.2,202.40 1 1
github.com/Tutitoos/atenea/internal/core/core.go:202.40,203.53 1 1
github.com/Tutitoos/atenea/internal/core/core.go:203.53,205.4 1 0
github.com/Tutitoos/atenea/internal/core/core.go:207.2,208.16 2 1
github.com/Tutitoos/atenea/internal/core/core.go:208.16,210.3 1 0
github.com/Tutitoos/atenea/internal/core/core.go:211.2,211.61 1 1
github.com/Tutitoos/atenea/internal/core/core.go:211.61,213.3 1 1
github.com/Tutitoos/atenea/internal/core/core.go:214.2,215.16 2 1
github.com/Tutitoos/atenea/internal/core/core.go:215.16,217.3 1 1
github.com/Tutitoos/atenea/internal/core/core.go:218.2,219.16 2 1
github.com/Tutitoos/atenea/internal/core/core.go:219.16,221.3 1 0
github.com/Tutitoos/atenea/internal/core/core.go:226.2,227.16 2 1
github.com/Tutitoos/atenea/internal/core/core.go:227.16,229.3 1 0
github.com/Tutitoos/atenea/internal/core/core.go:234.2,236.21 3 1
github.com/Tutitoos/atenea/internal/core/core.go:236.21,238.17 2 1
github.com/Tutitoos/atenea/internal/core/core.go:238.17,240.4 1 1
github.com/Tutitoos/atenea/internal/core/core.go:243.3,243.16 1 1
github.com/Tutitoos/atenea/internal/core/core.go:243.16,244.14 1 1
github.com/Tutitoos/atenea/internal/core/core.go:244.14,246.5 1 0
github.com/Tutitoos/atenea/internal/core/core.go:256.2,257.21 2 1
github.com/Tutitoos/atenea/internal/core/core.go:257.21,259.17 2 1
github.com/Tutitoos/atenea/internal/core/core.go:259.17,261.4 1 0
github.com/Tutitoos/atenea/internal/core/core.go:263.2,264.25 2 1
github.com/Tutitoos/atenea/internal/core/core.go:264.25,266.17 2 1
github.com/Tutitoos/atenea/internal/core/core.go:266.17,268.4 1 0
github.com/Tutitoos/atenea/internal/core/core.go:270.2,271.16 2 1
github.com/Tutitoos/atenea/internal/core/core.go:271.16,273.3 1 0
github.com/Tutitoos/atenea/internal/core/core.go:274.2,275.16 2 1
github.com/Tutitoos/atenea/internal/core/core.go:275.16,277.3 1 0
github.com/Tutitoos/atenea/internal/core/core.go:278.2,285.18 4 1
github.com/Tutitoos/atenea/internal/core/core.go:285.18,295.3 3 1
github.com/Tutitoos/atenea/internal/core/core.go:296.2,312.16 2 1
github.com/Tutitoos/atenea/internal/core/core.go:312.16,314.3 1 0
github.com/Tutitoos/atenea/internal/core/core.go:321.2,322.40 2 1
github.com/Tutitoos/atenea/internal/core/core.go:322.40,323.40 1 1
github.com/Tutitoos/atenea/internal/core/core.go:323.40,324.12 1 1
github.com/Tutitoos/atenea/internal/core/core.go:326.3,336.4 1 1
github.com/Tutitoos/atenea/internal/core/core.go:338.2,358.8 2 1
github.com/Tutitoos/atenea/internal/core/core.go:376.100,377.41 1 1
github.com/Tutitoos/atenea/internal/core/core.go:377.41,379.17 2 1
github.com/Tutitoos/atenea/internal/core/core.go:379.17,385.4 1 1
github.com/Tutitoos/atenea/internal/core/core.go:386.3,387.13 2 1
github.com/Tutitoos/atenea/internal/core/core.go:397.36,400.21 3 1
github.com/Tutitoos/atenea/internal/core/core.go:400.21,402.3 1 1
github.com/Tutitoos/atenea/internal/core/core.go:403.2,409.4 1 1
github.com/Tutitoos/atenea/internal/core/core.go:420.89,422.16 2 1
github.com/Tutitoos/atenea/internal/core/core.go:422.16,424.3 1 0
github.com/Tutitoos/atenea/internal/core/core.go:425.2,426.48 2 1
github.com/Tutitoos/atenea/internal/core/core.go:426.48,428.17 2 1
github.com/Tutitoos/atenea/internal/core/core.go:428.17,430.4 1 1
github.com/Tutitoos/atenea/internal/core/core.go:431.3,431.28 1 1
github.com/Tutitoos/atenea/internal/core/core.go:433.2,433.52 1 1
github.com/Tutitoos/atenea/internal/core/core.go:433.52,435.3 1 1
github.com/Tutitoos/atenea/internal/core/core.go:436.2,436.76 1 1
github.com/Tutitoos/atenea/internal/core/core.go:436.76,438.3 1 1
github.com/Tutitoos/atenea/internal/core/core.go:439.2,439.24 1 1
github.com/Tutitoos/atenea/internal/core/core.go:442.105,443.14 1 1
github.com/Tutitoos/atenea/internal/core/core.go:444.24,451.5 1 1
github.com/Tutitoos/atenea/internal/core/core.go:452.31,461.5 1 0
github.com/Tutitoos/atenea/internal/core/core.go:462.26,471.5 1 0
github.com/Tutitoos/atenea/internal/core/core.go:472.27,473.39 1 1
github.com/Tutitoos/atenea/internal/core/core.go:474.29,475.41 1 0
github.com/Tutitoos/atenea/internal/core/core.go:476.30,477.42 1 0
github.com/Tutitoos/atenea/internal/core/core.go:478.26,483.5 1 1
github.com/Tutitoos/atenea/internal/core/core.go:484.10,486.55 1 0
github.com/Tutitoos/atenea/internal/core/core.go:496.98,499.20 3 1
github.com/Tutitoos/atenea/internal/core/core.go:499.20,505.59 1 1
github.com/Tutitoos/atenea/internal/core/core.go:505.59,507.4 1 1
github.com/Tutitoos/atenea/internal/core/core.go:513.2,513.49 1 1
github.com/Tutitoos/atenea/internal/core/core.go:513.49,513.79 1 1
github.com/Tutitoos/atenea/internal/core/core.go:514.2,514.72 1 1
github.com/Tutitoos/atenea/internal/core/core.go:514.72,515.54 1 1
github.com/Tutitoos/atenea/internal/core/core.go:515.54,515.90 1 0
github.com/Tutitoos/atenea/internal/core/core.go:517.2,523.20 2 1
github.com/Tutitoos/atenea/internal/core/core.go:523.20,524.55 1 1
github.com/Tutitoos/atenea/internal/core/core.go:524.55,527.70 1 1
github.com/Tutitoos/atenea/internal/core/core.go:527.70,529.5 1 0
github.com/Tutitoos/atenea/internal/core/core.go:530.9,532.18 2 1
github.com/Tutitoos/atenea/internal/core/core.go:532.18,534.5 1 0
github.com/Tutitoos/atenea/internal/core/core.go:535.4,535.28 1 1
github.com/Tutitoos/atenea/internal/core/core.go:538.2,539.16 2 1
github.com/Tutitoos/atenea/internal/core/core.go:539.16,541.3 1 1
github.com/Tutitoos/atenea/internal/core/core.go:542.2,542.20 1 1
github.com/Tutitoos/atenea/internal/core/core.go:542.20,544.3 1 0
github.com/Tutitoos/atenea/internal/core/core.go:545.2,545.46 1 1
github.com/Tutitoos/atenea/internal/core/core.go:553.100,554.46 1 0
github.com/Tutitoos/atenea/internal/core/core.go:554.46,558.3 1 0
github.com/Tutitoos/atenea/internal/core/core.go:559.2,563.65 1 0
github.com/Tutitoos/atenea/internal/core/core.go:563.65,565.4 1 0
github.com/Tutitoos/atenea/internal/core/core.go:566.85,568.22 2 0
github.com/Tutitoos/atenea/internal/core/core.go:568.22,571.5 1 0
github.com/Tutitoos/atenea/internal/core/core.go:572.4,572.85 1 0
github.com/Tutitoos/atenea/internal/core/core.go:575.2,575.16 1 0
github.com/Tutitoos/atenea/internal/core/core.go:575.16,577.3 1 0
github.com/Tutitoos/atenea/internal/core/core.go:582.2,582.49 1 0
github.com/Tutitoos/atenea/internal/core/core.go:582.49,582.81 1 0
github.com/Tutitoos/atenea/internal/core/core.go:583.2,583.46 1 0
github.com/Tutitoos/atenea/internal/core/core.go:591.101,592.47 1 0
github.com/Tutitoos/atenea/internal/core/core.go:592.47,596.3 1 0
github.com/Tutitoos/atenea/internal/core/core.go:597.2,597.43 1 0
github.com/Tutitoos/atenea/internal/core/core.go:597.43,601.3 1 0
github.com/Tutitoos/atenea/internal/core/core.go:602.2,607.65 1 0
github.com/Tutitoos/atenea/internal/core/core.go:607.65,609.4 1 0
github.com/Tutitoos/atenea/internal/core/core.go:611.2,611.16 1 0
github.com/Tutitoos/atenea/internal/core/core.go:611.16,613.3 1 0
github.com/Tutitoos/atenea/internal/core/core.go:616.2,616.49 1 0
github.com/Tutitoos/atenea/internal/core/core.go:616.49,616.82 1 0
github.com/Tutitoos/atenea/internal/core/core.go:617.2,617.46 1 0
github.com/Tutitoos/atenea/internal/core/core.go:628.65,630.33 2 1
github.com/Tutitoos/atenea/internal/core/core.go:630.33,631.47 1 1
github.com/Tutitoos/atenea/internal/core/core.go:631.47,632.40 1 1
github.com/Tutitoos/atenea/internal/core/core.go:632.40,636.5 1 1
github.com/Tutitoos/atenea/internal/core/core.go:637.4,637.27 1 1
github.com/Tutitoos/atenea/internal/core/core.go:640.2,640.12 1 1
github.com/Tutitoos/atenea/internal/core/core.go:659.101,661.29 2 1
github.com/Tutitoos/atenea/internal/core/core.go:661.29,663.3 1 1
github.com/Tutitoos/atenea/internal/core/core.go:664.2,664.33 1 1
github.com/Tutitoos/atenea/internal/core/core.go:664.33,665.47 1 1
github.com/Tutitoos/atenea/internal/core/core.go:665.47,667.71 2 1
github.com/Tutitoos/atenea/internal/core/core.go:667.71,668.13 1 1
github.com/Tutitoos/atenea/internal/core/core.go:670.4,673.47 1 1
github.com/Tutitoos/atenea/internal/core/core.go:676.2,676.12 1 1
github.com/Tutitoos/atenea/internal/core/core.go:686.29,688.27 2 0
github.com/Tutitoos/atenea/internal/core/core.go:688.27,690.3 1 0
github.com/Tutitoos/atenea/internal/core/core.go:691.2,691.33 1 0
github.com/Tutitoos/atenea/internal/core/core.go:694.54,695.61 1 0
github.com/Tutitoos/atenea/internal/core/core.go:695.61,695.98 1 0
github.com/Tutitoos/atenea/internal/core/core.go:698.44,700.27 2 0
github.com/Tutitoos/atenea/internal/core/core.go:700.27,702.3 1 0
github.com/Tutitoos/atenea/internal/core/core.go:703.2,704.12 2 0
github.com/Tutitoos/atenea/internal/core/core.go:707.41,709.27 2 0
github.com/Tutitoos/atenea/internal/core/core.go:709.27,711.3 1 0
github.com/Tutitoos/atenea/internal/core/core.go:712.2,713.28 2 0
github.com/Tutitoos/atenea/internal/core/core.go:716.93,717.27 1 0
github.com/Tutitoos/atenea/internal/core/core.go:717.27,718.43 1 0
github.com/Tutitoos/atenea/internal/core/core.go:718.43,720.4 1 0
github.com/Tutitoos/atenea/internal/core/core.go:725.2,726.72 1 0
github.com/Tutitoos/atenea/internal/core/core.go:733.56,734.22 1 1
github.com/Tutitoos/atenea/internal/core/core.go:735.9,736.13 1 1
github.com/Tutitoos/atenea/internal/core/core.go:737.9,741.44 1 1
github.com/Tutitoos/atenea/internal/core/core.go:742.10,743.49 1 1
github.com/Tutitoos/atenea/internal/core/core.go:750.74,751.29 1 1
github.com/Tutitoos/atenea/internal/core/core.go:751.29,752.64 1 1
github.com/Tutitoos/atenea/internal/core/core.go:752.64,755.4 1 1
github.com/Tutitoos/atenea/internal/core/core.go:756.3,757.17 2 1
github.com/Tutitoos/atenea/internal/core/core.go:757.17,760.4 1 1
github.com/Tutitoos/atenea/internal/core/core.go:761.3,761.41 1 1
github.com/Tutitoos/atenea/internal/core/core.go:761.41,765.4 1 1
github.com/Tutitoos/atenea/internal/core/core.go:766.3,766.28 1 1
github.com/Tutitoos/atenea/internal/core/core.go:766.28,767.65 1 1
github.com/Tutitoos/atenea/internal/core/core.go:767.65,770.5 1 1
github.com/Tutitoos/atenea/internal/core/core.go:773.2,773.12 1 1
github.com/Tutitoos/atenea/internal/core/core.go:777.46,777.66 1 1
github.com/Tutitoos/atenea/internal/core/core.go:780.41,780.62 1 0
github.com/Tutitoos/atenea/internal/core/core.go:784.85,786.2 1 1
github.com/Tutitoos/atenea/internal/core/core.go:790.107,792.2 1 0
github.com/Tutitoos/atenea/internal/core/core.go:794.107,795.34 1 1
github.com/Tutitoos/atenea/internal/core/core.go:795.34,797.3 1 1
github.com/Tutitoos/atenea/internal/core/core.go:798.2,801.16 3 1
github.com/Tutitoos/atenea/internal/core/core.go:801.16,803.3 1 1
github.com/Tutitoos/atenea/internal/core/core.go:804.2,805.16 2 1
github.com/Tutitoos/atenea/internal/core/core.go:805.16,807.3 1 1
github.com/Tutitoos/atenea/internal/core/core.go:808.2,822.22 5 1
github.com/Tutitoos/atenea/internal/core/core.go:830.57,831.27 1 1
github.com/Tutitoos/atenea/internal/core/core.go:831.27,833.3 1 0
github.com/Tutitoos/atenea/internal/core/core.go:834.2,835.16 2 1
github.com/Tutitoos/atenea/internal/core/core.go:835.16,838.3 1 0
github.com/Tutitoos/atenea/internal/core/core.go:839.2,839.58 1 1
github.com/Tutitoos/atenea/internal/core/core.go:843.33,845.35 2 1
github.com/Tutitoos/atenea/internal/core/core.go:845.35,847.3 1 1
github.com/Tutitoos/atenea/internal/core/core.go:848.2,848.12 1 1
github.com/Tutitoos/atenea/internal/core/core.go:852.44,852.62 1 0
github.com/Tutitoos/atenea/internal/core/core.go:855.48,855.72 1 1
github.com/Tutitoos/atenea/internal/core/core.go:869.123,870.54 1 1
github.com/Tutitoos/atenea/internal/core/core.go:870.54,872.3 1 0
github.com/Tutitoos/atenea/internal/core/core.go:873.2,875.20 3 1
github.com/Tutitoos/atenea/internal/core/core.go:875.20,877.3 1 1
github.com/Tutitoos/atenea/internal/core/core.go:878.2,879.20 2 1
github.com/Tutitoos/atenea/internal/core/core.go:879.20,881.3 1 1
github.com/Tutitoos/atenea/internal/core/core.go:882.2,912.48 2 1
github.com/Tutitoos/atenea/internal/core/core.go:912.48,918.3 1 0
github.com/Tutitoos/atenea/internal/core/core.go:931.94,932.34 1 1
github.com/Tutitoos/atenea/internal/core/core.go:932.34,934.3 1 0
github.com/Tutitoos/atenea/internal/core/core.go:935.2,936.31 2 1
github.com/Tutitoos/atenea/internal/core/core.go:941.96,942.34 1 1
github.com/Tutitoos/atenea/internal/core/core.go:942.34,944.3 1 0
github.com/Tutitoos/atenea/internal/core/core.go:945.2,946.28 2 1
github.com/Tutitoos/atenea/internal/core/core.go:952.121,953.34 1 0
github.com/Tutitoos/atenea/internal/core/core.go:953.34,955.3 1 0
github.com/Tutitoos/atenea/internal/core/core.go:956.2,957.41 2 0
github.com/Tutitoos/atenea/internal/core/core.go:991.95,992.34 1 1
github.com/Tutitoos/atenea/internal/core/core.go:992.34,994.3 1 0
github.com/Tutitoos/atenea/internal/core/core.go:995.2,998.24 3 1
github.com/Tutitoos/atenea/internal/core/core.go:998.24,1000.3 1 1
github.com/Tutitoos/atenea/internal/core/core.go:1000.8,1002.17 2 1
github.com/Tutitoos/atenea/internal/core/core.go:1002.17,1004.4 1 1
github.com/Tutitoos/atenea/internal/core/core.go:1005.3,1005.38 1 1
github.com/Tutitoos/atenea/internal/core/core.go:1008.2,1009.35 2 1
github.com/Tutitoos/atenea/internal/core/core.go:1009.35,1011.10 2 1
github.com/Tutitoos/atenea/internal/core/core.go:1011.10,1012.12 1 1
github.com/Tutitoos/atenea/internal/core/core.go:1014.3,1014.30 1 1
github.com/Tutitoos/atenea/internal/core/core.go:1014.30,1015.24 1 1
github.com/Tutitoos/atenea/internal/core/core.go:1015.24,1017.5 1 1
github.com/Tutitoos/atenea/internal/core/core.go:1018.4,1020.18 3 1
github.com/Tutitoos/atenea/internal/core/core.go:1020.18,1022.5 1 1
github.com/Tutitoos/atenea/internal/core/core.go:1022.10,1022.89 1 1
github.com/Tutitoos/atenea/internal/core/core.go:1022.89,1024.5 1 0
github.com/Tutitoos/atenea/internal/core/core.go:1025.4,1031.6 1 1
github.com/Tutitoos/atenea/internal/core/core.go:1034.2,1034.54 1 1
github.com/Tutitoos/atenea/internal/core/core.go:1034.54,1035.63 1 0
github.com/Tutitoos/atenea/internal/core/core.go:1035.63,1037.4 1 0
github.com/Tutitoos/atenea/internal/core/core.go:1038.3,1038.49 1 0
github.com/Tutitoos/atenea/internal/core/core.go:1040.2,1040.21 1 1
github.com/Tutitoos/atenea/internal/core/core.go:1088.74,1089.34 1 1
github.com/Tutitoos/atenea/internal/core/core.go:1089.34,1091.3 1 0
github.com/Tutitoos/atenea/internal/core/core.go:1092.2,1096.33 4 1
github.com/Tutitoos/atenea/internal/core/core.go:1096.33,1098.3 1 0
github.com/Tutitoos/atenea/internal/core/core.go:1099.2,1102.33 3 1
github.com/Tutitoos/atenea/internal/core/core.go:1102.33,1116.28 3 0
github.com/Tutitoos/atenea/internal/core/core.go:1116.28,1118.4 1 0
github.com/Tutitoos/atenea/internal/core/core.go:1119.3,1119.27 1 0
github.com/Tutitoos/atenea/internal/core/core.go:1121.2,1121.17 1 1
github.com/Tutitoos/atenea/internal/core/core.go:1149.84,1151.16 2 1
github.com/Tutitoos/atenea/internal/core/core.go:1151.16,1153.3 1 0
github.com/Tutitoos/atenea/internal/core/core.go:1154.2,1155.16 2 1
github.com/Tutitoos/atenea/internal/core/core.go:1155.16,1157.3 1 0
github.com/Tutitoos/atenea/internal/core/core.go:1158.2,1163.8 1 1
github.com/Tutitoos/atenea/internal/core/core.go:1169.30,1172.16 3 1
github.com/Tutitoos/atenea/internal/core/core.go:1172.16,1174.3 1 1
github.com/Tutitoos/atenea/internal/core/core.go:1175.2,1176.12 2 1
github.com/Tutitoos/atenea/internal/core/core.go:1183.47,1185.16 2 1
github.com/Tutitoos/atenea/internal/core/core.go:1185.16,1187.3 1 1
github.com/Tutitoos/atenea/internal/core/core.go:1191.2,1193.24 3 1
github.com/Tutitoos/atenea/internal/core/core.go:1193.24,1203.3 2 1
github.com/Tutitoos/atenea/internal/core/core.go:1204.2,1205.21 2 1
github.com/Tutitoos/atenea/internal/core/core.go:1211.33,1213.16 2 1
github.com/Tutitoos/atenea/internal/core/core.go:1213.16,1216.3 2 1
github.com/Tutitoos/atenea/internal/core/core.go:1217.2,1226.12 5 1
github.com/Tutitoos/atenea/internal/core/core.go:1226.12,1229.3 2 1
github.com/Tutitoos/atenea/internal/core/core.go:1230.2,1230.9 1 1
github.com/Tutitoos/atenea/internal/core/core.go:1231.14,1240.20 6 1
github.com/Tutitoos/atenea/internal/core/core.go:1241.51,1250.77 4 0
github.com/Tutitoos/atenea/internal/core/core.go:1262.32,1263.37 1 1
github.com/Tutitoos/atenea/internal/core/core.go:1263.37,1265.3 1 1
github.com/Tutitoos/atenea/internal/core/core.go:1282.31,1284.21 2 1
github.com/Tutitoos/atenea/internal/core/core.go:1284.21,1287.3 2 1
github.com/Tutitoos/atenea/internal/core/core.go:1288.2,1288.27 1 1
github.com/Tutitoos/atenea/internal/core/core.go:1288.27,1290.3 1 1
github.com/Tutitoos/atenea/internal/core/core.go:1291.2,1291.31 1 1
github.com/Tutitoos/atenea/internal/core/core.go:1295.32,1299.2 3 1
github.com/Tutitoos/atenea/internal/core/core.go:1302.39,1302.71 1 1
github.com/Tutitoos/atenea/internal/core/core.go:1305.33,1305.60 1 1
github.com/Tutitoos/atenea/internal/core/guard.go:31.100,33.56 2 1
github.com/Tutitoos/atenea/internal/core/guard.go:33.56,35.3 1 1
github.com/Tutitoos/atenea/internal/core/guard.go:36.2,38.31 3 0
github.com/Tutitoos/atenea/internal/core/guard.go:64.91,72.56 2 0
github.com/Tutitoos/atenea/internal/core/guard.go:72.56,74.3 1 0
github.com/Tutitoos/atenea/internal/core/guard.go:75.2,77.39 3 0
github.com/Tutitoos/atenea/internal/core/guard.go:82.127,84.53 2 1
github.com/Tutitoos/atenea/internal/core/guard.go:84.53,86.3 1 0
github.com/Tutitoos/atenea/internal/core/guard.go:87.2,87.16 1 1
github.com/Tutitoos/atenea/internal/core/guard.go:93.80,95.28 2 1
github.com/Tutitoos/atenea/internal/core/guard.go:95.28,97.3 1 0
github.com/Tutitoos/atenea/internal/core/guard.go:98.2,98.40 1 1
github.com/Tutitoos/atenea/internal/core/guard.go:98.40,101.3 1 0
github.com/Tutitoos/atenea/internal/core/guard.go:102.2,102.98 1 1
github.com/Tutitoos/atenea/internal/core/guard.go:110.73,112.52 2 1
github.com/Tutitoos/atenea/internal/core/guard.go:112.52,114.3 1 1
github.com/Tutitoos/atenea/internal/core/guard.go:115.2,115.54 1 1
github.com/Tutitoos/atenea/internal/core/guard.go:115.54,117.17 2 0
github.com/Tutitoos/atenea/internal/core/guard.go:117.17,119.4 1 0
github.com/Tutitoos/atenea/internal/core/guard.go:120.3,120.34 1 0
github.com/Tutitoos/atenea/internal/core/guard.go:122.2,122.63 1 1
github.com/Tutitoos/atenea/internal/core/guard.go:122.63,124.3 1 0
github.com/Tutitoos/atenea/internal/core/guard.go:125.2,125.55 1 1
github.com/Tutitoos/atenea/internal/core/guard.go:125.55,127.17 2 0
github.com/Tutitoos/atenea/internal/core/guard.go:127.17,129.4 1 0
github.com/Tutitoos/atenea/internal/core/guard.go:130.3,130.34 1 0
github.com/Tutitoos/atenea/internal/core/guard.go:132.2,132.21 1 1
github.com/Tutitoos/atenea/internal/core/guard.go:132.21,134.3 1 1
github.com/Tutitoos/atenea/internal/core/guard.go:135.2,135.33 1 1
github.com/Tutitoos/atenea/internal/core/guard.go:142.69,158.2 1 0
github.com/Tutitoos/atenea/internal/core/guard.go:168.90,169.48 1 1
github.com/Tutitoos/atenea/internal/core/guard.go:169.48,171.3 1 1
github.com/Tutitoos/atenea/internal/core/guard.go:177.2,178.29 2 1
github.com/Tutitoos/atenea/internal/core/guard.go:178.29,180.30 2 1
github.com/Tutitoos/atenea/internal/core/guard.go:180.30,181.40 1 1
github.com/Tutitoos/atenea/internal/core/guard.go:181.40,183.13 2 1
github.com/Tutitoos/atenea/internal/core/guard.go:185.4,185.17 1 1
github.com/Tutitoos/atenea/internal/core/guard.go:187.3,187.72 1 1
github.com/Tutitoos/atenea/internal/core/guard.go:189.2,189.14 1 1
github.com/Tutitoos/atenea/internal/core/guard.go:196.45,198.2 1 1
github.com/Tutitoos/atenea/internal/core/guard.go:205.84,221.2 1 1
github.com/Tutitoos/atenea/internal/core/guard.go:230.87,231.48 1 0
github.com/Tutitoos/atenea/internal/core/guard.go:231.48,235.3 1 0
github.com/Tutitoos/atenea/internal/core/guard.go:236.2,236.68 1 0
github.com/Tutitoos/atenea/internal/core/guard.go:250.68,265.2 1 0
github.com/Tutitoos/atenea/internal/core/guard.go:272.88,273.48 1 0
github.com/Tutitoos/atenea/internal/core/guard.go:273.48,277.3 1 0
github.com/Tutitoos/atenea/internal/core/guard.go:278.2,278.69 1 0
github.com/Tutitoos/atenea/internal/core/guard.go:284.32,285.24 1 1
github.com/Tutitoos/atenea/internal/core/guard.go:285.24,287.3 1 1
github.com/Tutitoos/atenea/internal/core/mcp.go:68.32,69.22 1 1
github.com/Tutitoos/atenea/internal/core/mcp.go:69.22,72.3 2 1
github.com/Tutitoos/atenea/internal/core/mcp.go:76.83,80.72 1 1
github.com/Tutitoos/atenea/internal/core/mcp.go:80.72,82.3 1 1
github.com/Tutitoos/atenea/internal/core/mcp.go:83.2,84.31 2 1
github.com/Tutitoos/atenea/internal/core/mcp.go:84.31,87.3 2 1
github.com/Tutitoos/atenea/internal/core/mcp.go:88.2,88.20 1 1
github.com/Tutitoos/atenea/internal/core/mcp.go:89.20,90.31 1 1
github.com/Tutitoos/atenea/internal/core/mcp.go:91.20,93.41 2 1
github.com/Tutitoos/atenea/internal/core/mcp.go:94.24,96.41 2 1
github.com/Tutitoos/atenea/internal/core/mcp.go:97.23,99.41 2 1
github.com/Tutitoos/atenea/internal/core/mcp.go:100.23,102.41 2 1
github.com/Tutitoos/atenea/internal/core/mcp.go:103.10,104.90 1 1
github.com/Tutitoos/atenea/internal/core/mcp.go:106.2,106.12 1 1
github.com/Tutitoos/atenea/internal/core/mcp.go:115.90,117.18 2 1
github.com/Tutitoos/atenea/internal/core/mcp.go:117.18,118.54 1 1
github.com/Tutitoos/atenea/internal/core/mcp.go:118.54,120.4 1 1
github.com/Tutitoos/atenea/internal/core/mcp.go:122.2,123.16 2 1
github.com/Tutitoos/atenea/internal/core/mcp.go:123.16,125.3 1 0
github.com/Tutitoos/atenea/internal/core/mcp.go:126.2,126.17 1 1
github.com/Tutitoos/atenea/internal/core/mcp.go:161.73,163.18 2 1
github.com/Tutitoos/atenea/internal/core/mcp.go:163.18,164.54 1 1
github.com/Tutitoos/atenea/internal/core/mcp.go:164.54,166.4 1 0
github.com/Tutitoos/atenea/internal/core/mcp.go:168.2,169.16 2 1
github.com/Tutitoos/atenea/internal/core/mcp.go:169.16,171.3 1 0
github.com/Tutitoos/atenea/internal/core/mcp.go:176.2,177.70 2 1
github.com/Tutitoos/atenea/internal/core/mcp.go:177.70,179.29 2 1
github.com/Tutitoos/atenea/internal/core/mcp.go:179.29,181.18 2 1
github.com/Tutitoos/atenea/internal/core/mcp.go:181.18,184.5 1 1
github.com/Tutitoos/atenea/internal/core/mcp.go:185.4,185.33 1 1
github.com/Tutitoos/atenea/internal/core/mcp.go:191.2,193.16 3 1
github.com/Tutitoos/atenea/internal/core/mcp.go:193.16,195.63 2 1
github.com/Tutitoos/atenea/internal/core/mcp.go:195.63,197.4 1 1
github.com/Tutitoos/atenea/internal/core/mcp.go:198.3,198.81 1 1
github.com/Tutitoos/atenea/internal/core/mcp.go:200.2,206.41 3 1
github.com/Tutitoos/atenea/internal/core/mcp.go:206.41,208.3 1 1
github.com/Tutitoos/atenea/internal/core/mcp.go:210.2,230.8 1 1
github.com/Tutitoos/atenea/internal/core/mcp.go:238.72,239.22 1 1
github.com/Tutitoos/atenea/internal/core/mcp.go:239.22,241.3 1 1
github.com/Tutitoos/atenea/internal/core/mcp.go:242.2,245.41 4 1
github.com/Tutitoos/atenea/internal/core/mcp.go:245.41,249.61 1 1
github.com/Tutitoos/atenea/internal/core/mcp.go:249.61,251.4 1 1
github.com/Tutitoos/atenea/internal/core/mcp.go:252.3,252.30 1 1
github.com/Tutitoos/atenea/internal/core/mcp.go:254.2,254.42 1 1
github.com/Tutitoos/atenea/internal/core/mcp.go:254.42,256.17 2 1
github.com/Tutitoos/atenea/internal/core/mcp.go:256.17,259.4 1 0
github.com/Tutitoos/atenea/internal/core/mcp.go:260.3,261.17 2 1
github.com/Tutitoos/atenea/internal/core/mcp.go:261.17,264.4 1 0
github.com/Tutitoos/atenea/internal/core/mcp.go:265.3,270.5 1 1
github.com/Tutitoos/atenea/internal/core/mcp.go:279.2,279.63 1 1
github.com/Tutitoos/atenea/internal/core/mcp.go:279.63,287.17 4 1
github.com/Tutitoos/atenea/internal/core/mcp.go:287.17,288.12 1 1
github.com/Tutitoos/atenea/internal/core/mcp.go:290.3,290.32 1 1
github.com/Tutitoos/atenea/internal/core/mcp.go:290.32,299.33 2 1
github.com/Tutitoos/atenea/internal/core/mcp.go:299.33,301.5 1 1
github.com/Tutitoos/atenea/internal/core/mcp.go:301.10,303.5 1 0
github.com/Tutitoos/atenea/internal/core/mcp.go:304.4,304.32 1 1
github.com/Tutitoos/atenea/internal/core/mcp.go:307.2,307.44 1 1
github.com/Tutitoos/atenea/internal/core/mcp.go:315.70,318.29 3 1
github.com/Tutitoos/atenea/internal/core/mcp.go:318.29,320.3 1 1
github.com/Tutitoos/atenea/internal/core/mcp.go:321.2,323.19 2 1
github.com/Tutitoos/atenea/internal/core/mcp.go:323.19,325.3 1 0
github.com/Tutitoos/atenea/internal/core/mcp.go:327.2,328.16 2 1
github.com/Tutitoos/atenea/internal/core/mcp.go:328.16,330.3 1 0
github.com/Tutitoos/atenea/internal/core/mcp.go:331.2,333.23 3 1
github.com/Tutitoos/atenea/internal/core/mcp.go:333.23,335.3 1 0
github.com/Tutitoos/atenea/internal/core/mcp.go:336.2,345.18 3 1
github.com/Tutitoos/atenea/internal/core/mcp.go:345.18,347.50 2 0
github.com/Tutitoos/atenea/internal/core/mcp.go:347.50,349.34 2 0
github.com/Tutitoos/atenea/internal/core/mcp.go:349.34,351.5 1 0
github.com/Tutitoos/atenea/internal/core/mcp.go:353.3,353.66 1 0
github.com/Tutitoos/atenea/internal/core/mcp.go:355.2,355.12 1 1
github.com/Tutitoos/atenea/internal/core/mcp.go:370.93,371.22 1 1
github.com/Tutitoos/atenea/internal/core/mcp.go:371.22,373.3 1 0
github.com/Tutitoos/atenea/internal/core/mcp.go:374.2,375.53 2 1
github.com/Tutitoos/atenea/internal/core/mcp.go:375.53,377.3 1 0
github.com/Tutitoos/atenea/internal/core/mcp.go:383.2,383.60 1 1
github.com/Tutitoos/atenea/internal/core/mcp.go:383.60,385.3 1 1
github.com/Tutitoos/atenea/internal/core/mcp.go:386.2,386.41 1 1
github.com/Tutitoos/atenea/internal/core/mcp.go:386.41,388.3 1 1
github.com/Tutitoos/atenea/internal/core/mcp.go:389.2,389.21 1 1
github.com/Tutitoos/atenea/internal/core/mcp.go:390.26,391.49 1 1
github.com/Tutitoos/atenea/internal/core/mcp.go:392.26,393.49 1 0
github.com/Tutitoos/atenea/internal/core/mcp.go:395.2,396.16 2 1
github.com/Tutitoos/atenea/internal/core/mcp.go:396.16,400.3 1 1
github.com/Tutitoos/atenea/internal/core/mcp.go:402.2,403.20 2 1
github.com/Tutitoos/atenea/internal/core/mcp.go:403.20,405.3 1 0
github.com/Tutitoos/atenea/internal/core/mcp.go:409.2,413.22 4 1
github.com/Tutitoos/atenea/internal/core/mcp.go:413.22,415.22 2 1
github.com/Tutitoos/atenea/internal/core/mcp.go:415.22,418.4 1 0
github.com/Tutitoos/atenea/internal/core/mcp.go:419.3,419.27 1 1
github.com/Tutitoos/atenea/internal/core/mcp.go:422.2,427.19 2 1
github.com/Tutitoos/atenea/internal/core/mcp.go:427.19,429.3 1 1
github.com/Tutitoos/atenea/internal/core/mcp.go:430.2,431.9 2 1
github.com/Tutitoos/atenea/internal/core/mcp.go:431.9,433.3 1 0
github.com/Tutitoos/atenea/internal/core/mcp.go:437.2,438.16 2 1
github.com/Tutitoos/atenea/internal/core/mcp.go:438.16,440.3 1 0
github.com/Tutitoos/atenea/internal/core/mcp.go:441.2,445.8 1 1
github.com/Tutitoos/atenea/internal/core/mcp.go:457.115,459.9 2 1
github.com/Tutitoos/atenea/internal/core/mcp.go:459.9,462.3 1 1
github.com/Tutitoos/atenea/internal/core/mcp.go:463.2,474.52 3 1
github.com/Tutitoos/atenea/internal/core/mcp.go:474.52,477.3 2 1
github.com/Tutitoos/atenea/internal/core/mcp.go:478.2,484.16 4 1
github.com/Tutitoos/atenea/internal/core/mcp.go:484.16,489.3 1 1
github.com/Tutitoos/atenea/internal/core/mcp.go:494.2,495.53 2 1
github.com/Tutitoos/atenea/internal/core/mcp.go:495.53,498.3 1 0
github.com/Tutitoos/atenea/internal/core/mcp.go:499.2,499.17 1 1
github.com/Tutitoos/atenea/internal/core/mcp.go:503.67,504.45 1 1
github.com/Tutitoos/atenea/internal/core/mcp.go:504.45,506.3 1 0
github.com/Tutitoos/atenea/internal/core/mcp.go:507.2,508.46 2 1
github.com/Tutitoos/atenea/internal/core/mcp.go:508.46,510.3 1 0
github.com/Tutitoos/atenea/internal/core/mcp.go:511.2,511.34 1 1
github.com/Tutitoos/atenea/internal/core/mcp.go:515.52,516.19 1 0
github.com/Tutitoos/atenea/internal/core/mcp.go:516.19,518.3 1 0
github.com/Tutitoos/atenea/internal/core/mcp.go:519.2,519.36 1 0
github.com/Tutitoos/atenea/internal/core/mcp.go:519.36,520.25 1 0
github.com/Tutitoos/atenea/internal/core/mcp.go:520.25,522.4 1 0
github.com/Tutitoos/atenea/internal/core/mcp.go:524.2,524.28 1 0
github.com/Tutitoos/atenea/internal/core/mcp.go:524.28,526.3 1 0
github.com/Tutitoos/atenea/internal/core/mcp.go:527.2,527.81 1 0
github.com/Tutitoos/atenea/internal/core/mcp.go:530.49,535.2 1 1
github.com/Tutitoos/atenea/internal/core/mcp.go:539.58,551.2 1 1
github.com/Tutitoos/atenea/internal/core/mcp.go:556.60,559.29 3 1
github.com/Tutitoos/atenea/internal/core/mcp.go:559.29,561.17 2 1
github.com/Tutitoos/atenea/internal/core/mcp.go:561.17,563.4 1 0
github.com/Tutitoos/atenea/internal/core/mcp.go:564.3,569.5 1 1
github.com/Tutitoos/atenea/internal/core/mcp.go:571.2,571.60 1 1
github.com/Tutitoos/atenea/internal/core/mcp.go:577.57,579.16 2 1
github.com/Tutitoos/atenea/internal/core/mcp.go:579.16,581.3 1 0
github.com/Tutitoos/atenea/internal/core/mcp.go:582.2,586.8 1 1
github.com/Tutitoos/atenea/internal/core/mcp.go:594.33,597.2 1 1
github.com/Tutitoos/atenea/internal/core/session.go:73.49,74.52 1 1
github.com/Tutitoos/atenea/internal/core/session.go:74.52,76.3 1 1
github.com/Tutitoos/atenea/internal/core/session.go:77.2,77.68 1 1
github.com/Tutitoos/atenea/internal/core/session.go:85.60,90.36 2 1
github.com/Tutitoos/atenea/internal/core/session.go:90.36,91.27 1 1
github.com/Tutitoos/atenea/internal/core/session.go:91.27,94.4 1 1
github.com/Tutitoos/atenea/internal/core/session.go:96.2,108.23 4 1
github.com/Tutitoos/atenea/internal/core/session.go:108.23,113.37 1 1
github.com/Tutitoos/atenea/internal/core/session.go:113.37,118.37 1 1
github.com/Tutitoos/atenea/internal/core/session.go:118.37,119.13 1 1
github.com/Tutitoos/atenea/internal/core/session.go:121.4,121.38 1 1
github.com/Tutitoos/atenea/internal/core/session.go:121.38,124.5 1 1
github.com/Tutitoos/atenea/internal/core/session.go:126.3,131.38 2 1
github.com/Tutitoos/atenea/internal/core/session.go:133.2,133.37 1 1
github.com/Tutitoos/atenea/internal/core/session.go:133.37,134.43 1 1
github.com/Tutitoos/atenea/internal/core/session.go:134.43,137.4 1 1
github.com/Tutitoos/atenea/internal/core/session.go:139.2,140.22 2 1
github.com/Tutitoos/atenea/internal/core/session.go:140.22,142.3 1 1
github.com/Tutitoos/atenea/internal/core/session.go:144.2,146.16 3 1
github.com/Tutitoos/atenea/internal/core/session.go:146.16,148.3 1 1
github.com/Tutitoos/atenea/internal/core/session.go:149.2,150.14 2 1
github.com/Tutitoos/atenea/internal/core/session.go:150.14,152.3 1 1
github.com/Tutitoos/atenea/internal/core/session.go:153.2,153.39 1 1
github.com/Tutitoos/atenea/internal/core/session.go:153.39,158.3 1 1
github.com/Tutitoos/atenea/internal/core/session.go:159.2,169.21 3 1
github.com/Tutitoos/atenea/internal/core/session.go:174.33,178.2 3 1
github.com/Tutitoos/atenea/internal/core/session.go:182.38,186.37 4 1
github.com/Tutitoos/atenea/internal/core/session.go:186.37,188.3 1 1
github.com/Tutitoos/atenea/internal/core/session.go:189.2,189.47 1 1
github.com/Tutitoos/atenea/internal/core/session.go:189.47,190.56 1 1
github.com/Tutitoos/atenea/internal/core/session.go:190.56,192.4 1 1
github.com/Tutitoos/atenea/internal/core/session.go:193.3,193.33 1 0
github.com/Tutitoos/atenea/internal/core/session.go:195.2,195.12 1 1
github.com/Tutitoos/atenea/internal/core/session.go:199.31,199.46 1 1
github.com/Tutitoos/atenea/internal/core/session.go:202.35,202.54 1 1
github.com/Tutitoos/atenea/internal/core/session.go:205.38,205.57 1 1
github.com/Tutitoos/atenea/internal/core/session.go:208.32,208.56 1 1
github.com/Tutitoos/atenea/internal/core/session.go:211.45,211.77 1 1
github.com/Tutitoos/atenea/internal/core/session.go:214.53,214.86 1 1
github.com/Tutitoos/atenea/internal/core/session.go:217.55,221.2 1 1
github.com/Tutitoos/atenea/internal/core/session.go:224.59,226.2 1 1
github.com/Tutitoos/atenea/internal/core/session.go:229.27,229.49 1 1
github.com/Tutitoos/atenea/internal/core/session.go:238.97,239.49 1 1
github.com/Tutitoos/atenea/internal/core/session.go:239.49,241.3 1 1
github.com/Tutitoos/atenea/internal/core/session.go:242.2,251.20 6 1
github.com/Tutitoos/atenea/internal/core/session.go:267.99,268.46 1 1
github.com/Tutitoos/atenea/internal/core/session.go:268.46,270.3 1 1
github.com/Tutitoos/atenea/internal/core/session.go:271.2,276.20 6 1
github.com/Tutitoos/atenea/internal/core/session.go:290.61,291.33 1 1
github.com/Tutitoos/atenea/internal/core/session.go:291.33,292.24 1 1
github.com/Tutitoos/atenea/internal/core/session.go:292.24,295.4 1 1
github.com/Tutitoos/atenea/internal/core/session.go:297.2,297.12 1 1
github.com/Tutitoos/atenea/internal/core/session.go:307.53,308.19 1 1
github.com/Tutitoos/atenea/internal/core/session.go:308.19,310.3 1 1
github.com/Tutitoos/atenea/internal/core/session.go:311.2,311.53 1 1
github.com/Tutitoos/atenea/internal/core/session.go:319.77,321.34 2 1
github.com/Tutitoos/atenea/internal/core/session.go:321.34,322.31 1 1
github.com/Tutitoos/atenea/internal/core/session.go:322.31,324.4 1 1
github.com/Tutitoos/atenea/internal/core/session.go:326.2,326.12 1 1
github.com/Tutitoos/atenea/internal/core/session.go:333.41,334.19 1 1
github.com/Tutitoos/atenea/internal/core/session.go:334.19,336.3 1 1
github.com/Tutitoos/atenea/internal/core/session.go:337.2,337.23 1 1
github.com/Tutitoos/atenea/internal/core/session.go:337.23,339.3 1 1
github.com/Tutitoos/atenea/internal/core/session.go:340.2,340.26 1 0
github.com/Tutitoos/atenea/internal/core/session.go:354.47,357.2 2 1
github.com/Tutitoos/atenea/internal/core/socket.go:34.26,36.2 1 1
github.com/Tutitoos/atenea/internal/core/socket.go:107.48,108.23 1 1
github.com/Tutitoos/atenea/internal/core/socket.go:108.23,111.3 1 1
github.com/Tutitoos/atenea/internal/core/socket.go:112.2,113.16 2 1
github.com/Tutitoos/atenea/internal/core/socket.go:113.16,114.35 1 0
github.com/Tutitoos/atenea/internal/core/socket.go:114.35,117.4 1 0
github.com/Tutitoos/atenea/internal/core/socket.go:118.3,118.93 1 0
github.com/Tutitoos/atenea/internal/core/socket.go:120.2,123.22 4 1
github.com/Tutitoos/atenea/internal/core/socket.go:132.68,133.6 1 1
github.com/Tutitoos/atenea/internal/core/socket.go:133.6,135.17 2 1
github.com/Tutitoos/atenea/internal/core/socket.go:135.17,138.4 1 1
github.com/Tutitoos/atenea/internal/core/socket.go:139.3,140.13 2 1
github.com/Tutitoos/atenea/internal/core/socket.go:140.13,143.4 2 1
github.com/Tutitoos/atenea/internal/core/socket.go:148.59,153.12 3 1
github.com/Tutitoos/atenea/internal/core/socket.go:153.12,154.10 1 1
github.com/Tutitoos/atenea/internal/core/socket.go:155.21,156.20 1 1
github.com/Tutitoos/atenea/internal/core/socket.go:157.15,157.15 0 1
github.com/Tutitoos/atenea/internal/core/socket.go:160.2,160.15 1 1
github.com/Tutitoos/atenea/internal/core/socket.go:160.15,160.35 1 1
github.com/Tutitoos/atenea/internal/core/socket.go:162.2,170.19 6 1
github.com/Tutitoos/atenea/internal/core/socket.go:170.19,172.61 2 1
github.com/Tutitoos/atenea/internal/core/socket.go:172.61,176.4 2 1
github.com/Tutitoos/atenea/internal/core/socket.go:177.3,177.55 1 1
github.com/Tutitoos/atenea/internal/core/socket.go:177.55,179.4 1 1
github.com/Tutitoos/atenea/internal/core/socket.go:188.30,192.21 4 1
github.com/Tutitoos/atenea/internal/core/socket.go:192.21,194.3 1 1
github.com/Tutitoos/atenea/internal/core/socket.go:195.2,196.16 2 1
github.com/Tutitoos/atenea/internal/core/socket.go:213.29,215.16 2 1
github.com/Tutitoos/atenea/internal/core/socket.go:215.16,217.3 1 1
github.com/Tutitoos/atenea/internal/core/socket.go:218.2,218.15 1 1
github.com/Tutitoos/atenea/internal/core/socket.go:218.15,218.35 1 1
github.com/Tutitoos/atenea/internal/core/socket.go:219.2,219.69 1 1
github.com/Tutitoos/atenea/internal/core/socket.go:219.69,221.3 1 0
github.com/Tutitoos/atenea/internal/core/socket.go:223.2,225.17 1 1
github.com/Tutitoos/atenea/internal/core/socket.go:225.17,227.3 1 0
github.com/Tutitoos/atenea/internal/core/socket.go:228.2,232.79 2 1
github.com/Tutitoos/atenea/internal/core/socket.go:232.79,234.3 1 0
github.com/Tutitoos/atenea/internal/core/socket.go:235.2,235.25 1 1
github.com/Tutitoos/atenea/internal/core/socket.go:248.76,250.16 2 0
github.com/Tutitoos/atenea/internal/core/socket.go:250.16,252.3 1 0
github.com/Tutitoos/atenea/internal/core/socket.go:253.2,253.15 1 0
github.com/Tutitoos/atenea/internal/core/socket.go:253.15,253.35 1 0
github.com/Tutitoos/atenea/internal/core/socket.go:257.2,258.9 2 0
github.com/Tutitoos/atenea/internal/core/socket.go:258.9,260.3 1 0
github.com/Tutitoos/atenea/internal/core/socket.go:261.2,261.51 1 0
github.com/Tutitoos/atenea/internal/core/socket.go:261.51,263.3 1 0
github.com/Tutitoos/atenea/internal/core/socket.go:265.2,266.16 2 0
github.com/Tutitoos/atenea/internal/core/socket.go:266.16,268.3 1 0
github.com/Tutitoos/atenea/internal/core/socket.go:269.2,271.17 1 0
github.com/Tutitoos/atenea/internal/core/socket.go:271.17,273.3 1 0
github.com/Tutitoos/atenea/internal/core/socket.go:274.2,278.79 2 0
github.com/Tutitoos/atenea/internal/core/socket.go:278.79,280.3 1 0
github.com/Tutitoos/atenea/internal/core/socket.go:281.2,281.25 1 0
github.com/Tutitoos/atenea/internal/core/startup.go:48.32,50.2 1 1
github.com/Tutitoos/atenea/internal/core/startup.go:53.36,54.15 1 1
github.com/Tutitoos/atenea/internal/core/startup.go:54.15,56.3 1 0
github.com/Tutitoos/atenea/internal/core/startup.go:57.2,58.26 2 1
github.com/Tutitoos/atenea/internal/core/startup.go:58.26,60.3 1 0
github.com/Tutitoos/atenea/internal/core/startup.go:61.2,61.12 1 1
github.com/Tutitoos/atenea/internal/core/startup.go:84.36,87.9 3 1
github.com/Tutitoos/atenea/internal/core/startup.go:88.39,91.31 1 1
github.com/Tutitoos/atenea/internal/core/startup.go:92.18,94.47 1 0
github.com/Tutitoos/atenea/internal/core/startup.go:96.2,96.21 1 1
github.com/Tutitoos/atenea/internal/core/startup.go:100.65,102.16 2 1
github.com/Tutitoos/atenea/internal/core/startup.go:102.16,104.3 1 0
github.com/Tutitoos/atenea/internal/core/startup.go:105.2,105.80 1 1
github.com/Tutitoos/atenea/internal/core/startup.go:122.67,124.16 2 1
github.com/Tutitoos/atenea/internal/core/startup.go:124.16,125.69 1 1
github.com/Tutitoos/atenea/internal/core/startup.go:125.69,127.4 1 1
github.com/Tutitoos/atenea/internal/core/startup.go:127.9,127.70 1 0
github.com/Tutitoos/atenea/internal/core/startup.go:127.70,131.4 1 0
github.com/Tutitoos/atenea/internal/core/startup.go:132.3,132.20 1 0
github.com/Tutitoos/atenea/internal/core/startup.go:133.8,133.64 1 0
github.com/Tutitoos/atenea/internal/core/startup.go:133.64,135.3 1 0
github.com/Tutitoos/atenea/internal/core/startup.go:137.2,138.21 2 0
github.com/Tutitoos/atenea/internal/core/startup.go:138.21,142.17 1 0
github.com/Tutitoos/atenea/internal/core/startup.go:142.17,146.4 1 0
github.com/Tutitoos/atenea/internal/core/startup.go:147.3,147.22 1 0
github.com/Tutitoos/atenea/internal/core/startup.go:149.2,150.16 2 0
github.com/Tutitoos/atenea/internal/core/startup.go:150.16,152.3 1 0
github.com/Tutitoos/atenea/internal/core/startup.go:153.2,153.26 1 0
github.com/Tutitoos/atenea/internal/core/startup.go:162.86,163.18 1 1
github.com/Tutitoos/atenea/internal/core/startup.go:163.18,165.3 1 1
github.com/Tutitoos/atenea/internal/core/startup.go:166.2,171.4 1 1
github.com/Tutitoos/atenea/internal/core/startup.go:185.127,188.18 3 1
github.com/Tutitoos/atenea/internal/core/startup.go:188.18,198.65 1 1
github.com/Tutitoos/atenea/internal/core/startup.go:198.65,205.6 2 1
github.com/Tutitoos/atenea/internal/core/startup.go:208.2,208.19 1 1
github.com/Tutitoos/atenea/internal/core/startup.go:208.19,212.63 1 1
github.com/Tutitoos/atenea/internal/core/startup.go:212.63,220.5 2 1
github.com/Tutitoos/atenea/internal/core/startup.go:223.2,223.27 1 1
github.com/Tutitoos/atenea/internal/core/startup.go:232.60,233.19 1 1
github.com/Tutitoos/atenea/internal/core/startup.go:233.19,235.3 1 1
github.com/Tutitoos/atenea/internal/core/startup.go:236.2,242.4 1 1
github.com/Tutitoos/atenea/internal/core/status.go:46.32,47.30 1 1
github.com/Tutitoos/atenea/internal/core/status.go:47.30,49.3 1 0
github.com/Tutitoos/atenea/internal/core/status.go:50.2,50.14 1 1
github.com/Tutitoos/atenea/internal/core/status.go:59.46,60.31 1 1
github.com/Tutitoos/atenea/internal/core/status.go:60.31,62.3 1 1
github.com/Tutitoos/atenea/internal/core/status.go:63.2,63.36 1 1
github.com/Tutitoos/atenea/internal/core/status.go:78.50,80.52 2 1
github.com/Tutitoos/atenea/internal/core/status.go:80.52,81.44 1 1
github.com/Tutitoos/atenea/internal/core/status.go:81.44,82.25 1 1
github.com/Tutitoos/atenea/internal/core/status.go:82.25,85.5 2 1
github.com/Tutitoos/atenea/internal/core/status.go:87.3,87.46 1 1
github.com/Tutitoos/atenea/internal/core/status.go:89.2,90.54 2 1
github.com/Tutitoos/atenea/internal/core/status.go:90.54,92.3 1 1
github.com/Tutitoos/atenea/internal/core/status.go:93.2,93.36 1 1
github.com/Tutitoos/atenea/internal/core/status.go:93.36,95.3 1 1
github.com/Tutitoos/atenea/internal/core/status.go:96.2,97.12 2 1
github.com/Tutitoos/atenea/internal/core/status.go:363.61,365.9 2 1
github.com/Tutitoos/atenea/internal/core/status.go:366.18,370.80 1 1
github.com/Tutitoos/atenea/internal/core/status.go:371.18,372.16 1 0
github.com/Tutitoos/atenea/internal/core/status.go:373.21,374.75 1 1
github.com/Tutitoos/atenea/internal/core/status.go:375.24,377.28 1 1
github.com/Tutitoos/atenea/internal/core/status.go:378.10,379.32 1 0
github.com/Tutitoos/atenea/internal/core/status.go:390.43,393.16 3 1
github.com/Tutitoos/atenea/internal/core/status.go:393.16,396.3 2 0
github.com/Tutitoos/atenea/internal/core/status.go:397.2,398.41 2 1
github.com/Tutitoos/atenea/internal/core/status.go:398.41,400.3 1 1
github.com/Tutitoos/atenea/internal/core/status.go:401.2,401.12 1 1
github.com/Tutitoos/atenea/internal/core/status.go:409.51,409.79 1 0
github.com/Tutitoos/atenea/internal/core/status.go:414.46,414.75 1 1
github.com/Tutitoos/atenea/internal/core/status.go:424.69,425.27 1 0
github.com/Tutitoos/atenea/internal/core/status.go:425.27,427.3 1 0
github.com/Tutitoos/atenea/internal/core/status.go:428.2,428.60 1 0
github.com/Tutitoos/atenea/internal/core/status.go:440.82,441.27 1 0
github.com/Tutitoos/atenea/internal/core/status.go:441.27,443.3 1 0
github.com/Tutitoos/atenea/internal/core/status.go:444.2,444.59 1 0
github.com/Tutitoos/atenea/internal/core/status.go:459.67,460.27 1 1
github.com/Tutitoos/atenea/internal/core/status.go:460.27,462.3 1 1
github.com/Tutitoos/atenea/internal/core/status.go:463.2,465.16 3 1
github.com/Tutitoos/atenea/internal/core/status.go:465.16,467.3 1 0
github.com/Tutitoos/atenea/internal/core/status.go:471.2,472.16 2 1
github.com/Tutitoos/atenea/internal/core/status.go:472.16,474.3 1 0
github.com/Tutitoos/atenea/internal/core/status.go:475.2,475.30 1 1
github.com/Tutitoos/atenea/internal/core/status.go:479.32,504.54 7 1
github.com/Tutitoos/atenea/internal/core/status.go:504.54,509.45 2 1
github.com/Tutitoos/atenea/internal/core/status.go:509.45,511.4 1 1
github.com/Tutitoos/atenea/internal/core/status.go:512.3,513.17 2 1
github.com/Tutitoos/atenea/internal/core/status.go:513.17,515.12 1 0
github.com/Tutitoos/atenea/internal/core/status.go:517.3,518.30 2 1
github.com/Tutitoos/atenea/internal/core/status.go:518.30,525.66 2 1
github.com/Tutitoos/atenea/internal/core/status.go:525.66,526.30 1 1
github.com/Tutitoos/atenea/internal/core/status.go:526.30,528.6 1 1
github.com/Tutitoos/atenea/internal/core/status.go:529.5,529.59 1 1
github.com/Tutitoos/atenea/internal/core/status.go:531.4,531.38 1 1
github.com/Tutitoos/atenea/internal/core/status.go:531.38,533.39 2 1
github.com/Tutitoos/atenea/internal/core/status.go:533.39,535.6 1 1
github.com/Tutitoos/atenea/internal/core/status.go:536.5,536.57 1 1
github.com/Tutitoos/atenea/internal/core/status.go:538.4,539.28 2 1
github.com/Tutitoos/atenea/internal/core/status.go:539.28,541.5 1 1
github.com/Tutitoos/atenea/internal/core/status.go:542.4,549.58 2 1
github.com/Tutitoos/atenea/internal/core/status.go:549.58,551.5 1 1
github.com/Tutitoos/atenea/internal/core/status.go:552.4,552.45 1 1
github.com/Tutitoos/atenea/internal/core/status.go:556.3,556.18 1 1
github.com/Tutitoos/atenea/internal/core/status.go:556.18,558.4 1 1
github.com/Tutitoos/atenea/internal/core/status.go:559.3,559.59 1 1
github.com/Tutitoos/atenea/internal/core/status.go:561.2,563.48 2 1
github.com/Tutitoos/atenea/internal/core/status.go:563.48,572.3 1 1
github.com/Tutitoos/atenea/internal/core/status.go:574.2,574.36 1 1
github.com/Tutitoos/atenea/internal/core/status.go:574.36,581.39 2 1
github.com/Tutitoos/atenea/internal/core/status.go:581.39,583.4 1 1
github.com/Tutitoos/atenea/internal/core/status.go:584.3,584.40 1 1
github.com/Tutitoos/atenea/internal/core/status.go:584.40,586.4 1 1
github.com/Tutitoos/atenea/internal/core/status.go:587.3,587.45 1 1
github.com/Tutitoos/atenea/internal/core/status.go:590.2,594.42 4 1
github.com/Tutitoos/atenea/internal/core/status.go:594.42,600.25 1 1
github.com/Tutitoos/atenea/internal/core/status.go:600.25,602.4 1 0
github.com/Tutitoos/atenea/internal/core/status.go:605.2,606.37 2 1
github.com/Tutitoos/atenea/internal/core/status.go:606.37,608.3 1 1
github.com/Tutitoos/atenea/internal/core/status.go:614.2,617.26 4 1
github.com/Tutitoos/atenea/internal/core/status.go:617.26,619.3 1 1
github.com/Tutitoos/atenea/internal/core/status.go:620.2,621.31 2 1
github.com/Tutitoos/atenea/internal/core/status.go:621.31,627.3 1 1
github.com/Tutitoos/atenea/internal/core/status.go:634.2,634.68 1 1
github.com/Tutitoos/atenea/internal/core/status.go:634.68,636.3 1 1
github.com/Tutitoos/atenea/internal/core/status.go:637.2,637.15 1 1
github.com/Tutitoos/atenea/internal/core/status.go:641.50,644.31 3 1
github.com/Tutitoos/atenea/internal/core/status.go:644.31,651.27 2 1
github.com/Tutitoos/atenea/internal/core/status.go:651.27,653.4 1 0
github.com/Tutitoos/atenea/internal/core/status.go:654.3,654.27 1 1
github.com/Tutitoos/atenea/internal/core/status.go:656.2,656.12 1 1
github.com/Tutitoos/atenea/internal/core/status.go:663.39,670.21 2 1
github.com/Tutitoos/atenea/internal/core/status.go:670.21,672.3 1 1
github.com/Tutitoos/atenea/internal/core/status.go:673.2,674.16 2 1
github.com/Tutitoos/atenea/internal/core/status.go:674.16,677.3 2 0
github.com/Tutitoos/atenea/internal/core/status.go:678.2,679.20 2 1
github.com/Tutitoos/atenea/internal/core/status.go:679.20,681.3 1 1
github.com/Tutitoos/atenea/internal/core/status.go:682.2,682.12 1 1
github.com/Tutitoos/atenea/internal/core/status.go:689.48,690.24 1 1
github.com/Tutitoos/atenea/internal/core/status.go:690.24,692.3 1 1
github.com/Tutitoos/atenea/internal/core/status.go:693.2,695.25 3 1
github.com/Tutitoos/atenea/internal/core/status.go:695.25,707.3 1 1
github.com/Tutitoos/atenea/internal/core/status.go:708.2,708.12 1 1
github.com/Tutitoos/atenea/internal/core/status.go:722.36,723.37 1 1
github.com/Tutitoos/atenea/internal/core/status.go:723.37,725.3 1 1
github.com/Tutitoos/atenea/internal/core/status.go:726.2,727.30 2 1
github.com/Tutitoos/atenea/internal/core/status.go:727.30,729.3 1 0
github.com/Tutitoos/atenea/internal/core/status.go:730.2,730.39 1 1
github.com/Tutitoos/atenea/internal/core/status.go:734.56,746.54 5 1
github.com/Tutitoos/atenea/internal/core/status.go:746.54,748.3 1 0
github.com/Tutitoos/atenea/internal/core/status.go:749.2,749.52 1 1
github.com/Tutitoos/atenea/internal/core/status.go:749.52,751.3 1 1
github.com/Tutitoos/atenea/internal/core/status.go:752.2,752.37 1 1
github.com/Tutitoos/atenea/internal/core/status.go:752.37,754.3 1 1
github.com/Tutitoos/atenea/internal/core/status.go:755.2,755.27 1 1
github.com/Tutitoos/atenea/internal/core/status.go:755.27,757.3 1 0
github.com/Tutitoos/atenea/internal/core/status.go:758.2,758.25 1 1
github.com/Tutitoos/atenea/internal/core/status.go:758.25,763.3 2 1
github.com/Tutitoos/atenea/internal/core/status.go:765.2,765.35 1 1
github.com/Tutitoos/atenea/internal/core/status.go:765.35,767.60 2 1
github.com/Tutitoos/atenea/internal/core/status.go:767.60,769.4 1 0
github.com/Tutitoos/atenea/internal/core/status.go:771.2,772.54 2 1
github.com/Tutitoos/atenea/internal/core/status.go:772.54,774.17 2 1
github.com/Tutitoos/atenea/internal/core/status.go:774.17,775.12 1 0
github.com/Tutitoos/atenea/internal/core/status.go:777.3,777.30 1 1
github.com/Tutitoos/atenea/internal/core/status.go:777.30,778.25 1 1
github.com/Tutitoos/atenea/internal/core/status.go:778.25,780.5 1 1
github.com/Tutitoos/atenea/internal/core/status.go:780.10,782.5 1 1
github.com/Tutitoos/atenea/internal/core/status.go:785.2,787.26 3 1
github.com/Tutitoos/atenea/internal/core/status.go:787.26,790.3 1 0
github.com/Tutitoos/atenea/internal/core/status.go:790.8,790.37 1 1
github.com/Tutitoos/atenea/internal/core/status.go:790.37,792.3 1 1
github.com/Tutitoos/atenea/internal/core/status.go:793.2,793.12 1 1
github.com/Tutitoos/atenea/internal/core/status.go:797.53,798.35 1 1
github.com/Tutitoos/atenea/internal/core/status.go:798.35,799.38 1 1
github.com/Tutitoos/atenea/internal/core/status.go:799.38,801.4 1 1
github.com/Tutitoos/atenea/internal/core/status.go:803.2,803.14 1 1
github.com/Tutitoos/atenea/internal/core/status.go:819.49,820.35 1 1
github.com/Tutitoos/atenea/internal/core/status.go:820.35,822.3 1 1
github.com/Tutitoos/atenea/internal/core/status.go:823.2,823.19 1 1
github.com/Tutitoos/atenea/internal/core/status.go:826.30,827.11 1 1
github.com/Tutitoos/atenea/internal/core/status.go:827.11,829.3 1 1
github.com/Tutitoos/atenea/internal/core/status.go:830.2,830.10 1 1
github.com/Tutitoos/atenea/internal/core/status.go:843.49,844.15 1 1
github.com/Tutitoos/atenea/internal/core/status.go:845.56,846.20 1 1
github.com/Tutitoos/atenea/internal/core/status.go:847.10,848.20 1 1
github.com/Tutitoos/atenea/internal/core/workflow.go:31.57,65.2 1 1
github.com/Tutitoos/atenea/internal/core/workflow.go:69.98,71.35 2 1
github.com/Tutitoos/atenea/internal/core/workflow.go:71.35,74.3 1 0
github.com/Tutitoos/atenea/internal/core/workflow.go:75.2,76.16 2 1
github.com/Tutitoos/atenea/internal/core/workflow.go:76.16,78.3 1 0
github.com/Tutitoos/atenea/internal/core/workflow.go:79.2,80.16 2 1
github.com/Tutitoos/atenea/internal/core/workflow.go:80.16,82.3 1 0
github.com/Tutitoos/atenea/internal/core/workflow.go:83.2,86.16 3 1
github.com/Tutitoos/atenea/internal/core/workflow.go:86.16,88.3 1 0
github.com/Tutitoos/atenea/internal/core/workflow.go:89.2,90.43 2 1
github.com/Tutitoos/atenea/internal/core/workflow.go:90.43,100.26 2 1
github.com/Tutitoos/atenea/internal/core/workflow.go:100.26,102.4 1 0
github.com/Tutitoos/atenea/internal/core/workflow.go:103.3,103.25 1 1
github.com/Tutitoos/atenea/internal/core/workflow.go:103.25,105.4 1 0
github.com/Tutitoos/atenea/internal/core/workflow.go:106.3,106.31 1 1
github.com/Tutitoos/atenea/internal/core/workflow.go:108.2,120.4 1 1
github.com/Tutitoos/atenea/internal/core/workflow.go:125.98,127.33 2 0
github.com/Tutitoos/atenea/internal/core/workflow.go:127.33,130.3 1 0
github.com/Tutitoos/atenea/internal/core/workflow.go:131.2,132.16 2 0
github.com/Tutitoos/atenea/internal/core/workflow.go:132.16,134.3 1 0
github.com/Tutitoos/atenea/internal/core/workflow.go:135.2,138.18 3 0
github.com/Tutitoos/atenea/internal/core/workflow.go:138.18,140.3 1 0
github.com/Tutitoos/atenea/internal/core/workflow.go:141.2,148.16 3 0
github.com/Tutitoos/atenea/internal/core/workflow.go:148.16,150.3 1 0
github.com/Tutitoos/atenea/internal/core/workflow.go:151.2,151.19 1 0
github.com/Tutitoos/atenea/internal/core/workflow.go:151.19,153.3 1 0
github.com/Tutitoos/atenea/internal/core/workflow.go:154.2,154.24 1 0
github.com/Tutitoos/atenea/internal/core/workflow.go:162.115,164.22 2 1
github.com/Tutitoos/atenea/internal/core/workflow.go:164.22,166.3 1 1
github.com/Tutitoos/atenea/internal/core/workflow.go:167.2,168.94 2 1
github.com/Tutitoos/atenea/internal/trace/trace.go:63.27,63.82 1 0
github.com/Tutitoos/atenea/internal/trace/trace.go:116.26,116.55 1 0
github.com/Tutitoos/atenea/internal/trace/trace.go:119.39,120.14 1 0
github.com/Tutitoos/atenea/internal/trace/trace.go:120.14,122.3 1 0
github.com/Tutitoos/atenea/internal/trace/trace.go:123.2,123.35 1 0
github.com/Tutitoos/atenea/internal/trace/trace.go:138.61,139.35 1 1
github.com/Tutitoos/atenea/internal/trace/trace.go:139.35,141.3 1 0
github.com/Tutitoos/atenea/internal/trace/trace.go:142.2,142.63 1 1
github.com/Tutitoos/atenea/internal/trace/trace.go:142.63,145.3 1 0
github.com/Tutitoos/atenea/internal/trace/trace.go:146.2,151.16 3 1
github.com/Tutitoos/atenea/internal/trace/trace.go:151.16,154.3 1 0
github.com/Tutitoos/atenea/internal/trace/trace.go:155.2,155.44 1 1
github.com/Tutitoos/atenea/internal/trace/trace.go:155.44,159.3 2 0
github.com/Tutitoos/atenea/internal/trace/trace.go:160.2,161.43 2 1
github.com/Tutitoos/atenea/internal/trace/trace.go:161.43,164.3 2 0
github.com/Tutitoos/atenea/internal/trace/trace.go:165.2,165.19 1 1
github.com/Tutitoos/atenea/internal/trace/trace.go:169.31,169.48 1 0
github.com/Tutitoos/atenea/internal/trace/trace.go:172.31,173.29 1 1
github.com/Tutitoos/atenea/internal/trace/trace.go:173.29,175.3 1 0
github.com/Tutitoos/atenea/internal/trace/trace.go:176.2,176.21 1 1
github.com/Tutitoos/atenea/internal/trace/trace.go:220.52,221.57 1 1
github.com/Tutitoos/atenea/internal/trace/trace.go:221.57,223.3 1 0
github.com/Tutitoos/atenea/internal/trace/trace.go:224.2,224.12 1 1
github.com/Tutitoos/atenea/internal/trace/trace.go:237.59,238.37 1 1
github.com/Tutitoos/atenea/internal/trace/trace.go:238.37,240.3 1 1
github.com/Tutitoos/atenea/internal/trace/trace.go:241.2,241.28 1 1
github.com/Tutitoos/atenea/internal/trace/trace.go:241.28,244.3 1 1
github.com/Tutitoos/atenea/internal/trace/trace.go:245.2,246.17 2 1
github.com/Tutitoos/atenea/internal/trace/trace.go:246.17,248.3 1 1
github.com/Tutitoos/atenea/internal/trace/trace.go:249.2,250.17 2 1
github.com/Tutitoos/atenea/internal/trace/trace.go:250.17,252.3 1 1
github.com/Tutitoos/atenea/internal/trace/trace.go:253.2,253.48 1 1
github.com/Tutitoos/atenea/internal/trace/trace.go:253.48,256.3 1 0
github.com/Tutitoos/atenea/internal/trace/trace.go:257.2,257.48 1 1
github.com/Tutitoos/atenea/internal/trace/trace.go:257.48,260.3 1 0
github.com/Tutitoos/atenea/internal/trace/trace.go:261.2,269.16 2 1
github.com/Tutitoos/atenea/internal/trace/trace.go:269.16,272.3 1 0
github.com/Tutitoos/atenea/internal/trace/trace.go:273.2,273.12 1 1
github.com/Tutitoos/atenea/internal/trace/trace.go:283.91,291.16 2 1
github.com/Tutitoos/atenea/internal/trace/trace.go:291.16,294.3 1 0
github.com/Tutitoos/atenea/internal/trace/trace.go:295.2,296.16 2 1
github.com/Tutitoos/atenea/internal/trace/trace.go:296.16,299.3 1 0
github.com/Tutitoos/atenea/internal/trace/trace.go:300.2,300.18 1 1
github.com/Tutitoos/atenea/internal/trace/trace.go:300.18,303.3 1 1
github.com/Tutitoos/atenea/internal/trace/trace.go:304.2,304.12 1 1
github.com/Tutitoos/atenea/internal/trace/trace.go:321.78,323.16 2 1
github.com/Tutitoos/atenea/internal/trace/trace.go:323.16,325.3 1 0
github.com/Tutitoos/atenea/internal/trace/trace.go:326.2,327.27 2 1
github.com/Tutitoos/atenea/internal/trace/trace.go:327.27,328.35 1 1
github.com/Tutitoos/atenea/internal/trace/trace.go:328.35,329.12 1 1
github.com/Tutitoos/atenea/internal/trace/trace.go:331.3,339.17 2 1
github.com/Tutitoos/atenea/internal/trace/trace.go:339.17,342.4 1 0
github.com/Tutitoos/atenea/internal/trace/trace.go:343.3,343.56 1 1
github.com/Tutitoos/atenea/internal/trace/trace.go:343.56,345.4 1 1
github.com/Tutitoos/atenea/internal/trace/trace.go:347.2,347.20 1 1
github.com/Tutitoos/atenea/internal/trace/trace.go:377.68,380.16 3 1
github.com/Tutitoos/atenea/internal/trace/trace.go:380.16,383.3 2 1
github.com/Tutitoos/atenea/internal/trace/trace.go:384.2,384.22 1 1
github.com/Tutitoos/atenea/internal/trace/trace.go:384.22,387.3 2 1
github.com/Tutitoos/atenea/internal/trace/trace.go:388.2,388.46 1 1
github.com/Tutitoos/atenea/internal/trace/trace.go:388.46,391.3 2 1
github.com/Tutitoos/atenea/internal/trace/trace.go:392.2,392.16 1 1
github.com/Tutitoos/atenea/internal/trace/trace.go:392.16,394.3 1 1
github.com/Tutitoos/atenea/internal/trace/trace.go:395.2,395.23 1 1
github.com/Tutitoos/atenea/internal/trace/trace.go:395.23,398.3 2 0
github.com/Tutitoos/atenea/internal/trace/trace.go:399.2,399.21 1 1
github.com/Tutitoos/atenea/internal/trace/trace.go:399.21,402.3 2 0
github.com/Tutitoos/atenea/internal/trace/trace.go:403.2,403.21 1 1
github.com/Tutitoos/atenea/internal/trace/trace.go:403.21,406.3 2 0
github.com/Tutitoos/atenea/internal/trace/trace.go:407.2,408.16 2 1
github.com/Tutitoos/atenea/internal/trace/trace.go:408.16,410.3 1 1
github.com/Tutitoos/atenea/internal/trace/trace.go:411.2,415.20 2 1
github.com/Tutitoos/atenea/internal/trace/trace.go:415.20,417.3 1 1
github.com/Tutitoos/atenea/internal/trace/trace.go:418.2,422.16 4 1
github.com/Tutitoos/atenea/internal/trace/trace.go:422.16,424.3 1 0
github.com/Tutitoos/atenea/internal/trace/trace.go:425.2,425.15 1 1
github.com/Tutitoos/atenea/internal/trace/trace.go:425.15,425.35 1 1
github.com/Tutitoos/atenea/internal/trace/trace.go:427.2,428.18 2 1
github.com/Tutitoos/atenea/internal/trace/trace.go:428.18,430.17 2 1
github.com/Tutitoos/atenea/internal/trace/trace.go:430.17,432.4 1 0
github.com/Tutitoos/atenea/internal/trace/trace.go:433.3,433.25 1 1
github.com/Tutitoos/atenea/internal/trace/trace.go:435.2,435.35 1 1
github.com/Tutitoos/atenea/internal/trace/trace.go:435.35,437.3 1 0
github.com/Tutitoos/atenea/internal/trace/trace.go:438.2,438.17 1 1
github.com/Tutitoos/atenea/internal/trace/trace.go:441.40,455.57 2 1
github.com/Tutitoos/atenea/internal/trace/trace.go:455.57,457.3 1 0
github.com/Tutitoos/atenea/internal/trace/trace.go:458.2,458.62 1 1
github.com/Tutitoos/atenea/internal/trace/trace.go:458.62,460.3 1 1
github.com/Tutitoos/atenea/internal/trace/trace.go:461.2,462.19 2 1
github.com/Tutitoos/atenea/internal/trace/trace.go:462.19,464.3 1 1
github.com/Tutitoos/atenea/internal/trace/trace.go:465.2,465.23 1 1
github.com/Tutitoos/atenea/internal/trace/trace.go:465.23,467.3 1 1
github.com/Tutitoos/atenea/internal/trace/trace.go:468.2,469.22 2 1
github.com/Tutitoos/atenea/internal/trace/trace.go:469.22,471.3 1 1
github.com/Tutitoos/atenea/internal/trace/trace.go:472.2,473.17 2 1
github.com/Tutitoos/atenea/internal/trace/trace.go:476.32,476.75 1 1
github.com/Tutitoos/atenea/internal/trace/trace.go:478.37,480.16 2 1
github.com/Tutitoos/atenea/internal/trace/trace.go:480.16,482.3 1 0
github.com/Tutitoos/atenea/internal/trace/trace.go:483.2,483.16 1 1
github.com/Tutitoos/atenea/internal/trace/trace.go:488.43,489.15 1 1
github.com/Tutitoos/atenea/internal/trace/trace.go:489.15,491.3 1 1
github.com/Tutitoos/atenea/internal/trace/trace.go:492.2,492.24 1 1
github.com/Tutitoos/atenea/internal/trace/trace.go:497.50,498.13 1 1
github.com/Tutitoos/atenea/internal/trace/trace.go:498.13,500.3 1 0
github.com/Tutitoos/atenea/internal/trace/trace.go:501.2,502.16 2 1
github.com/Tutitoos/atenea/internal/trace/trace.go:502.16,504.3 1 0
github.com/Tutitoos/atenea/internal/trace/trace.go:505.2,505.10 1 1
github.com/Tutitoos/atenea/internal/trace/trace.go:508.54,510.16 2 1
github.com/Tutitoos/atenea/internal/trace/trace.go:510.16,512.3 1 1
github.com/Tutitoos/atenea/internal/trace/trace.go:513.2,513.13 1 1
github.com/Tutitoos/atenea/internal/trace/trace.go:529.55,530.21 1 1
github.com/Tutitoos/atenea/internal/trace/trace.go:530.21,532.3 1 1
github.com/Tutitoos/atenea/internal/trace/trace.go:533.2,534.26 2 1
github.com/Tutitoos/atenea/internal/trace/trace.go:534.26,536.3 1 1
github.com/Tutitoos/atenea/internal/trace/trace.go:537.2,538.16 2 1
github.com/Tutitoos/atenea/internal/trace/trace.go:538.16,544.3 1 0
github.com/Tutitoos/atenea/internal/trace/trace.go:545.2,545.20 1 1
github.com/Tutitoos/atenea/internal/trace/trace.go:552.55,553.34 1 1
github.com/Tutitoos/atenea/internal/trace/trace.go:553.34,555.3 1 0
github.com/Tutitoos/atenea/internal/trace/trace.go:556.2,557.59 2 1
github.com/Tutitoos/atenea/internal/trace/trace.go:557.59,559.3 1 0
github.com/Tutitoos/atenea/internal/trace/trace.go:560.2,561.25 2 1
github.com/Tutitoos/atenea/internal/trace/trace.go:561.25,563.17 2 1
github.com/Tutitoos/atenea/internal/trace/trace.go:563.17,564.12 1 0
github.com/Tutitoos/atenea/internal/trace/trace.go:566.3,566.68 1 1
github.com/Tutitoos/atenea/internal/trace/trace.go:568.2,568.12 1 1
github.com/Tutitoos/atenea/internal/wrap/wrap.go:77.50,77.70 1 1
github.com/Tutitoos/atenea/internal/wrap/wrap.go:90.90,93.28 3 1
github.com/Tutitoos/atenea/internal/wrap/wrap.go:93.28,96.3 2 1
github.com/Tutitoos/atenea/internal/wrap/wrap.go:97.2,98.28 2 1
github.com/Tutitoos/atenea/internal/wrap/wrap.go:98.28,100.3 1 1
github.com/Tutitoos/atenea/internal/wrap/wrap.go:103.2,106.24 3 1
github.com/Tutitoos/atenea/internal/wrap/wrap.go:106.24,108.10 2 1
github.com/Tutitoos/atenea/internal/wrap/wrap.go:112.16,113.40 1 1
github.com/Tutitoos/atenea/internal/wrap/wrap.go:114.22,115.48 1 1
github.com/Tutitoos/atenea/internal/wrap/wrap.go:116.11,117.46 1 1
github.com/Tutitoos/atenea/internal/wrap/wrap.go:123.2,126.13 4 1
github.com/Tutitoos/atenea/internal/wrap/wrap.go:129.34,130.42 1 1
github.com/Tutitoos/atenea/internal/wrap/wrap.go:130.42,130.96 1 1
github.com/Tutitoos/atenea/internal/wrap/wrap.go:167.58,170.35 3 1
github.com/Tutitoos/atenea/internal/wrap/wrap.go:170.35,172.18 2 1
github.com/Tutitoos/atenea/internal/wrap/wrap.go:172.18,174.12 2 1
github.com/Tutitoos/atenea/internal/wrap/wrap.go:176.3,176.88 1 1
github.com/Tutitoos/atenea/internal/wrap/wrap.go:179.2,182.16 2 1
github.com/Tutitoos/atenea/internal/wrap/wrap.go:182.16,184.3 1 0
github.com/Tutitoos/atenea/internal/wrap/wrap.go:185.2,185.25 1 1
github.com/Tutitoos/atenea/internal/wrap/wrap.go:217.56,218.28 1 1
github.com/Tutitoos/atenea/internal/wrap/wrap.go:218.28,220.3 1 0
github.com/Tutitoos/atenea/internal/wrap/wrap.go:221.2,223.35 3 1
github.com/Tutitoos/atenea/internal/wrap/wrap.go:223.35,225.18 2 1
github.com/Tutitoos/atenea/internal/wrap/wrap.go:225.18,227.12 2 1
github.com/Tutitoos/atenea/internal/wrap/wrap.go:231.3,233.4 1 0
github.com/Tutitoos/atenea/internal/wrap/wrap.go:235.2,238.16 2 1
github.com/Tutitoos/atenea/internal/wrap/wrap.go:238.16,240.3 1 0
github.com/Tutitoos/atenea/internal/wrap/wrap.go:241.2,241.25 1 1
github.com/Tutitoos/atenea/internal/wrap/wrap.go:246.55,248.16 2 1
github.com/Tutitoos/atenea/internal/wrap/wrap.go:248.16,250.3 1 0
github.com/Tutitoos/atenea/internal/wrap/wrap.go:251.2,251.47 1 1
github.com/Tutitoos/atenea/internal/wrap/wrap.go:266.54,267.28 1 1
github.com/Tutitoos/atenea/internal/wrap/wrap.go:267.28,269.3 1 0
github.com/Tutitoos/atenea/internal/wrap/wrap.go:270.2,271.44 2 1
github.com/Tutitoos/atenea/internal/wrap/wrap.go:271.44,273.3 1 1
github.com/Tutitoos/atenea/internal/wrap/wrap.go:274.2,275.35 2 1
github.com/Tutitoos/atenea/internal/wrap/wrap.go:275.35,277.3 1 1
github.com/Tutitoos/atenea/internal/wrap/wrap.go:278.2,278.18 1 1
github.com/Tutitoos/atenea/internal/wrap/wrap.go:282.42,283.17 1 1
github.com/Tutitoos/atenea/internal/wrap/wrap.go:283.17,285.3 1 1
github.com/Tutitoos/atenea/internal/wrap/wrap.go:286.2,289.24 4 1
github.com/Tutitoos/atenea/internal/wrap/wrap.go:289.24,291.37 2 1
github.com/Tutitoos/atenea/internal/wrap/wrap.go:291.37,292.13 1 1
github.com/Tutitoos/atenea/internal/wrap/wrap.go:292.13,294.5 1 0
github.com/Tutitoos/atenea/internal/wrap/wrap.go:295.4,295.34 1 1
github.com/Tutitoos/atenea/internal/wrap/wrap.go:297.3,297.19 1 1
github.com/Tutitoos/atenea/internal/wrap/wrap.go:299.2,299.20 1 1
github.com/Tutitoos/atenea/internal/wrap/wrap.go:299.20,301.24 2 0
github.com/Tutitoos/atenea/internal/wrap/wrap.go:301.24,303.4 1 0
github.com/Tutitoos/atenea/internal/wrap/wrap.go:306.3,308.26 3 0
github.com/Tutitoos/atenea/internal/wrap/wrap.go:308.26,309.13 1 0
github.com/Tutitoos/atenea/internal/wrap/wrap.go:309.13,311.5 1 0
github.com/Tutitoos/atenea/internal/wrap/wrap.go:312.4,314.39 3 0
github.com/Tutitoos/atenea/internal/wrap/wrap.go:316.3,316.19 1 0
github.com/Tutitoos/atenea/internal/wrap/wrap.go:318.2,319.19 2 1
github.com/Tutitoos/atenea/internal/wrap/wrap.go:328.34,331.22 3 1
github.com/Tutitoos/atenea/internal/wrap/wrap.go:331.22,332.12 1 1
github.com/Tutitoos/atenea/internal/wrap/wrap.go:333.12,334.23 1 1
github.com/Tutitoos/atenea/internal/wrap/wrap.go:335.13,336.23 1 1
github.com/Tutitoos/atenea/internal/wrap/wrap.go:337.13,338.23 1 0
github.com/Tutitoos/atenea/internal/wrap/wrap.go:339.13,340.23 1 0
github.com/Tutitoos/atenea/internal/wrap/wrap.go:341.13,342.23 1 0
github.com/Tutitoos/atenea/internal/wrap/wrap.go:343.13,344.23 1 0
github.com/Tutitoos/atenea/internal/wrap/wrap.go:345.13,346.23 1 0
github.com/Tutitoos/atenea/internal/wrap/wrap.go:347.11,348.29 1 1
github.com/Tutitoos/atenea/internal/wrap/wrap.go:348.29,350.13 2 0
github.com/Tutitoos/atenea/internal/wrap/wrap.go:352.4,352.18 1 1
github.com/Tutitoos/atenea/internal/wrap/wrap.go:355.2,356.19 2 1
github.com/Tutitoos/atenea/internal/wrap/wrap.go:363.31,365.22 2 1
github.com/Tutitoos/atenea/internal/wrap/wrap.go:365.22,366.10 1 1
github.com/Tutitoos/atenea/internal/wrap/wrap.go:367.93,367.93 0 1
github.com/Tutitoos/atenea/internal/wrap/wrap.go:368.11,369.16 1 0
github.com/Tutitoos/atenea/internal/wrap/wrap.go:372.2,372.10 1 1
github.com/Tutitoos/atenea/internal/wrap/wrap.go:372.10,374.3 1 1
github.com/Tutitoos/atenea/internal/wrap/wrap.go:375.2,375.22 1 0
github.com/Tutitoos/atenea/internal/wrap/wrap.go:383.50,385.16 2 1
github.com/Tutitoos/atenea/internal/wrap/wrap.go:385.16,393.3 3 1
github.com/Tutitoos/atenea/internal/wrap/wrap.go:394.2,398.67 3 1
github.com/Tutitoos/atenea/internal/wrap/wrap.go:398.67,399.31 1 1
github.com/Tutitoos/atenea/internal/wrap/wrap.go:399.31,401.4 1 1
github.com/Tutitoos/atenea/internal/wrap/wrap.go:403.2,403.35 1 1
github.com/Tutitoos/atenea/internal/wrap/wrap.go:403.35,406.3 1 1
github.com/Tutitoos/atenea/internal/wrap/wrap.go:407.2,407.34 1 1
github.com/Tutitoos/atenea/internal/wrap/wrap.go:407.34,414.3 2 1
github.com/Tutitoos/atenea/internal/wrap/wrap.go:415.2,415.31 1 1
github.com/Tutitoos/atenea/internal/wrap/wrap.go:415.31,427.16 2 1
github.com/Tutitoos/atenea/internal/wrap/wrap.go:427.16,430.12 2 1
github.com/Tutitoos/atenea/internal/wrap/wrap.go:432.3,433.14 1 1
github.com/Tutitoos/atenea/internal/wrap/wrap.go:443.2,444.24 2 1
github.com/Tutitoos/atenea/internal/wrap/wrap.go:444.24,447.3 2 1
github.com/Tutitoos/atenea/internal/wrap/wrap.go:453.36,455.74 2 1
github.com/Tutitoos/atenea/internal/wrap/wrap.go:455.74,457.3 1 1
github.com/Tutitoos/atenea/internal/wrap/wrap.go:458.2,459.16 2 1
github.com/Tutitoos/atenea/internal/wrap/wrap.go:459.16,461.3 1 0
github.com/Tutitoos/atenea/internal/wrap/wrap.go:462.2,462.45 1 1
github.com/Tutitoos/atenea/pkg/contract/agent.go:39.36,40.39 1 1
github.com/Tutitoos/atenea/pkg/contract/agent.go:40.39,42.3 1 1
github.com/Tutitoos/atenea/pkg/contract/agent.go:43.2,43.18 1 0
github.com/Tutitoos/atenea/pkg/contract/agent.go:47.50,48.42 1 1
github.com/Tutitoos/atenea/pkg/contract/agent.go:48.42,49.66 1 1
github.com/Tutitoos/atenea/pkg/contract/agent.go:49.66,51.4 1 1
github.com/Tutitoos/atenea/pkg/contract/agent.go:53.2,53.80 1 1
github.com/Tutitoos/atenea/pkg/contract/agent.go:88.39,89.42 1 1
github.com/Tutitoos/atenea/pkg/contract/agent.go:89.42,91.3 1 1
github.com/Tutitoos/atenea/pkg/contract/agent.go:92.2,92.18 1 0
github.com/Tutitoos/atenea/pkg/contract/agent.go:96.56,97.45 1 1
github.com/Tutitoos/atenea/pkg/contract/agent.go:97.45,98.66 1 1
github.com/Tutitoos/atenea/pkg/contract/agent.go:98.66,100.4 1 1
github.com/Tutitoos/atenea/pkg/contract/agent.go:102.2,102.85 1 1
github.com/Tutitoos/atenea/pkg/contract/agent.go:125.33,126.31 1 1
github.com/Tutitoos/atenea/pkg/contract/agent.go:126.31,128.3 1 1
github.com/Tutitoos/atenea/pkg/contract/agent.go:129.2,129.32 1 1
github.com/Tutitoos/atenea/pkg/contract/agent.go:129.32,131.3 1 1
github.com/Tutitoos/atenea/pkg/contract/agent.go:132.2,132.42 1 1
github.com/Tutitoos/atenea/pkg/contract/agent.go:132.42,134.3 1 0
github.com/Tutitoos/atenea/pkg/contract/agent.go:135.2,135.40 1 1
github.com/Tutitoos/atenea/pkg/contract/agent.go:135.40,137.3 1 1
github.com/Tutitoos/atenea/pkg/contract/agent.go:138.2,138.30 1 1
github.com/Tutitoos/atenea/pkg/contract/agent.go:138.30,141.3 1 1
github.com/Tutitoos/atenea/pkg/contract/agent.go:142.2,142.36 1 1
github.com/Tutitoos/atenea/pkg/contract/agent.go:142.36,143.36 1 1
github.com/Tutitoos/atenea/pkg/contract/agent.go:143.36,146.4 1 1
github.com/Tutitoos/atenea/pkg/contract/agent.go:148.2,148.34 1 1
github.com/Tutitoos/atenea/pkg/contract/agent.go:148.34,149.34 1 1
github.com/Tutitoos/atenea/pkg/contract/agent.go:149.34,151.4 1 1
github.com/Tutitoos/atenea/pkg/contract/agent.go:152.3,152.45 1 1
github.com/Tutitoos/atenea/pkg/contract/agent.go:152.45,154.4 1 0
github.com/Tutitoos/atenea/pkg/contract/agent.go:156.2,156.12 1 1
github.com/Tutitoos/atenea/pkg/contract/agent.go:161.46,161.90 1 1
github.com/Tutitoos/atenea/pkg/contract/agent.go:164.47,164.101 1 1
github.com/Tutitoos/atenea/pkg/contract/agent.go:167.30,171.2 3 1
github.com/Tutitoos/atenea/pkg/contract/agent.go:215.34,216.37 1 1
github.com/Tutitoos/atenea/pkg/contract/agent.go:216.37,218.3 1 1
github.com/Tutitoos/atenea/pkg/contract/agent.go:219.2,219.18 1 0
github.com/Tutitoos/atenea/pkg/contract/agent.go:224.46,225.40 1 1
github.com/Tutitoos/atenea/pkg/contract/agent.go:225.40,226.52 1 1
github.com/Tutitoos/atenea/pkg/contract/agent.go:226.52,228.4 1 1
github.com/Tutitoos/atenea/pkg/contract/agent.go:230.2,230.79 1 1
github.com/Tutitoos/atenea/pkg/contract/assignment.go:55.32,56.42 1 1
github.com/Tutitoos/atenea/pkg/contract/assignment.go:56.42,58.3 1 0
github.com/Tutitoos/atenea/pkg/contract/assignment.go:59.2,59.42 1 1
github.com/Tutitoos/atenea/pkg/contract/assignment.go:59.42,62.3 1 1
github.com/Tutitoos/atenea/pkg/contract/assignment.go:63.2,63.28 1 1
github.com/Tutitoos/atenea/pkg/contract/assignment.go:63.28,64.33 1 1
github.com/Tutitoos/atenea/pkg/contract/assignment.go:64.33,66.4 1 0
github.com/Tutitoos/atenea/pkg/contract/assignment.go:68.2,68.12 1 1
github.com/Tutitoos/atenea/pkg/contract/assignment.go:72.28,75.2 2 1
github.com/Tutitoos/atenea/pkg/contract/assignment.go:120.34,121.24 1 1
github.com/Tutitoos/atenea/pkg/contract/assignment.go:121.24,124.3 1 0
github.com/Tutitoos/atenea/pkg/contract/assignment.go:125.2,125.21 1 1
github.com/Tutitoos/atenea/pkg/contract/assignment.go:125.21,128.3 1 1
github.com/Tutitoos/atenea/pkg/contract/assignment.go:129.2,129.12 1 1
github.com/Tutitoos/atenea/pkg/contract/assignment.go:138.42,139.40 1 1
github.com/Tutitoos/atenea/pkg/contract/assignment.go:139.40,141.3 1 1
github.com/Tutitoos/atenea/pkg/contract/assignment.go:142.2,142.65 1 1
github.com/Tutitoos/atenea/pkg/contract/assignment.go:166.41,167.33 1 1
github.com/Tutitoos/atenea/pkg/contract/assignment.go:167.33,169.3 1 0
github.com/Tutitoos/atenea/pkg/contract/assignment.go:170.2,170.32 1 1
github.com/Tutitoos/atenea/pkg/contract/assignment.go:170.32,172.3 1 0
github.com/Tutitoos/atenea/pkg/contract/assignment.go:173.2,173.42 1 1
github.com/Tutitoos/atenea/pkg/contract/assignment.go:173.42,175.3 1 0
github.com/Tutitoos/atenea/pkg/contract/assignment.go:176.2,176.24 1 1
github.com/Tutitoos/atenea/pkg/contract/assignment.go:176.24,179.3 1 0
github.com/Tutitoos/atenea/pkg/contract/assignment.go:180.2,180.60 1 1
github.com/Tutitoos/atenea/pkg/contract/assignment.go:189.63,191.2 1 1
github.com/Tutitoos/atenea/pkg/contract/assignment.go:194.69,196.2 1 1
github.com/Tutitoos/atenea/pkg/contract/assignment.go:199.46,202.2 2 0
github.com/Tutitoos/atenea/pkg/contract/assignment.go:314.95,325.2 1 1
github.com/Tutitoos/atenea/pkg/contract/assignment.go:329.38,330.30 1 1
github.com/Tutitoos/atenea/pkg/contract/assignment.go:330.30,332.3 1 0
github.com/Tutitoos/atenea/pkg/contract/assignment.go:333.2,333.31 1 1
github.com/Tutitoos/atenea/pkg/contract/assignment.go:333.31,335.3 1 0
github.com/Tutitoos/atenea/pkg/contract/assignment.go:336.2,336.57 1 1
github.com/Tutitoos/atenea/pkg/contract/assignment.go:336.57,339.3 1 0
github.com/Tutitoos/atenea/pkg/contract/assignment.go:340.2,340.24 1 1
github.com/Tutitoos/atenea/pkg/contract/assignment.go:340.24,342.3 1 0
github.com/Tutitoos/atenea/pkg/contract/assignment.go:343.2,343.32 1 1
github.com/Tutitoos/atenea/pkg/contract/assignment.go:343.32,345.3 1 0
github.com/Tutitoos/atenea/pkg/contract/assignment.go:346.2,346.42 1 1
github.com/Tutitoos/atenea/pkg/contract/assignment.go:346.42,348.3 1 0
github.com/Tutitoos/atenea/pkg/contract/assignment.go:349.2,349.37 1 1
github.com/Tutitoos/atenea/pkg/contract/assignment.go:349.37,352.3 1 0
github.com/Tutitoos/atenea/pkg/contract/assignment.go:353.2,353.42 1 1
github.com/Tutitoos/atenea/pkg/contract/assignment.go:353.42,355.3 1 1
github.com/Tutitoos/atenea/pkg/contract/assignment.go:356.2,356.42 1 1
github.com/Tutitoos/atenea/pkg/contract/assignment.go:356.42,358.3 1 1
github.com/Tutitoos/atenea/pkg/contract/assignment.go:359.2,359.44 1 1
github.com/Tutitoos/atenea/pkg/contract/assignment.go:359.44,361.3 1 0
github.com/Tutitoos/atenea/pkg/contract/assignment.go:362.2,362.22 1 1
github.com/Tutitoos/atenea/pkg/contract/assignment.go:362.22,363.30 1 0
github.com/Tutitoos/atenea/pkg/contract/assignment.go:363.30,366.4 1 0
github.com/Tutitoos/atenea/pkg/contract/assignment.go:367.3,367.46 1 0
github.com/Tutitoos/atenea/pkg/contract/assignment.go:367.46,369.4 1 0
github.com/Tutitoos/atenea/pkg/contract/assignment.go:371.2,371.23 1 1
github.com/Tutitoos/atenea/pkg/contract/assignment.go:371.23,372.47 1 0
github.com/Tutitoos/atenea/pkg/contract/assignment.go:372.47,374.4 1 0
github.com/Tutitoos/atenea/pkg/contract/assignment.go:375.3,375.57 1 0
github.com/Tutitoos/atenea/pkg/contract/assignment.go:375.57,381.4 1 0
github.com/Tutitoos/atenea/pkg/contract/assignment.go:383.2,383.27 1 1
github.com/Tutitoos/atenea/pkg/contract/assignment.go:386.43,387.17 1 1
github.com/Tutitoos/atenea/pkg/contract/assignment.go:387.17,390.3 1 0
github.com/Tutitoos/atenea/pkg/contract/assignment.go:391.2,391.29 1 1
github.com/Tutitoos/atenea/pkg/contract/assignment.go:391.29,394.3 1 1
github.com/Tutitoos/atenea/pkg/contract/assignment.go:395.2,395.38 1 1
github.com/Tutitoos/atenea/pkg/contract/assignment.go:395.38,398.3 1 1
github.com/Tutitoos/atenea/pkg/contract/assignment.go:399.2,399.37 1 1
github.com/Tutitoos/atenea/pkg/contract/assignment.go:399.37,402.3 1 1
github.com/Tutitoos/atenea/pkg/contract/assignment.go:403.2,403.12 1 1
github.com/Tutitoos/atenea/pkg/contract/assignment.go:406.44,407.34 1 1
github.com/Tutitoos/atenea/pkg/contract/assignment.go:407.34,408.76 1 1
github.com/Tutitoos/atenea/pkg/contract/assignment.go:408.76,410.4 1 0
github.com/Tutitoos/atenea/pkg/contract/assignment.go:412.2,412.25 1 1
github.com/Tutitoos/atenea/pkg/contract/assignment.go:412.25,415.3 1 0
github.com/Tutitoos/atenea/pkg/contract/assignment.go:416.2,416.35 1 1
github.com/Tutitoos/atenea/pkg/contract/assignment.go:416.35,417.40 1 1
github.com/Tutitoos/atenea/pkg/contract/assignment.go:417.40,419.4 1 0
github.com/Tutitoos/atenea/pkg/contract/assignment.go:421.2,421.44 1 1
github.com/Tutitoos/atenea/pkg/contract/assignment.go:421.44,424.3 1 0
github.com/Tutitoos/atenea/pkg/contract/assignment.go:425.2,425.12 1 1
github.com/Tutitoos/atenea/pkg/contract/assignment.go:429.48,429.93 1 1
github.com/Tutitoos/atenea/pkg/contract/assignment.go:432.51,432.95 1 0
github.com/Tutitoos/atenea/pkg/contract/assignment.go:449.125,450.37 1 1
github.com/Tutitoos/atenea/pkg/contract/assignment.go:450.37,453.3 1 0
github.com/Tutitoos/atenea/pkg/contract/assignment.go:454.2,454.30 1 1
github.com/Tutitoos/atenea/pkg/contract/assignment.go:454.30,458.3 1 1
github.com/Tutitoos/atenea/pkg/contract/assignment.go:459.2,459.30 1 1
github.com/Tutitoos/atenea/pkg/contract/assignment.go:459.30,460.24 1 1
github.com/Tutitoos/atenea/pkg/contract/assignment.go:460.24,464.4 1 1
github.com/Tutitoos/atenea/pkg/contract/assignment.go:466.2,466.28 1 1
github.com/Tutitoos/atenea/pkg/contract/assignment.go:466.28,471.3 1 1
github.com/Tutitoos/atenea/pkg/contract/assignment.go:472.2,484.41 2 1
github.com/Tutitoos/atenea/pkg/contract/assignment.go:484.41,486.3 1 1
github.com/Tutitoos/atenea/pkg/contract/assignment.go:487.2,487.19 1 1
github.com/Tutitoos/atenea/pkg/contract/assignment.go:491.40,495.22 4 1
github.com/Tutitoos/atenea/pkg/contract/assignment.go:495.22,498.3 2 0
github.com/Tutitoos/atenea/pkg/contract/assignment.go:499.2,499.10 1 1
github.com/Tutitoos/atenea/pkg/contract/assignment.go:540.35,541.34 1 0
github.com/Tutitoos/atenea/pkg/contract/assignment.go:541.34,543.3 1 0
github.com/Tutitoos/atenea/pkg/contract/assignment.go:544.2,544.37 1 0
github.com/Tutitoos/atenea/pkg/contract/assignment.go:544.37,547.3 1 0
github.com/Tutitoos/atenea/pkg/contract/assignment.go:548.2,548.37 1 0
github.com/Tutitoos/atenea/pkg/contract/assignment.go:548.37,552.3 1 0
github.com/Tutitoos/atenea/pkg/contract/assignment.go:553.2,553.19 1 0
github.com/Tutitoos/atenea/pkg/contract/assignment.go:553.19,556.3 1 0
github.com/Tutitoos/atenea/pkg/contract/assignment.go:557.2,557.57 1 0
github.com/Tutitoos/atenea/pkg/contract/assignment.go:557.57,560.3 1 0
github.com/Tutitoos/atenea/pkg/contract/assignment.go:561.2,561.67 1 0
github.com/Tutitoos/atenea/pkg/contract/assignment.go:561.67,566.3 1 0
github.com/Tutitoos/atenea/pkg/contract/assignment.go:567.2,567.26 1 0
github.com/Tutitoos/atenea/pkg/contract/assignment.go:571.34,573.21 2 0
github.com/Tutitoos/atenea/pkg/contract/assignment.go:573.21,575.3 1 0
github.com/Tutitoos/atenea/pkg/contract/assignment.go:576.2,576.10 1 0
github.com/Tutitoos/atenea/pkg/contract/assignment.go:592.34,593.34 1 1
github.com/Tutitoos/atenea/pkg/contract/assignment.go:593.34,596.3 1 1
github.com/Tutitoos/atenea/pkg/contract/assignment.go:597.2,597.40 1 1
github.com/Tutitoos/atenea/pkg/contract/assignment.go:597.40,599.3 1 0
github.com/Tutitoos/atenea/pkg/contract/assignment.go:600.2,600.37 1 1
github.com/Tutitoos/atenea/pkg/contract/assignment.go:600.37,602.3 1 1
github.com/Tutitoos/atenea/pkg/contract/assignment.go:603.2,603.12 1 1
github.com/Tutitoos/atenea/pkg/contract/assignment.go:606.33,606.75 1 0
github.com/Tutitoos/atenea/pkg/contract/assignment.go:609.30,611.2 1 1
github.com/Tutitoos/atenea/pkg/contract/assignment.go:648.33,650.2 1 0
github.com/Tutitoos/atenea/pkg/contract/assignment.go:654.30,656.2 1 0
github.com/Tutitoos/atenea/pkg/contract/assignment.go:666.39,667.19 1 0
github.com/Tutitoos/atenea/pkg/contract/assignment.go:667.19,669.3 1 0
github.com/Tutitoos/atenea/pkg/contract/assignment.go:670.2,670.19 1 0
github.com/Tutitoos/atenea/pkg/contract/assignment.go:670.19,672.3 1 0
github.com/Tutitoos/atenea/pkg/contract/assignment.go:673.2,679.34 2 0
github.com/Tutitoos/atenea/pkg/contract/assignment.go:679.34,681.3 1 0
github.com/Tutitoos/atenea/pkg/contract/assignment.go:682.2,685.30 4 0
github.com/Tutitoos/atenea/pkg/contract/assignment.go:685.30,690.3 1 0
github.com/Tutitoos/atenea/pkg/contract/assignment.go:691.2,691.12 1 0
github.com/Tutitoos/atenea/pkg/contract/assignment.go:696.34,705.4 1 1
github.com/Tutitoos/atenea/pkg/contract/assignment.go:705.4,706.21 1 1
github.com/Tutitoos/atenea/pkg/contract/assignment.go:706.21,708.4 1 0
github.com/Tutitoos/atenea/pkg/contract/assignment.go:710.2,710.18 1 1
github.com/Tutitoos/atenea/pkg/contract/assignment.go:710.18,711.42 1 1
github.com/Tutitoos/atenea/pkg/contract/assignment.go:711.42,714.4 1 0
github.com/Tutitoos/atenea/pkg/contract/assignment.go:715.3,715.13 1 1
github.com/Tutitoos/atenea/pkg/contract/assignment.go:717.2,717.16 1 0
github.com/Tutitoos/atenea/pkg/contract/assignment.go:717.16,719.3 1 0
github.com/Tutitoos/atenea/pkg/contract/assignment.go:720.2,720.41 1 0
github.com/Tutitoos/atenea/pkg/contract/assignment.go:720.41,723.3 1 0
github.com/Tutitoos/atenea/pkg/contract/assignment.go:724.2,724.12 1 0
github.com/Tutitoos/atenea/pkg/contract/assignment.go:787.32,789.2 1 1
github.com/Tutitoos/atenea/pkg/contract/assignment.go:796.52,797.40 1 1
github.com/Tutitoos/atenea/pkg/contract/assignment.go:797.40,799.3 1 0
github.com/Tutitoos/atenea/pkg/contract/assignment.go:800.2,800.37 1 1
github.com/Tutitoos/atenea/pkg/contract/assignment.go:800.37,802.3 1 0
github.com/Tutitoos/atenea/pkg/contract/assignment.go:803.2,803.43 1 1
github.com/Tutitoos/atenea/pkg/contract/assignment.go:803.43,805.3 1 0
github.com/Tutitoos/atenea/pkg/contract/assignment.go:806.2,806.43 1 1
github.com/Tutitoos/atenea/pkg/contract/assignment.go:806.43,808.3 1 0
github.com/Tutitoos/atenea/pkg/contract/assignment.go:809.2,809.43 1 1
github.com/Tutitoos/atenea/pkg/contract/assignment.go:809.43,811.3 1 1
github.com/Tutitoos/atenea/pkg/contract/assignment.go:812.2,812.49 1 1
github.com/Tutitoos/atenea/pkg/contract/assignment.go:812.49,814.3 1 1
github.com/Tutitoos/atenea/pkg/contract/assignment.go:815.2,815.47 1 1
github.com/Tutitoos/atenea/pkg/contract/assignment.go:815.47,817.3 1 1
github.com/Tutitoos/atenea/pkg/contract/assignment.go:818.2,818.24 1 1
github.com/Tutitoos/atenea/pkg/contract/assignment.go:818.24,822.3 1 1
github.com/Tutitoos/atenea/pkg/contract/assignment.go:823.2,823.38 1 1
github.com/Tutitoos/atenea/pkg/contract/assignment.go:840.46,841.27 1 1
github.com/Tutitoos/atenea/pkg/contract/assignment.go:841.27,843.3 1 1
github.com/Tutitoos/atenea/pkg/contract/assignment.go:844.2,844.28 1 1
github.com/Tutitoos/atenea/pkg/contract/assignment.go:844.28,847.3 1 1
github.com/Tutitoos/atenea/pkg/contract/assignment.go:848.2,849.21 2 1
github.com/Tutitoos/atenea/pkg/contract/assignment.go:849.21,852.3 1 1
github.com/Tutitoos/atenea/pkg/contract/assignment.go:853.2,853.51 1 1
github.com/Tutitoos/atenea/pkg/contract/assignment.go:853.51,856.3 1 1
github.com/Tutitoos/atenea/pkg/contract/assignment.go:857.2,857.12 1 1
github.com/Tutitoos/atenea/pkg/contract/assignment.go:871.40,872.49 1 1
github.com/Tutitoos/atenea/pkg/contract/assignment.go:872.49,873.23 1 1
github.com/Tutitoos/atenea/pkg/contract/assignment.go:873.23,875.4 1 1
github.com/Tutitoos/atenea/pkg/contract/assignment.go:876.3,876.29 1 0
github.com/Tutitoos/atenea/pkg/contract/assignment.go:878.2,878.22 1 1
github.com/Tutitoos/atenea/pkg/contract/assignment.go:878.22,879.25 1 1
github.com/Tutitoos/atenea/pkg/contract/assignment.go:879.25,882.4 1 1
github.com/Tutitoos/atenea/pkg/contract/assignment.go:883.3,884.54 1 1
github.com/Tutitoos/atenea/pkg/contract/assignment.go:886.2,886.28 1 1
github.com/Tutitoos/atenea/pkg/contract/assignment.go:889.44,890.33 1 1
github.com/Tutitoos/atenea/pkg/contract/assignment.go:890.33,891.80 1 1
github.com/Tutitoos/atenea/pkg/contract/assignment.go:891.80,894.4 1 0
github.com/Tutitoos/atenea/pkg/contract/assignment.go:895.3,895.38 1 1
github.com/Tutitoos/atenea/pkg/contract/assignment.go:895.38,897.4 1 0
github.com/Tutitoos/atenea/pkg/contract/assignment.go:898.3,898.58 1 1
github.com/Tutitoos/atenea/pkg/contract/assignment.go:898.58,902.4 1 1
github.com/Tutitoos/atenea/pkg/contract/assignment.go:904.2,904.12 1 1
github.com/Tutitoos/atenea/pkg/contract/assignment.go:915.36,922.35 3 1
github.com/Tutitoos/atenea/pkg/contract/assignment.go:922.35,924.35 2 1
github.com/Tutitoos/atenea/pkg/contract/assignment.go:924.35,925.12 1 1
github.com/Tutitoos/atenea/pkg/contract/assignment.go:927.3,930.66 2 1
github.com/Tutitoos/atenea/pkg/contract/assignment.go:932.2,932.12 1 1
github.com/Tutitoos/atenea/pkg/contract/assignment.go:937.31,937.68 1 1
github.com/Tutitoos/atenea/pkg/contract/assignment.go:941.35,941.76 1 1
github.com/Tutitoos/atenea/pkg/contract/assignment.go:954.81,964.2 1 0
github.com/Tutitoos/atenea/pkg/contract/assignment.go:967.32,969.21 2 1
github.com/Tutitoos/atenea/pkg/contract/assignment.go:969.21,971.30 2 1
github.com/Tutitoos/atenea/pkg/contract/assignment.go:971.30,973.4 1 1
github.com/Tutitoos/atenea/pkg/contract/assignment.go:975.2,977.24 3 1
github.com/Tutitoos/atenea/pkg/contract/assignment.go:977.24,983.3 2 0
github.com/Tutitoos/atenea/pkg/contract/assignment.go:984.2,984.27 1 1
github.com/Tutitoos/atenea/pkg/contract/assignment.go:984.27,990.3 2 0
github.com/Tutitoos/atenea/pkg/contract/assignment.go:991.2,991.12 1 1
github.com/Tutitoos/atenea/pkg/contract/capability.go:54.33,55.36 1 1
github.com/Tutitoos/atenea/pkg/contract/capability.go:55.36,57.3 1 1
github.com/Tutitoos/atenea/pkg/contract/capability.go:58.2,58.44 1 0
github.com/Tutitoos/atenea/pkg/contract/capability.go:62.44,63.34 1 1
github.com/Tutitoos/atenea/pkg/contract/capability.go:63.34,65.3 1 1
github.com/Tutitoos/atenea/pkg/contract/capability.go:66.2,66.85 1 1
github.com/Tutitoos/atenea/pkg/contract/capability.go:75.47,77.9 2 1
github.com/Tutitoos/atenea/pkg/contract/capability.go:77.9,79.3 1 0
github.com/Tutitoos/atenea/pkg/contract/capability.go:80.2,80.27 1 1
github.com/Tutitoos/atenea/pkg/contract/capability.go:87.50,89.51 2 1
github.com/Tutitoos/atenea/pkg/contract/capability.go:89.51,91.17 2 1
github.com/Tutitoos/atenea/pkg/contract/capability.go:91.17,93.4 1 1
github.com/Tutitoos/atenea/pkg/contract/capability.go:94.3,95.13 2 1
github.com/Tutitoos/atenea/pkg/contract/capability.go:97.2,98.53 2 1
github.com/Tutitoos/atenea/pkg/contract/capability.go:98.53,100.3 1 0
github.com/Tutitoos/atenea/pkg/contract/capability.go:101.2,101.47 1 1
github.com/Tutitoos/atenea/pkg/contract/capability.go:101.47,103.3 1 1
github.com/Tutitoos/atenea/pkg/contract/capability.go:104.2,105.12 2 1
github.com/Tutitoos/atenea/pkg/contract/capability.go:143.36,144.34 1 1
github.com/Tutitoos/atenea/pkg/contract/capability.go:144.34,146.3 1 1
github.com/Tutitoos/atenea/pkg/contract/capability.go:147.2,147.42 1 1
github.com/Tutitoos/atenea/pkg/contract/capability.go:151.50,152.32 1 1
github.com/Tutitoos/atenea/pkg/contract/capability.go:152.32,154.3 1 1
github.com/Tutitoos/atenea/pkg/contract/capability.go:155.2,155.50 1 1
github.com/Tutitoos/atenea/pkg/contract/capability.go:220.37,221.45 1 1
github.com/Tutitoos/atenea/pkg/contract/capability.go:221.45,223.3 1 1
github.com/Tutitoos/atenea/pkg/contract/capability.go:224.2,224.11 1 1
github.com/Tutitoos/atenea/pkg/contract/capability.go:228.38,229.37 1 1
github.com/Tutitoos/atenea/pkg/contract/capability.go:229.37,232.3 1 1
github.com/Tutitoos/atenea/pkg/contract/capability.go:233.2,233.45 1 1
github.com/Tutitoos/atenea/pkg/contract/capability.go:233.45,237.3 1 1
github.com/Tutitoos/atenea/pkg/contract/capability.go:238.2,238.30 1 1
github.com/Tutitoos/atenea/pkg/contract/capability.go:238.30,240.3 1 1
github.com/Tutitoos/atenea/pkg/contract/capability.go:241.2,241.40 1 1
github.com/Tutitoos/atenea/pkg/contract/capability.go:241.40,243.3 1 1
github.com/Tutitoos/atenea/pkg/contract/capability.go:244.2,244.78 1 1
github.com/Tutitoos/atenea/pkg/contract/capability.go:244.78,246.3 1 1
github.com/Tutitoos/atenea/pkg/contract/capability.go:247.2,247.80 1 1
github.com/Tutitoos/atenea/pkg/contract/capability.go:247.80,249.3 1 1
github.com/Tutitoos/atenea/pkg/contract/capability.go:250.2,250.30 1 1
github.com/Tutitoos/atenea/pkg/contract/capability.go:250.30,251.35 1 1
github.com/Tutitoos/atenea/pkg/contract/capability.go:251.35,253.4 1 1
github.com/Tutitoos/atenea/pkg/contract/capability.go:255.2,255.12 1 1
github.com/Tutitoos/atenea/pkg/contract/capability.go:258.65,260.27 2 1
github.com/Tutitoos/atenea/pkg/contract/capability.go:260.27,261.37 1 1
github.com/Tutitoos/atenea/pkg/contract/capability.go:261.37,264.4 1 1
github.com/Tutitoos/atenea/pkg/contract/capability.go:265.3,265.34 1 1
github.com/Tutitoos/atenea/pkg/contract/capability.go:265.34,268.4 1 1
github.com/Tutitoos/atenea/pkg/contract/capability.go:269.3,270.38 2 1
github.com/Tutitoos/atenea/pkg/contract/capability.go:270.38,273.4 1 0
github.com/Tutitoos/atenea/pkg/contract/capability.go:274.3,275.10 2 1
github.com/Tutitoos/atenea/pkg/contract/capability.go:276.37,278.80 1 1
github.com/Tutitoos/atenea/pkg/contract/capability.go:279.37,281.86 1 1
github.com/Tutitoos/atenea/pkg/contract/capability.go:283.3,283.56 1 1
github.com/Tutitoos/atenea/pkg/contract/capability.go:283.56,285.4 1 1
github.com/Tutitoos/atenea/pkg/contract/capability.go:286.3,286.13 1 1
github.com/Tutitoos/atenea/pkg/contract/capability.go:286.13,287.66 1 1
github.com/Tutitoos/atenea/pkg/contract/capability.go:287.66,289.5 1 0
github.com/Tutitoos/atenea/pkg/contract/capability.go:292.2,292.12 1 1
github.com/Tutitoos/atenea/pkg/contract/capability.go:296.56,297.22 1 1
github.com/Tutitoos/atenea/pkg/contract/capability.go:297.22,299.3 1 1
github.com/Tutitoos/atenea/pkg/contract/capability.go:300.2,300.54 1 1
github.com/Tutitoos/atenea/pkg/contract/capability.go:300.54,303.3 1 1
github.com/Tutitoos/atenea/pkg/contract/capability.go:304.2,305.31 2 1
github.com/Tutitoos/atenea/pkg/contract/capability.go:305.31,306.18 1 1
github.com/Tutitoos/atenea/pkg/contract/capability.go:306.18,309.4 1 1
github.com/Tutitoos/atenea/pkg/contract/capability.go:310.3,310.33 1 1
github.com/Tutitoos/atenea/pkg/contract/capability.go:310.33,313.4 1 1
github.com/Tutitoos/atenea/pkg/contract/capability.go:314.3,314.27 1 1
github.com/Tutitoos/atenea/pkg/contract/capability.go:316.2,316.12 1 0
github.com/Tutitoos/atenea/pkg/contract/capability.go:322.65,324.2 1 1
github.com/Tutitoos/atenea/pkg/contract/capability.go:328.66,330.2 1 1
github.com/Tutitoos/atenea/pkg/contract/capability.go:332.87,334.27 2 1
github.com/Tutitoos/atenea/pkg/contract/capability.go:334.27,336.3 1 1
github.com/Tutitoos/atenea/pkg/contract/capability.go:337.2,338.28 2 1
github.com/Tutitoos/atenea/pkg/contract/capability.go:338.28,339.32 1 1
github.com/Tutitoos/atenea/pkg/contract/capability.go:339.32,341.4 1 1
github.com/Tutitoos/atenea/pkg/contract/capability.go:343.2,343.22 1 1
github.com/Tutitoos/atenea/pkg/contract/capability.go:343.22,347.3 2 1
github.com/Tutitoos/atenea/pkg/contract/capability.go:348.2,348.27 1 1
github.com/Tutitoos/atenea/pkg/contract/capability.go:348.27,350.31 2 1
github.com/Tutitoos/atenea/pkg/contract/capability.go:350.31,351.18 1 1
github.com/Tutitoos/atenea/pkg/contract/capability.go:351.18,354.5 1 1
github.com/Tutitoos/atenea/pkg/contract/capability.go:355.4,355.12 1 1
github.com/Tutitoos/atenea/pkg/contract/capability.go:357.3,357.69 1 1
github.com/Tutitoos/atenea/pkg/contract/capability.go:357.69,359.4 1 1
github.com/Tutitoos/atenea/pkg/contract/capability.go:361.2,361.12 1 1
github.com/Tutitoos/atenea/pkg/contract/capability.go:364.71,365.26 1 1
github.com/Tutitoos/atenea/pkg/contract/capability.go:365.26,368.3 1 1
github.com/Tutitoos/atenea/pkg/contract/capability.go:369.2,369.16 1 1
github.com/Tutitoos/atenea/pkg/contract/capability.go:370.18,372.10 2 1
github.com/Tutitoos/atenea/pkg/contract/capability.go:372.10,374.4 1 1
github.com/Tutitoos/atenea/pkg/contract/capability.go:375.3,375.49 1 1
github.com/Tutitoos/atenea/pkg/contract/capability.go:376.16,377.33 1 1
github.com/Tutitoos/atenea/pkg/contract/capability.go:377.33,379.4 1 1
github.com/Tutitoos/atenea/pkg/contract/capability.go:380.15,381.24 1 1
github.com/Tutitoos/atenea/pkg/contract/capability.go:381.24,383.4 1 1
github.com/Tutitoos/atenea/pkg/contract/capability.go:384.22,386.10 2 1
github.com/Tutitoos/atenea/pkg/contract/capability.go:386.10,388.4 1 1
github.com/Tutitoos/atenea/pkg/contract/capability.go:389.3,389.30 1 1
github.com/Tutitoos/atenea/pkg/contract/capability.go:389.30,391.11 2 1
github.com/Tutitoos/atenea/pkg/contract/capability.go:391.11,394.5 1 1
github.com/Tutitoos/atenea/pkg/contract/capability.go:395.4,395.92 1 1
github.com/Tutitoos/atenea/pkg/contract/capability.go:395.92,397.5 1 1
github.com/Tutitoos/atenea/pkg/contract/capability.go:399.18,401.10 2 1
github.com/Tutitoos/atenea/pkg/contract/capability.go:401.10,403.4 1 1
github.com/Tutitoos/atenea/pkg/contract/capability.go:404.3,404.64 1 1
github.com/Tutitoos/atenea/pkg/contract/capability.go:405.22,407.10 2 1
github.com/Tutitoos/atenea/pkg/contract/capability.go:407.10,409.4 1 0
github.com/Tutitoos/atenea/pkg/contract/capability.go:410.3,410.30 1 1
github.com/Tutitoos/atenea/pkg/contract/capability.go:410.30,412.11 2 1
github.com/Tutitoos/atenea/pkg/contract/capability.go:412.11,415.5 1 1
github.com/Tutitoos/atenea/pkg/contract/capability.go:416.4,416.107 1 1
github.com/Tutitoos/atenea/pkg/contract/capability.go:416.107,418.5 1 1
github.com/Tutitoos/atenea/pkg/contract/capability.go:420.10,422.65 1 0
github.com/Tutitoos/atenea/pkg/contract/capability.go:424.2,424.12 1 1
github.com/Tutitoos/atenea/pkg/contract/capability.go:429.73,430.56 1 1
github.com/Tutitoos/atenea/pkg/contract/capability.go:430.56,432.3 1 1
github.com/Tutitoos/atenea/pkg/contract/capability.go:433.2,435.58 1 1
github.com/Tutitoos/atenea/pkg/contract/capability.go:440.32,441.27 1 1
github.com/Tutitoos/atenea/pkg/contract/capability.go:442.25,443.14 1 1
github.com/Tutitoos/atenea/pkg/contract/capability.go:444.15,445.32 1 1
github.com/Tutitoos/atenea/pkg/contract/capability.go:446.10,447.15 1 0
github.com/Tutitoos/atenea/pkg/contract/capability.go:451.38,452.30 1 1
github.com/Tutitoos/atenea/pkg/contract/capability.go:453.13,454.20 1 1
github.com/Tutitoos/atenea/pkg/contract/capability.go:455.16,457.26 2 1
github.com/Tutitoos/atenea/pkg/contract/capability.go:457.26,459.4 1 1
github.com/Tutitoos/atenea/pkg/contract/capability.go:460.3,460.19 1 1
github.com/Tutitoos/atenea/pkg/contract/capability.go:461.24,463.26 2 0
github.com/Tutitoos/atenea/pkg/contract/capability.go:463.26,465.4 1 0
github.com/Tutitoos/atenea/pkg/contract/capability.go:466.3,466.19 1 0
github.com/Tutitoos/atenea/pkg/contract/capability.go:467.10,468.20 1 1
github.com/Tutitoos/atenea/pkg/contract/capability.go:472.49,475.2 2 1
github.com/Tutitoos/atenea/pkg/contract/capability.go:479.40,484.2 4 1
github.com/Tutitoos/atenea/pkg/contract/capability.go:486.42,487.19 1 1
github.com/Tutitoos/atenea/pkg/contract/capability.go:487.19,489.3 1 1
github.com/Tutitoos/atenea/pkg/contract/capability.go:490.2,491.27 2 1
github.com/Tutitoos/atenea/pkg/contract/capability.go:491.27,495.3 3 1
github.com/Tutitoos/atenea/pkg/contract/capability.go:496.2,496.12 1 1
github.com/Tutitoos/atenea/pkg/contract/failure.go:74.38,75.37 1 1
github.com/Tutitoos/atenea/pkg/contract/failure.go:75.37,77.3 1 1
github.com/Tutitoos/atenea/pkg/contract/failure.go:78.2,78.22 1 0
github.com/Tutitoos/atenea/pkg/contract/failure.go:86.54,88.41 2 0
github.com/Tutitoos/atenea/pkg/contract/failure.go:88.41,89.20 1 0
github.com/Tutitoos/atenea/pkg/contract/failure.go:89.20,91.4 1 0
github.com/Tutitoos/atenea/pkg/contract/failure.go:93.2,93.84 1 0
github.com/Tutitoos/atenea/pkg/contract/failure.go:108.66,110.2 1 1
github.com/Tutitoos/atenea/pkg/contract/failure.go:113.48,117.2 3 1
github.com/Tutitoos/atenea/pkg/contract/failure.go:119.34,121.2 1 1
github.com/Tutitoos/atenea/pkg/contract/failure.go:126.36,128.24 2 1
github.com/Tutitoos/atenea/pkg/contract/failure.go:128.24,130.3 1 1
github.com/Tutitoos/atenea/pkg/contract/failure.go:131.2,131.27 1 1
github.com/Tutitoos/atenea/pkg/contract/failure.go:144.30,146.24 2 1
github.com/Tutitoos/atenea/pkg/contract/failure.go:146.24,148.3 1 1
github.com/Tutitoos/atenea/pkg/contract/failure.go:149.2,149.11 1 1
github.com/Tutitoos/atenea/pkg/contract/failure.go:160.34,162.24 2 0
github.com/Tutitoos/atenea/pkg/contract/failure.go:162.24,164.3 1 0
github.com/Tutitoos/atenea/pkg/contract/failure.go:165.2,165.16 1 0
github.com/Tutitoos/atenea/pkg/contract/failure.go:165.16,167.3 1 0
github.com/Tutitoos/atenea/pkg/contract/failure.go:168.2,168.20 1 0
github.com/Tutitoos/atenea/pkg/contract/failure.go:183.41,184.41 1 1
github.com/Tutitoos/atenea/pkg/contract/failure.go:184.41,186.3 1 1
github.com/Tutitoos/atenea/pkg/contract/failure.go:187.2,187.23 1 1
github.com/Tutitoos/atenea/pkg/contract/failure.go:194.75,195.41 1 1
github.com/Tutitoos/atenea/pkg/contract/failure.go:195.41,197.3 1 1
github.com/Tutitoos/atenea/pkg/contract/failure.go:198.2,198.72 1 1
github.com/Tutitoos/atenea/pkg/contract/implementation.go:42.32,43.35 1 1
github.com/Tutitoos/atenea/pkg/contract/implementation.go:43.35,45.3 1 1
github.com/Tutitoos/atenea/pkg/contract/implementation.go:46.2,46.43 1 0
github.com/Tutitoos/atenea/pkg/contract/implementation.go:50.42,51.33 1 1
github.com/Tutitoos/atenea/pkg/contract/implementation.go:51.33,53.3 1 1
github.com/Tutitoos/atenea/pkg/contract/implementation.go:54.2,54.74 1 1
github.com/Tutitoos/atenea/pkg/contract/implementation.go:86.30,87.33 1 0
github.com/Tutitoos/atenea/pkg/contract/implementation.go:87.33,89.3 1 0
github.com/Tutitoos/atenea/pkg/contract/implementation.go:90.2,90.41 1 0
github.com/Tutitoos/atenea/pkg/contract/implementation.go:94.38,95.31 1 1
github.com/Tutitoos/atenea/pkg/contract/implementation.go:95.31,97.3 1 1
github.com/Tutitoos/atenea/pkg/contract/implementation.go:98.2,98.67 1 1
github.com/Tutitoos/atenea/pkg/contract/implementation.go:193.49,194.17 1 1
github.com/Tutitoos/atenea/pkg/contract/implementation.go:194.17,196.3 1 0
github.com/Tutitoos/atenea/pkg/contract/implementation.go:197.2,197.29 1 1
github.com/Tutitoos/atenea/pkg/contract/implementation.go:211.40,212.17 1 0
github.com/Tutitoos/atenea/pkg/contract/implementation.go:212.17,214.3 1 0
github.com/Tutitoos/atenea/pkg/contract/implementation.go:215.2,215.48 1 0
github.com/Tutitoos/atenea/pkg/contract/implementation.go:220.48,221.35 1 1
github.com/Tutitoos/atenea/pkg/contract/implementation.go:221.35,223.3 1 1
github.com/Tutitoos/atenea/pkg/contract/implementation.go:224.2,224.20 1 1
github.com/Tutitoos/atenea/pkg/contract/implementation.go:258.38,259.36 1 0
github.com/Tutitoos/atenea/pkg/contract/implementation.go:259.36,261.3 1 0
github.com/Tutitoos/atenea/pkg/contract/implementation.go:262.2,262.18 1 0
github.com/Tutitoos/atenea/pkg/contract/implementation.go:266.54,267.13 1 1
github.com/Tutitoos/atenea/pkg/contract/implementation.go:267.13,269.3 1 1
github.com/Tutitoos/atenea/pkg/contract/implementation.go:270.2,270.34 1 1
github.com/Tutitoos/atenea/pkg/contract/implementation.go:270.34,272.3 1 0
github.com/Tutitoos/atenea/pkg/contract/implementation.go:273.2,273.91 1 1
github.com/Tutitoos/atenea/pkg/contract/implementation.go:277.33,278.11 1 1
github.com/Tutitoos/atenea/pkg/contract/implementation.go:279.19,280.11 1 1
github.com/Tutitoos/atenea/pkg/contract/implementation.go:281.22,282.11 1 1
github.com/Tutitoos/atenea/pkg/contract/implementation.go:283.21,284.11 1 1
github.com/Tutitoos/atenea/pkg/contract/implementation.go:285.10,286.11 1 1
github.com/Tutitoos/atenea/pkg/contract/implementation.go:316.31,316.63 1 1
github.com/Tutitoos/atenea/pkg/contract/implementation.go:357.41,358.44 1 0
github.com/Tutitoos/atenea/pkg/contract/implementation.go:358.44,360.3 1 0
github.com/Tutitoos/atenea/pkg/contract/implementation.go:361.2,361.43 1 0
github.com/Tutitoos/atenea/pkg/contract/implementation.go:366.60,367.42 1 0
github.com/Tutitoos/atenea/pkg/contract/implementation.go:367.42,369.3 1 0
github.com/Tutitoos/atenea/pkg/contract/implementation.go:370.2,370.82 1 0
github.com/Tutitoos/atenea/pkg/contract/implementation.go:403.42,404.31 1 1
github.com/Tutitoos/atenea/pkg/contract/implementation.go:404.31,407.3 1 1
github.com/Tutitoos/atenea/pkg/contract/implementation.go:408.2,408.45 1 1
github.com/Tutitoos/atenea/pkg/contract/implementation.go:408.45,412.3 1 1
github.com/Tutitoos/atenea/pkg/contract/implementation.go:413.2,413.37 1 1
github.com/Tutitoos/atenea/pkg/contract/implementation.go:413.37,416.3 1 1
github.com/Tutitoos/atenea/pkg/contract/implementation.go:417.2,417.45 1 1
github.com/Tutitoos/atenea/pkg/contract/implementation.go:417.45,420.3 1 1
github.com/Tutitoos/atenea/pkg/contract/implementation.go:421.2,421.47 1 1
github.com/Tutitoos/atenea/pkg/contract/implementation.go:421.47,422.69 1 1
github.com/Tutitoos/atenea/pkg/contract/implementation.go:422.69,425.4 1 1
github.com/Tutitoos/atenea/pkg/contract/implementation.go:427.2,428.65 2 1
github.com/Tutitoos/atenea/pkg/contract/implementation.go:428.65,431.3 1 1
github.com/Tutitoos/atenea/pkg/contract/implementation.go:435.2,435.43 1 1
github.com/Tutitoos/atenea/pkg/contract/implementation.go:435.43,436.36 1 0
github.com/Tutitoos/atenea/pkg/contract/implementation.go:436.36,439.4 1 0
github.com/Tutitoos/atenea/pkg/contract/implementation.go:441.2,441.24 1 1
github.com/Tutitoos/atenea/pkg/contract/implementation.go:441.24,443.3 1 0
github.com/Tutitoos/atenea/pkg/contract/implementation.go:444.2,444.46 1 1
github.com/Tutitoos/atenea/pkg/contract/implementation.go:444.46,447.3 1 1
github.com/Tutitoos/atenea/pkg/contract/implementation.go:448.2,448.12 1 1
github.com/Tutitoos/atenea/pkg/contract/implementation.go:452.48,456.2 3 1
github.com/Tutitoos/atenea/pkg/contract/raw.go:22.35,24.16 2 1
github.com/Tutitoos/atenea/pkg/contract/raw.go:24.16,26.3 1 0
github.com/Tutitoos/atenea/pkg/contract/raw.go:30.2,34.41 1 1
github.com/Tutitoos/atenea/pkg/contract/raw.go:34.41,36.3 1 1
github.com/Tutitoos/atenea/pkg/contract/raw.go:37.2,41.23 5 1
github.com/Tutitoos/atenea/pkg/contract/raw.go:44.35,45.33 1 1
github.com/Tutitoos/atenea/pkg/contract/raw.go:45.33,47.3 1 1
github.com/Tutitoos/atenea/pkg/contract/raw.go:48.2,48.13 1 1
github.com/Tutitoos/atenea/pkg/contract/repository.go:31.110,40.33 2 1
github.com/Tutitoos/atenea/pkg/contract/repository.go:40.33,42.3 1 1
github.com/Tutitoos/atenea/pkg/contract/repository.go:43.2,43.37 1 1
github.com/Tutitoos/atenea/pkg/contract/repository.go:43.37,45.3 1 1
github.com/Tutitoos/atenea/pkg/contract/repository.go:46.2,46.13 1 1
github.com/Tutitoos/atenea/pkg/contract/repository.go:50.38,51.31 1 1
github.com/Tutitoos/atenea/pkg/contract/repository.go:51.31,53.3 1 1
github.com/Tutitoos/atenea/pkg/contract/repository.go:54.2,54.37 1 1
github.com/Tutitoos/atenea/pkg/contract/repository.go:54.37,56.3 1 1
github.com/Tutitoos/atenea/pkg/contract/repository.go:57.2,57.35 1 1
github.com/Tutitoos/atenea/pkg/contract/repository.go:57.35,58.17 1 0
github.com/Tutitoos/atenea/pkg/contract/repository.go:58.17,60.4 1 0
github.com/Tutitoos/atenea/pkg/contract/repository.go:62.2,62.12 1 1
github.com/Tutitoos/atenea/pkg/contract/repository.go:66.53,69.2 2 1
github.com/Tutitoos/atenea/pkg/contract/repository.go:72.40,76.2 3 1
github.com/Tutitoos/atenea/pkg/contract/repository.go:86.72,89.24 3 1
github.com/Tutitoos/atenea/pkg/contract/repository.go:89.24,91.3 1 0
github.com/Tutitoos/atenea/pkg/contract/repository.go:92.2,92.11 1 1
github.com/Tutitoos/atenea/pkg/contract/repository.go:92.11,94.3 1 1
github.com/Tutitoos/atenea/pkg/contract/repository.go:94.8,96.3 1 1
github.com/Tutitoos/atenea/pkg/contract/repository.go:97.2,97.12 1 1
github.com/Tutitoos/atenea/pkg/contract/repository.go:102.56,103.25 1 1
github.com/Tutitoos/atenea/pkg/contract/repository.go:103.25,105.3 1 1
github.com/Tutitoos/atenea/pkg/contract/repository.go:106.2,106.33 1 1
github.com/Tutitoos/atenea/pkg/contract/repository.go:106.33,107.58 1 1
github.com/Tutitoos/atenea/pkg/contract/repository.go:107.58,109.4 1 1
github.com/Tutitoos/atenea/pkg/contract/repository.go:111.2,111.14 1 1
github.com/Tutitoos/atenea/pkg/contract/repository.go:115.40,119.2 3 1
github.com/Tutitoos/atenea/pkg/contract/runner.go:65.83,66.21 1 1
github.com/Tutitoos/atenea/pkg/contract/runner.go:66.21,68.3 1 0
github.com/Tutitoos/atenea/pkg/contract/runner.go:69.2,69.60 1 1
github.com/Tutitoos/atenea/pkg/contract/runner.go:73.64,76.2 2 1
github.com/Tutitoos/atenea/pkg/contract/runner.go:81.62,82.63 1 1
github.com/Tutitoos/atenea/pkg/contract/runner.go:82.63,84.3 1 1
github.com/Tutitoos/atenea/pkg/contract/runner.go:85.2,85.13 1 1
github.com/Tutitoos/atenea/pkg/contract/runner.go:134.38,135.52 1 0
github.com/Tutitoos/atenea/pkg/contract/runner.go:135.52,139.3 1 0
github.com/Tutitoos/atenea/pkg/contract/runner.go:140.2,140.48 1 0
github.com/Tutitoos/atenea/pkg/contract/runner.go:140.48,142.3 1 0
github.com/Tutitoos/atenea/pkg/contract/runner.go:143.2,143.48 1 0
github.com/Tutitoos/atenea/pkg/contract/runner.go:143.48,145.3 1 0
github.com/Tutitoos/atenea/pkg/contract/runner.go:146.2,146.46 1 0
github.com/Tutitoos/atenea/pkg/contract/runner.go:152.46,153.46 1 0
github.com/Tutitoos/atenea/pkg/contract/runner.go:153.46,154.35 1 0
github.com/Tutitoos/atenea/pkg/contract/runner.go:154.35,156.4 1 0
github.com/Tutitoos/atenea/pkg/contract/runner.go:158.2,158.16 1 0
github.com/Tutitoos/atenea/pkg/contract/schema.go:15.59,17.2 1 1
github.com/Tutitoos/atenea/pkg/contract/schema.go:26.60,28.2 1 0
github.com/Tutitoos/atenea/pkg/contract/schema.go:36.59,39.31 3 1
github.com/Tutitoos/atenea/pkg/contract/schema.go:39.31,41.17 2 1
github.com/Tutitoos/atenea/pkg/contract/schema.go:41.17,43.4 1 1
github.com/Tutitoos/atenea/pkg/contract/schema.go:44.3,45.21 2 1
github.com/Tutitoos/atenea/pkg/contract/schema.go:45.21,47.4 1 1
github.com/Tutitoos/atenea/pkg/contract/schema.go:49.2,54.23 2 1
github.com/Tutitoos/atenea/pkg/contract/schema.go:54.23,56.3 1 1
github.com/Tutitoos/atenea/pkg/contract/schema.go:57.2,57.17 1 1
github.com/Tutitoos/atenea/pkg/contract/schema.go:60.55,62.20 2 1
github.com/Tutitoos/atenea/pkg/contract/schema.go:63.18,65.23 2 1
github.com/Tutitoos/atenea/pkg/contract/schema.go:66.15,67.42 1 1
github.com/Tutitoos/atenea/pkg/contract/schema.go:68.16,69.42 1 1
github.com/Tutitoos/atenea/pkg/contract/schema.go:70.22,75.56 3 1
github.com/Tutitoos/atenea/pkg/contract/schema.go:76.18,78.17 2 1
github.com/Tutitoos/atenea/pkg/contract/schema.go:78.17,80.4 1 0
github.com/Tutitoos/atenea/pkg/contract/schema.go:81.3,81.15 1 1
github.com/Tutitoos/atenea/pkg/contract/schema.go:82.22,84.17 2 0
github.com/Tutitoos/atenea/pkg/contract/schema.go:84.17,86.4 1 0
github.com/Tutitoos/atenea/pkg/contract/schema.go:87.3,87.57 1 0
github.com/Tutitoos/atenea/pkg/contract/schema.go:88.10,91.27 1 1
github.com/Tutitoos/atenea/pkg/contract/schema.go:93.2,93.25 1 1
github.com/Tutitoos/atenea/pkg/contract/schema.go:93.25,98.3 1 1
github.com/Tutitoos/atenea/pkg/contract/schema.go:99.2,99.17 1 1
github.com/Tutitoos/atenea/pkg/contract/schema.go:107.49,108.26 1 1
github.com/Tutitoos/atenea/pkg/contract/schema.go:108.26,110.3 1 1
github.com/Tutitoos/atenea/pkg/contract/schema.go:111.2,111.41 1 1
github.com/Tutitoos/atenea/pkg/contract/version.go:219.46,221.21 2 1
github.com/Tutitoos/atenea/pkg/contract/version.go:221.21,223.3 1 1
github.com/Tutitoos/atenea/pkg/contract/version.go:224.2,225.62 2 1
github.com/Tutitoos/atenea/pkg/contract/version.go:225.62,227.17 2 1
github.com/Tutitoos/atenea/pkg/contract/version.go:227.17,229.4 1 1
github.com/Tutitoos/atenea/pkg/contract/version.go:230.3,230.11 1 1
github.com/Tutitoos/atenea/pkg/contract/version.go:232.2,232.15 1 1
github.com/Tutitoos/atenea/pkg/contract/version.go:235.34,239.2 1 1
github.com/Tutitoos/atenea/pkg/contract/version.go:248.47,250.2 1 1
github.com/Tutitoos/atenea/pkg/contract/workflow.go:58.35,58.61 1 1
github.com/Tutitoos/atenea/pkg/contract/workflow.go:62.48,62.93 1 1
github.com/Tutitoos/atenea/pkg/contract/workflow.go:74.53,76.30 2 1
github.com/Tutitoos/atenea/pkg/contract/workflow.go:76.30,77.42 1 1
github.com/Tutitoos/atenea/pkg/contract/workflow.go:77.42,79.4 1 1
github.com/Tutitoos/atenea/pkg/contract/workflow.go:81.2,81.10 1 1
github.com/Tutitoos/atenea/pkg/contract/workflow.go:85.38,86.37 1 1
github.com/Tutitoos/atenea/pkg/contract/workflow.go:86.37,88.3 1 1
github.com/Tutitoos/atenea/pkg/contract/workflow.go:89.2,89.35 1 1
github.com/Tutitoos/atenea/pkg/contract/workflow.go:89.35,90.40 1 1
github.com/Tutitoos/atenea/pkg/contract/workflow.go:90.40,92.4 1 0
github.com/Tutitoos/atenea/pkg/contract/workflow.go:94.2,94.48 1 1
github.com/Tutitoos/atenea/pkg/contract/workflow.go:94.48,100.3 1 1
github.com/Tutitoos/atenea/pkg/contract/workflow.go:101.2,101.12 1 1
github.com/Tutitoos/atenea/pkg/contract/workflow.go:105.40,108.2 2 1
github.com/Tutitoos/atenea/pkg/contract/workflow.go:134.32,135.31 1 1
github.com/Tutitoos/atenea/pkg/contract/workflow.go:135.31,137.3 1 1
github.com/Tutitoos/atenea/pkg/contract/workflow.go:138.2,138.45 1 1
github.com/Tutitoos/atenea/pkg/contract/workflow.go:138.45,141.3 1 1
github.com/Tutitoos/atenea/pkg/contract/workflow.go:142.2,142.39 1 1
github.com/Tutitoos/atenea/pkg/contract/workflow.go:142.39,145.3 1 1
github.com/Tutitoos/atenea/pkg/contract/workflow.go:146.2,146.48 1 1
github.com/Tutitoos/atenea/pkg/contract/workflow.go:146.48,148.3 1 1
github.com/Tutitoos/atenea/pkg/contract/workflow.go:149.2,149.12 1 1
github.com/Tutitoos/atenea/pkg/contract/workflow.go:153.28,158.2 4 1
github.com/Tutitoos/atenea/pkg/contract/workflow.go:172.44,173.31 1 1
github.com/Tutitoos/atenea/pkg/contract/workflow.go:173.31,174.20 1 1
github.com/Tutitoos/atenea/pkg/contract/workflow.go:174.20,176.4 1 1
github.com/Tutitoos/atenea/pkg/contract/workflow.go:178.2,178.22 1 1
github.com/Tutitoos/atenea/pkg/contract/workflow.go:186.51,188.29 2 1
github.com/Tutitoos/atenea/pkg/contract/workflow.go:188.29,190.3 1 1
github.com/Tutitoos/atenea/pkg/contract/workflow.go:191.2,191.44 1 1
github.com/Tutitoos/atenea/pkg/contract/workflow.go:191.44,193.3 1 1
github.com/Tutitoos/atenea/pkg/contract/workflow.go:194.2,194.22 1 1
github.com/Tutitoos/atenea/pkg/contract/workflow.go:198.32,201.2 2 1
github.com/Tutitoos/atenea/pkg/contract/workflow.go:205.42,205.71 1 1
github.com/Tutitoos/atenea/pkg/contract/workflow.go:218.64,220.16 2 1
github.com/Tutitoos/atenea/pkg/contract/workflow.go:220.16,222.3 1 1
github.com/Tutitoos/atenea/pkg/contract/workflow.go:223.2,224.30 2 1
github.com/Tutitoos/atenea/pkg/contract/workflow.go:224.30,225.29 1 1
github.com/Tutitoos/atenea/pkg/contract/workflow.go:225.29,228.4 1 1
github.com/Tutitoos/atenea/pkg/contract/workflow.go:229.3,229.24 1 1
github.com/Tutitoos/atenea/pkg/contract/workflow.go:232.2,233.31 2 1
github.com/Tutitoos/atenea/pkg/contract/workflow.go:233.31,235.32 2 1
github.com/Tutitoos/atenea/pkg/contract/workflow.go:235.32,236.42 1 1
github.com/Tutitoos/atenea/pkg/contract/workflow.go:236.42,237.13 1 1
github.com/Tutitoos/atenea/pkg/contract/workflow.go:239.4,239.25 1 1
github.com/Tutitoos/atenea/pkg/contract/workflow.go:239.25,241.5 1 1
github.com/Tutitoos/atenea/pkg/contract/workflow.go:243.3,243.21 1 1
github.com/Tutitoos/atenea/pkg/contract/workflow.go:243.21,246.4 1 1
github.com/Tutitoos/atenea/pkg/contract/workflow.go:249.3,249.45 1 1
github.com/Tutitoos/atenea/pkg/contract/workflow.go:249.45,249.83 1 1
github.com/Tutitoos/atenea/pkg/contract/workflow.go:250.3,250.29 1 1
github.com/Tutitoos/atenea/pkg/contract/workflow.go:250.29,252.4 1 1
github.com/Tutitoos/atenea/pkg/contract/workflow.go:253.3,253.32 1 1
github.com/Tutitoos/atenea/pkg/contract/workflow.go:255.2,255.20 1 1
github.com/Tutitoos/atenea/pkg/contract/workflow.go:259.48,260.37 1 1
github.com/Tutitoos/atenea/pkg/contract/workflow.go:260.37,262.3 1 1
github.com/Tutitoos/atenea/pkg/contract/workflow.go:263.2,263.23 1 1
github.com/Tutitoos/atenea/pkg/contract/workflow.go:263.23,265.3 1 1
github.com/Tutitoos/atenea/pkg/contract/workflow.go:266.2,267.31 2 1
github.com/Tutitoos/atenea/pkg/contract/workflow.go:267.31,268.41 1 1
github.com/Tutitoos/atenea/pkg/contract/workflow.go:268.41,270.4 1 0
github.com/Tutitoos/atenea/pkg/contract/workflow.go:271.3,271.35 1 1
github.com/Tutitoos/atenea/pkg/contract/workflow.go:271.35,273.4 1 1
github.com/Tutitoos/atenea/pkg/contract/workflow.go:274.3,274.23 1 1
github.com/Tutitoos/atenea/pkg/contract/workflow.go:276.2,276.31 1 1
github.com/Tutitoos/atenea/pkg/contract/workflow.go:276.31,278.35 2 1
github.com/Tutitoos/atenea/pkg/contract/workflow.go:278.35,279.23 1 1
github.com/Tutitoos/atenea/pkg/contract/workflow.go:279.23,281.5 1 1
github.com/Tutitoos/atenea/pkg/contract/workflow.go:282.4,282.32 1 1
github.com/Tutitoos/atenea/pkg/contract/workflow.go:282.32,285.5 1 1
github.com/Tutitoos/atenea/pkg/contract/workflow.go:286.4,286.33 1 1
github.com/Tutitoos/atenea/pkg/contract/workflow.go:286.33,289.5 1 1
github.com/Tutitoos/atenea/pkg/contract/workflow.go:290.4,290.27 1 1
github.com/Tutitoos/atenea/pkg/contract/workflow.go:293.2,293.18 1 1
github.com/Tutitoos/atenea/pkg/contract/workflow.go:297.54,298.34 1 1
github.com/Tutitoos/atenea/pkg/contract/workflow.go:298.34,299.43 1 1
github.com/Tutitoos/atenea/pkg/contract/workflow.go:299.43,301.4 1 1
github.com/Tutitoos/atenea/pkg/contract/workflow.go:303.2,303.13 1 1
github.com/Tutitoos/atenea/pkg/contract/workflow.go:306.65,308.29 2 1
github.com/Tutitoos/atenea/pkg/contract/workflow.go:308.29,309.46 1 1
github.com/Tutitoos/atenea/pkg/contract/workflow.go:309.46,311.4 1 1
github.com/Tutitoos/atenea/pkg/contract/workflow.go:313.2,314.12 2 1
github.com/Tutitoos/atenea/pkg/contract/workflow.go:318.28,320.31 2 1
github.com/Tutitoos/atenea/pkg/contract/workflow.go:320.31,322.3 1 1
github.com/Tutitoos/atenea/pkg/contract/workflow.go:323.2,324.10 2 1
github.com/Tutitoos/atenea/internal/supervisor/port.go:23.54,24.16 1 1
github.com/Tutitoos/atenea/internal/supervisor/port.go:24.16,26.3 1 1
github.com/Tutitoos/atenea/internal/supervisor/port.go:27.2,28.16 2 1
github.com/Tutitoos/atenea/internal/supervisor/port.go:28.16,30.3 1 0
github.com/Tutitoos/atenea/internal/supervisor/port.go:31.2,31.15 1 1
github.com/Tutitoos/atenea/internal/supervisor/port.go:31.15,31.32 1 1
github.com/Tutitoos/atenea/internal/supervisor/port.go:32.2,33.9 2 1
github.com/Tutitoos/atenea/internal/supervisor/port.go:33.9,35.3 1 0
github.com/Tutitoos/atenea/internal/supervisor/port.go:36.2,36.23 1 1
github.com/Tutitoos/atenea/internal/supervisor/port.go:43.49,44.20 1 1
github.com/Tutitoos/atenea/internal/supervisor/port.go:44.20,46.3 1 1
github.com/Tutitoos/atenea/internal/supervisor/port.go:47.2,49.27 3 1
github.com/Tutitoos/atenea/internal/supervisor/port.go:49.27,50.29 1 1
github.com/Tutitoos/atenea/internal/supervisor/port.go:50.29,52.12 2 1
github.com/Tutitoos/atenea/internal/supervisor/port.go:54.3,54.15 1 1
github.com/Tutitoos/atenea/internal/supervisor/port.go:56.2,56.12 1 1
github.com/Tutitoos/atenea/internal/supervisor/probe.go:22.81,24.16 2 1
github.com/Tutitoos/atenea/internal/supervisor/probe.go:24.16,26.3 1 0
github.com/Tutitoos/atenea/internal/supervisor/probe.go:27.2,28.16 2 1
github.com/Tutitoos/atenea/internal/supervisor/probe.go:28.16,30.3 1 0
github.com/Tutitoos/atenea/internal/supervisor/probe.go:31.2,31.15 1 1
github.com/Tutitoos/atenea/internal/supervisor/probe.go:31.15,31.40 1 1
github.com/Tutitoos/atenea/internal/supervisor/probe.go:32.2,33.28 2 1
github.com/Tutitoos/atenea/internal/supervisor/probe.go:33.28,35.3 1 0
github.com/Tutitoos/atenea/internal/supervisor/probe.go:36.2,36.12 1 1
github.com/Tutitoos/atenea/internal/supervisor/probe.go:62.37,62.98 1 1
github.com/Tutitoos/atenea/internal/supervisor/probe.go:69.82,80.16 2 1
github.com/Tutitoos/atenea/internal/supervisor/probe.go:80.16,82.3 1 0
github.com/Tutitoos/atenea/internal/supervisor/probe.go:83.2,84.16 2 1
github.com/Tutitoos/atenea/internal/supervisor/probe.go:84.16,86.3 1 0
github.com/Tutitoos/atenea/internal/supervisor/probe.go:87.2,93.16 4 1
github.com/Tutitoos/atenea/internal/supervisor/probe.go:93.16,95.3 1 1
github.com/Tutitoos/atenea/internal/supervisor/probe.go:96.2,96.15 1 1
github.com/Tutitoos/atenea/internal/supervisor/probe.go:96.15,96.40 1 1
github.com/Tutitoos/atenea/internal/supervisor/probe.go:97.2,98.16 2 1
github.com/Tutitoos/atenea/internal/supervisor/probe.go:98.16,100.3 1 0
github.com/Tutitoos/atenea/internal/supervisor/probe.go:101.2,101.28 1 1
github.com/Tutitoos/atenea/internal/supervisor/probe.go:101.28,103.3 1 1
github.com/Tutitoos/atenea/internal/supervisor/probe.go:104.2,105.12 2 1
github.com/Tutitoos/atenea/internal/supervisor/probe.go:110.56,112.19 2 1
github.com/Tutitoos/atenea/internal/supervisor/probe.go:112.19,114.3 1 1
github.com/Tutitoos/atenea/internal/supervisor/probe.go:115.2,115.81 1 1
github.com/Tutitoos/atenea/internal/supervisor/probe.go:115.81,117.20 2 1
github.com/Tutitoos/atenea/internal/supervisor/probe.go:117.20,119.4 1 1
github.com/Tutitoos/atenea/internal/supervisor/probe.go:121.2,122.62 2 1
github.com/Tutitoos/atenea/internal/supervisor/probe.go:122.62,124.3 1 1
github.com/Tutitoos/atenea/internal/supervisor/probe.go:125.2,125.22 1 1
github.com/Tutitoos/atenea/internal/supervisor/probe.go:125.22,127.3 1 1
github.com/Tutitoos/atenea/internal/supervisor/probe.go:128.2,128.24 1 1
github.com/Tutitoos/atenea/internal/supervisor/probe.go:133.39,135.49 2 1
github.com/Tutitoos/atenea/internal/supervisor/probe.go:135.49,137.56 2 1
github.com/Tutitoos/atenea/internal/supervisor/probe.go:137.56,139.4 1 1
github.com/Tutitoos/atenea/internal/supervisor/probe.go:141.2,141.19 1 1
github.com/Tutitoos/atenea/internal/supervisor/probe.go:146.32,148.18 2 1
github.com/Tutitoos/atenea/internal/supervisor/probe.go:148.18,150.3 1 0
github.com/Tutitoos/atenea/internal/supervisor/probe.go:151.2,151.10 1 1
github.com/Tutitoos/atenea/internal/supervisor/process.go:60.37,66.37 2 1
github.com/Tutitoos/atenea/internal/supervisor/process.go:66.37,68.3 1 1
github.com/Tutitoos/atenea/internal/supervisor/process.go:69.2,69.10 1 1
github.com/Tutitoos/atenea/internal/supervisor/process.go:75.68,77.29 2 1
github.com/Tutitoos/atenea/internal/supervisor/process.go:77.29,79.3 1 1
github.com/Tutitoos/atenea/internal/supervisor/process.go:80.2,84.6 4 1
github.com/Tutitoos/atenea/internal/supervisor/process.go:84.6,88.16 4 1
github.com/Tutitoos/atenea/internal/supervisor/process.go:89.19,90.24 1 1
github.com/Tutitoos/atenea/internal/supervisor/process.go:91.18,92.62 1 1
github.com/Tutitoos/atenea/internal/supervisor/process.go:94.3,94.10 1 1
github.com/Tutitoos/atenea/internal/supervisor/process.go:95.19,95.19 0 1
github.com/Tutitoos/atenea/internal/supervisor/process.go:96.21,97.24 1 1
github.com/Tutitoos/atenea/internal/supervisor/process.go:105.33,111.2 5 1
github.com/Tutitoos/atenea/internal/supervisor/process.go:113.29,117.2 3 1
github.com/Tutitoos/atenea/internal/supervisor/process.go:119.29,121.20 2 1
github.com/Tutitoos/atenea/internal/supervisor/process.go:121.20,123.3 1 1
github.com/Tutitoos/atenea/internal/supervisor/process.go:124.2,125.15 2 1
github.com/Tutitoos/atenea/internal/supervisor/process.go:131.32,135.10 4 1
github.com/Tutitoos/atenea/internal/supervisor/process.go:135.10,137.3 1 1
github.com/Tutitoos/atenea/internal/supervisor/process.go:143.33,146.17 3 1
github.com/Tutitoos/atenea/internal/supervisor/process.go:147.31,148.9 1 1
github.com/Tutitoos/atenea/internal/supervisor/process.go:150.2,150.9 1 1
github.com/Tutitoos/atenea/internal/supervisor/process.go:151.18,151.18 0 1
github.com/Tutitoos/atenea/internal/supervisor/process.go:152.10,153.18 1 1
github.com/Tutitoos/atenea/internal/supervisor/process.go:161.33,162.6 1 1
github.com/Tutitoos/atenea/internal/supervisor/process.go:162.6,166.50 4 1
github.com/Tutitoos/atenea/internal/supervisor/process.go:166.50,168.4 1 1
github.com/Tutitoos/atenea/internal/supervisor/process.go:169.3,169.25 1 1
github.com/Tutitoos/atenea/internal/supervisor/process.go:175.26,178.2 2 1
github.com/Tutitoos/atenea/internal/supervisor/process.go:180.35,193.2 3 1
github.com/Tutitoos/atenea/internal/supervisor/process.go:201.60,202.40 1 1
github.com/Tutitoos/atenea/internal/supervisor/process.go:202.40,204.3 1 0
github.com/Tutitoos/atenea/internal/supervisor/process.go:205.2,208.43 4 1
github.com/Tutitoos/atenea/internal/supervisor/process.go:208.43,210.3 1 1
github.com/Tutitoos/atenea/internal/supervisor/process.go:211.2,211.38 1 1
github.com/Tutitoos/atenea/internal/supervisor/process.go:211.38,213.3 1 0
github.com/Tutitoos/atenea/internal/supervisor/process.go:214.2,214.21 1 1
github.com/Tutitoos/atenea/internal/supervisor/process.go:221.45,222.6 1 1
github.com/Tutitoos/atenea/internal/supervisor/process.go:222.6,227.24 4 1
github.com/Tutitoos/atenea/internal/supervisor/process.go:227.24,231.4 3 1
github.com/Tutitoos/atenea/internal/supervisor/process.go:232.3,232.45 1 1
github.com/Tutitoos/atenea/internal/supervisor/process.go:232.45,238.4 1 1
github.com/Tutitoos/atenea/internal/supervisor/process.go:239.3,242.39 4 1
github.com/Tutitoos/atenea/internal/supervisor/process.go:242.39,246.4 3 1
github.com/Tutitoos/atenea/internal/supervisor/process.go:247.3,250.10 3 1
github.com/Tutitoos/atenea/internal/supervisor/process.go:251.42,251.42 0 1
github.com/Tutitoos/atenea/internal/supervisor/process.go:252.17,256.10 4 0
github.com/Tutitoos/atenea/internal/supervisor/process.go:259.3,261.16 3 1
github.com/Tutitoos/atenea/internal/supervisor/process.go:285.63,288.25 3 1
github.com/Tutitoos/atenea/internal/supervisor/process.go:288.25,290.3 1 1
github.com/Tutitoos/atenea/internal/supervisor/process.go:298.2,303.40 5 1
github.com/Tutitoos/atenea/internal/supervisor/process.go:303.40,308.17 2 1
github.com/Tutitoos/atenea/internal/supervisor/process.go:308.17,310.4 1 0
github.com/Tutitoos/atenea/internal/supervisor/process.go:311.3,312.17 2 1
github.com/Tutitoos/atenea/internal/supervisor/process.go:312.17,314.4 1 0
github.com/Tutitoos/atenea/internal/supervisor/process.go:315.3,315.60 1 1
github.com/Tutitoos/atenea/internal/supervisor/process.go:316.8,318.3 1 1
github.com/Tutitoos/atenea/internal/supervisor/process.go:320.2,320.36 1 1
github.com/Tutitoos/atenea/internal/supervisor/process.go:320.36,322.3 1 0
github.com/Tutitoos/atenea/internal/supervisor/process.go:323.2,330.22 4 1
github.com/Tutitoos/atenea/internal/supervisor/process.go:330.22,332.3 1 1
github.com/Tutitoos/atenea/internal/supervisor/process.go:333.2,337.12 4 1
github.com/Tutitoos/atenea/internal/supervisor/process.go:337.12,337.36 1 1
github.com/Tutitoos/atenea/internal/supervisor/process.go:339.2,340.17 2 1
github.com/Tutitoos/atenea/internal/supervisor/process.go:341.26,342.39 1 0
github.com/Tutitoos/atenea/internal/supervisor/process.go:343.22,344.46 1 1
github.com/Tutitoos/atenea/internal/supervisor/process.go:347.2,353.9 6 1
github.com/Tutitoos/atenea/internal/supervisor/process.go:354.27,355.108 1 1
github.com/Tutitoos/atenea/internal/supervisor/process.go:356.16,358.71 2 1
github.com/Tutitoos/atenea/internal/supervisor/process.go:382.137,386.6 4 1
github.com/Tutitoos/atenea/internal/supervisor/process.go:386.6,387.10 1 1
github.com/Tutitoos/atenea/internal/supervisor/process.go:388.24,389.79 1 1
github.com/Tutitoos/atenea/internal/supervisor/process.go:390.17,398.34 3 0
github.com/Tutitoos/atenea/internal/supervisor/process.go:399.19,400.27 1 1
github.com/Tutitoos/atenea/internal/supervisor/process.go:400.27,402.5 1 1
github.com/Tutitoos/atenea/internal/supervisor/process.go:403.4,403.34 1 1
github.com/Tutitoos/atenea/internal/supervisor/process.go:403.34,407.5 3 1
github.com/Tutitoos/atenea/internal/supervisor/process.go:419.60,420.20 1 1
github.com/Tutitoos/atenea/internal/supervisor/process.go:420.20,424.3 3 1
github.com/Tutitoos/atenea/internal/supervisor/process.go:425.2,425.39 1 1
github.com/Tutitoos/atenea/internal/supervisor/process.go:425.39,427.3 1 0
github.com/Tutitoos/atenea/internal/supervisor/process.go:428.2,428.73 1 1
github.com/Tutitoos/atenea/internal/supervisor/process.go:434.66,436.9 2 1
github.com/Tutitoos/atenea/internal/supervisor/process.go:437.16,438.9 1 1
github.com/Tutitoos/atenea/internal/supervisor/process.go:439.38,439.38 0 1
github.com/Tutitoos/atenea/internal/supervisor/process.go:441.2,442.10 2 1
github.com/Tutitoos/atenea/internal/supervisor/process.go:447.43,448.38 1 1
github.com/Tutitoos/atenea/internal/supervisor/process.go:448.38,450.3 1 1
github.com/Tutitoos/atenea/internal/supervisor/process.go:451.2,451.12 1 0
github.com/Tutitoos/atenea/internal/supervisor/ring.go:23.31,25.2 1 1
github.com/Tutitoos/atenea/internal/supervisor/ring.go:30.45,34.44 4 1
github.com/Tutitoos/atenea/internal/supervisor/ring.go:34.44,36.3 1 1
github.com/Tutitoos/atenea/internal/supervisor/ring.go:37.2,37.20 1 1
github.com/Tutitoos/atenea/internal/supervisor/ring.go:42.32,46.2 3 1
github.com/Tutitoos/atenea/internal/supervisor/supervisor.go:201.44,202.16 1 1
github.com/Tutitoos/atenea/internal/supervisor/supervisor.go:202.16,204.3 1 0
github.com/Tutitoos/atenea/internal/supervisor/supervisor.go:205.2,205.21 1 1
github.com/Tutitoos/atenea/internal/supervisor/supervisor.go:205.21,207.3 1 0
github.com/Tutitoos/atenea/internal/supervisor/supervisor.go:208.2,208.21 1 1
github.com/Tutitoos/atenea/internal/supervisor/supervisor.go:209.28,209.28 0 1
github.com/Tutitoos/atenea/internal/supervisor/supervisor.go:210.10,212.44 1 0
github.com/Tutitoos/atenea/internal/supervisor/supervisor.go:214.2,214.24 1 1
github.com/Tutitoos/atenea/internal/supervisor/supervisor.go:214.24,217.3 1 0
github.com/Tutitoos/atenea/internal/supervisor/supervisor.go:218.2,218.23 1 1
github.com/Tutitoos/atenea/internal/supervisor/supervisor.go:218.23,220.3 1 1
github.com/Tutitoos/atenea/internal/supervisor/supervisor.go:221.2,221.21 1 1
github.com/Tutitoos/atenea/internal/supervisor/supervisor.go:222.21,223.19 1 1
github.com/Tutitoos/atenea/internal/supervisor/supervisor.go:223.19,225.4 1 1
github.com/Tutitoos/atenea/internal/supervisor/supervisor.go:226.22,227.58 1 1
github.com/Tutitoos/atenea/internal/supervisor/supervisor.go:227.58,231.4 1 1
github.com/Tutitoos/atenea/internal/supervisor/supervisor.go:232.10,234.53 1 0
github.com/Tutitoos/atenea/internal/supervisor/supervisor.go:236.2,236.23 1 1
github.com/Tutitoos/atenea/internal/supervisor/supervisor.go:236.23,238.3 1 1
github.com/Tutitoos/atenea/internal/supervisor/supervisor.go:239.2,239.65 1 1
github.com/Tutitoos/atenea/internal/supervisor/supervisor.go:239.65,242.3 1 0
github.com/Tutitoos/atenea/internal/supervisor/supervisor.go:243.2,243.24 1 1
github.com/Tutitoos/atenea/internal/supervisor/supervisor.go:243.24,245.3 1 1
github.com/Tutitoos/atenea/internal/supervisor/supervisor.go:246.2,246.25 1 1
github.com/Tutitoos/atenea/internal/supervisor/supervisor.go:246.25,248.3 1 1
github.com/Tutitoos/atenea/internal/supervisor/supervisor.go:249.2,249.25 1 1
github.com/Tutitoos/atenea/internal/supervisor/supervisor.go:249.25,251.3 1 1
github.com/Tutitoos/atenea/internal/supervisor/supervisor.go:252.2,252.24 1 1
github.com/Tutitoos/atenea/internal/supervisor/supervisor.go:252.24,254.3 1 1
github.com/Tutitoos/atenea/internal/supervisor/supervisor.go:255.2,255.22 1 1
github.com/Tutitoos/atenea/internal/supervisor/supervisor.go:255.22,257.3 1 1
github.com/Tutitoos/atenea/internal/supervisor/supervisor.go:258.2,258.19 1 1
github.com/Tutitoos/atenea/internal/supervisor/supervisor.go:258.19,260.3 1 1
github.com/Tutitoos/atenea/internal/supervisor/supervisor.go:261.2,261.15 1 1
github.com/Tutitoos/atenea/internal/supervisor/supervisor.go:284.32,285.11 1 1
github.com/Tutitoos/atenea/internal/supervisor/supervisor.go:286.20,287.19 1 1
github.com/Tutitoos/atenea/internal/supervisor/supervisor.go:288.21,289.20 1 1
github.com/Tutitoos/atenea/internal/supervisor/supervisor.go:290.18,291.17 1 1
github.com/Tutitoos/atenea/internal/supervisor/supervisor.go:292.23,293.22 1 1
github.com/Tutitoos/atenea/internal/supervisor/supervisor.go:294.17,295.16 1 1
github.com/Tutitoos/atenea/internal/supervisor/supervisor.go:296.10,297.19 1 1
github.com/Tutitoos/atenea/internal/supervisor/supervisor.go:328.46,333.29 2 1
github.com/Tutitoos/atenea/internal/supervisor/supervisor.go:333.29,335.17 2 1
github.com/Tutitoos/atenea/internal/supervisor/supervisor.go:335.17,337.4 1 0
github.com/Tutitoos/atenea/internal/supervisor/supervisor.go:338.3,338.39 1 1
github.com/Tutitoos/atenea/internal/supervisor/supervisor.go:338.39,340.4 1 0
github.com/Tutitoos/atenea/internal/supervisor/supervisor.go:341.3,341.39 1 1
github.com/Tutitoos/atenea/internal/supervisor/supervisor.go:341.39,343.18 2 1
github.com/Tutitoos/atenea/internal/supervisor/supervisor.go:343.18,345.5 1 0
github.com/Tutitoos/atenea/internal/supervisor/supervisor.go:346.4,346.21 1 1
github.com/Tutitoos/atenea/internal/supervisor/supervisor.go:348.3,349.38 2 1
github.com/Tutitoos/atenea/internal/supervisor/supervisor.go:351.2,351.15 1 1
github.com/Tutitoos/atenea/internal/supervisor/supervisor.go:356.56,358.9 2 1
github.com/Tutitoos/atenea/internal/supervisor/supervisor.go:358.9,360.3 1 1
github.com/Tutitoos/atenea/internal/supervisor/supervisor.go:361.2,361.15 1 1
github.com/Tutitoos/atenea/internal/supervisor/supervisor.go:369.58,371.16 2 1
github.com/Tutitoos/atenea/internal/supervisor/supervisor.go:371.16,373.3 1 1
github.com/Tutitoos/atenea/internal/supervisor/supervisor.go:374.2,374.39 1 1
github.com/Tutitoos/atenea/internal/supervisor/supervisor.go:374.39,376.3 1 0
github.com/Tutitoos/atenea/internal/supervisor/supervisor.go:377.2,377.24 1 1
github.com/Tutitoos/atenea/internal/supervisor/supervisor.go:383.82,385.16 2 1
github.com/Tutitoos/atenea/internal/supervisor/supervisor.go:385.16,387.3 1 0
github.com/Tutitoos/atenea/internal/supervisor/supervisor.go:388.2,388.27 1 1
github.com/Tutitoos/atenea/internal/supervisor/supervisor.go:394.68,396.16 2 1
github.com/Tutitoos/atenea/internal/supervisor/supervisor.go:396.16,398.3 1 0
github.com/Tutitoos/atenea/internal/supervisor/supervisor.go:399.2,399.24 1 1
github.com/Tutitoos/atenea/internal/supervisor/supervisor.go:404.41,405.38 1 1
github.com/Tutitoos/atenea/internal/supervisor/supervisor.go:405.38,407.3 1 1
github.com/Tutitoos/atenea/internal/supervisor/supervisor.go:411.41,412.38 1 1
github.com/Tutitoos/atenea/internal/supervisor/supervisor.go:412.38,414.3 1 1
github.com/Tutitoos/atenea/internal/supervisor/supervisor.go:424.50,428.29 1 1
github.com/Tutitoos/atenea/internal/supervisor/supervisor.go:428.29,430.73 2 1
github.com/Tutitoos/atenea/internal/supervisor/supervisor.go:430.73,431.12 1 1
github.com/Tutitoos/atenea/internal/supervisor/supervisor.go:433.3,433.23 1 1
github.com/Tutitoos/atenea/internal/supervisor/supervisor.go:433.23,433.52 1 1
github.com/Tutitoos/atenea/internal/supervisor/supervisor.go:435.2,435.29 1 1
github.com/Tutitoos/atenea/internal/supervisor/supervisor.go:435.29,437.73 2 1
github.com/Tutitoos/atenea/internal/supervisor/supervisor.go:437.73,439.4 1 0
github.com/Tutitoos/atenea/internal/supervisor/supervisor.go:446.49,448.29 2 1
github.com/Tutitoos/atenea/internal/supervisor/supervisor.go:448.29,449.45 1 1
github.com/Tutitoos/atenea/internal/supervisor/supervisor.go:449.45,451.9 2 1
github.com/Tutitoos/atenea/internal/supervisor/supervisor.go:454.2,454.18 1 1
github.com/Tutitoos/atenea/internal/supervisor/supervisor.go:454.18,456.3 1 0
github.com/Tutitoos/atenea/internal/supervisor/supervisor.go:457.2,457.21 1 1
github.com/Tutitoos/atenea/internal/supervisor/supervisor.go:457.21,457.39 1 1
github.com/Tutitoos/atenea/internal/supervisor/supervisor.go:460.48,463.6 3 1
github.com/Tutitoos/atenea/internal/supervisor/supervisor.go:463.6,464.10 1 1
github.com/Tutitoos/atenea/internal/supervisor/supervisor.go:465.21,466.10 1 0
github.com/Tutitoos/atenea/internal/supervisor/supervisor.go:467.20,468.10 1 1
github.com/Tutitoos/atenea/internal/supervisor/supervisor.go:469.19,470.31 1 0
github.com/Tutitoos/atenea/internal/supervisor/supervisor.go:470.31,472.37 2 0
github.com/Tutitoos/atenea/internal/supervisor/supervisor.go:472.37,474.6 1 0
github.com/Tutitoos/atenea/internal/supervisor/supervisor.go:484.29,485.23 1 1
github.com/Tutitoos/atenea/internal/supervisor/supervisor.go:485.23,485.43 1 1
github.com/Tutitoos/atenea/internal/supervisor/supervisor.go:486.2,487.29 2 1
github.com/Tutitoos/atenea/internal/supervisor/supervisor.go:487.29,490.23 3 1
github.com/Tutitoos/atenea/internal/supervisor/supervisor.go:490.23,493.4 2 1
github.com/Tutitoos/atenea/internal/supervisor/supervisor.go:495.2,495.11 1 1
github.com/Tutitoos/atenea/internal/supervisor/supervisor.go:499.40,501.29 2 1
github.com/Tutitoos/atenea/internal/supervisor/supervisor.go:501.29,503.3 1 1
github.com/Tutitoos/atenea/internal/supervisor/supervisor.go:504.2,504.12 1 1
github.com/Tutitoos/atenea/cmd/atenea/agent.go:32.72,39.56 1 1
github.com/Tutitoos/atenea/cmd/atenea/agent.go:39.56,42.3 1 1
github.com/Tutitoos/atenea/cmd/atenea/agent.go:43.2,53.42 10 1
github.com/Tutitoos/atenea/cmd/atenea/agent.go:53.42,55.3 1 1
github.com/Tutitoos/atenea/cmd/atenea/agent.go:56.2,62.29 2 1
github.com/Tutitoos/atenea/cmd/atenea/agent.go:62.29,63.35 1 1
github.com/Tutitoos/atenea/cmd/atenea/agent.go:63.35,67.4 1 1
github.com/Tutitoos/atenea/cmd/atenea/agent.go:70.2,71.16 2 0
github.com/Tutitoos/atenea/cmd/atenea/agent.go:71.16,73.3 1 0
github.com/Tutitoos/atenea/cmd/atenea/agent.go:74.2,75.16 2 0
github.com/Tutitoos/atenea/cmd/atenea/agent.go:75.16,77.3 1 0
github.com/Tutitoos/atenea/cmd/atenea/agent.go:79.2,81.16 3 0
github.com/Tutitoos/atenea/cmd/atenea/agent.go:81.16,83.3 1 0
github.com/Tutitoos/atenea/cmd/atenea/agent.go:84.2,84.15 1 0
github.com/Tutitoos/atenea/cmd/atenea/agent.go:84.15,84.36 1 0
github.com/Tutitoos/atenea/cmd/atenea/agent.go:86.2,90.83 1 0
github.com/Tutitoos/atenea/cmd/atenea/agent.go:90.83,92.4 1 0
github.com/Tutitoos/atenea/cmd/atenea/agent.go:94.2,94.16 1 0
github.com/Tutitoos/atenea/cmd/atenea/agent.go:94.16,96.3 1 0
github.com/Tutitoos/atenea/cmd/atenea/agent.go:98.2,103.26 2 0
github.com/Tutitoos/atenea/cmd/atenea/agent.go:103.26,105.3 1 0
github.com/Tutitoos/atenea/cmd/atenea/agent.go:106.2,106.26 1 0
github.com/Tutitoos/atenea/cmd/atenea/agent.go:106.26,108.3 1 0
github.com/Tutitoos/atenea/cmd/atenea/agent.go:110.2,110.19 1 0
github.com/Tutitoos/atenea/cmd/atenea/agent.go:110.19,114.3 3 0
github.com/Tutitoos/atenea/cmd/atenea/agent.go:116.2,118.15 3 0
github.com/Tutitoos/atenea/cmd/atenea/agent.go:121.73,122.20 1 1
github.com/Tutitoos/atenea/cmd/atenea/agent.go:122.20,124.3 1 1
github.com/Tutitoos/atenea/cmd/atenea/agent.go:125.2,125.28 1 1
github.com/Tutitoos/atenea/cmd/atenea/agent.go:125.28,127.3 1 1
github.com/Tutitoos/atenea/cmd/atenea/agent.go:128.2,128.36 1 1
github.com/Tutitoos/atenea/cmd/atenea/agent.go:134.65,136.40 2 1
github.com/Tutitoos/atenea/cmd/atenea/agent.go:136.40,138.59 2 1
github.com/Tutitoos/atenea/cmd/atenea/agent.go:138.59,140.4 1 1
github.com/Tutitoos/atenea/cmd/atenea/agent.go:142.2,143.29 2 1
github.com/Tutitoos/atenea/cmd/atenea/agent.go:143.29,144.41 1 1
github.com/Tutitoos/atenea/cmd/atenea/agent.go:144.41,146.4 1 1
github.com/Tutitoos/atenea/cmd/atenea/agent.go:148.2,148.11 1 1
github.com/Tutitoos/atenea/cmd/atenea/agent.go:155.100,157.16 2 1
github.com/Tutitoos/atenea/cmd/atenea/agent.go:157.16,159.3 1 0
github.com/Tutitoos/atenea/cmd/atenea/agent.go:160.2,161.16 2 1
github.com/Tutitoos/atenea/cmd/atenea/agent.go:161.16,164.3 2 0
github.com/Tutitoos/atenea/cmd/atenea/agent.go:165.2,165.26 1 1
github.com/Tutitoos/atenea/cmd/atenea/agent.go:165.26,168.3 1 0
github.com/Tutitoos/atenea/cmd/atenea/agent.go:169.2,169.19 1 1
github.com/Tutitoos/atenea/cmd/atenea/agent.go:173.38,174.25 1 1
github.com/Tutitoos/atenea/cmd/atenea/agent.go:174.25,176.3 1 1
github.com/Tutitoos/atenea/cmd/atenea/agent.go:177.2,178.28 2 1
github.com/Tutitoos/atenea/cmd/atenea/agent.go:178.28,180.3 1 1
github.com/Tutitoos/atenea/cmd/atenea/agent.go:181.2,182.11 2 1
github.com/Tutitoos/atenea/cmd/atenea/agent.go:182.11,184.3 1 0
github.com/Tutitoos/atenea/cmd/atenea/agent.go:185.2,185.48 1 1
github.com/Tutitoos/atenea/cmd/atenea/agent.go:185.48,187.3 1 1
github.com/Tutitoos/atenea/cmd/atenea/agent.go:188.2,188.38 1 1
github.com/Tutitoos/atenea/cmd/atenea/agent.go:188.38,190.3 1 1
github.com/Tutitoos/atenea/cmd/atenea/agent.go:191.2,191.40 1 1
github.com/Tutitoos/atenea/cmd/atenea/agent.go:191.40,193.3 1 1
github.com/Tutitoos/atenea/cmd/atenea/agent.go:202.70,203.39 1 1
github.com/Tutitoos/atenea/cmd/atenea/agent.go:203.39,206.30 3 1
github.com/Tutitoos/atenea/cmd/atenea/agent.go:206.30,208.12 2 1
github.com/Tutitoos/atenea/cmd/atenea/agent.go:210.3,211.64 2 1
github.com/Tutitoos/atenea/cmd/atenea/agent.go:213.2,213.9 1 1
github.com/Tutitoos/atenea/cmd/atenea/agent.go:214.22,215.32 1 1
github.com/Tutitoos/atenea/cmd/atenea/agent.go:216.46,217.67 1 0
github.com/Tutitoos/atenea/cmd/atenea/agent.go:218.10,219.36 1 0
github.com/Tutitoos/atenea/cmd/atenea/agent.go:223.44,225.19 2 1
github.com/Tutitoos/atenea/cmd/atenea/agent.go:225.19,227.3 1 1
github.com/Tutitoos/atenea/cmd/atenea/agent.go:228.2,229.12 2 1
github.com/Tutitoos/atenea/cmd/atenea/agent.go:234.35,236.48 2 1
github.com/Tutitoos/atenea/cmd/atenea/agent.go:236.48,239.3 2 1
github.com/Tutitoos/atenea/cmd/atenea/agent.go:240.2,241.22 2 1
github.com/Tutitoos/atenea/cmd/atenea/agent.go:241.22,243.3 1 1
github.com/Tutitoos/atenea/cmd/atenea/agent.go:244.2,244.13 1 1
github.com/Tutitoos/atenea/cmd/atenea/agent.go:252.72,254.14 2 1
github.com/Tutitoos/atenea/cmd/atenea/agent.go:255.20,256.40 1 1
github.com/Tutitoos/atenea/cmd/atenea/agent.go:257.18,258.38 1 1
github.com/Tutitoos/atenea/cmd/atenea/agent.go:259.20,260.39 1 1
github.com/Tutitoos/atenea/cmd/atenea/agent.go:261.35,268.15 3 1
github.com/Tutitoos/atenea/cmd/atenea/agent.go:269.18,270.46 1 1
github.com/Tutitoos/atenea/cmd/atenea/agent.go:271.17,275.43 1 1
github.com/Tutitoos/atenea/cmd/atenea/agent.go:276.11,277.43 1 1
github.com/Tutitoos/atenea/cmd/atenea/agent.go:279.10,281.111 1 1
github.com/Tutitoos/atenea/cmd/atenea/agent.go:299.63,301.15 2 1
github.com/Tutitoos/atenea/cmd/atenea/agent.go:301.15,303.3 1 1
github.com/Tutitoos/atenea/cmd/atenea/agent.go:304.2,305.16 2 1
github.com/Tutitoos/atenea/cmd/atenea/agent.go:305.16,310.3 1 1
github.com/Tutitoos/atenea/cmd/atenea/agent.go:311.2,311.52 1 1
github.com/Tutitoos/atenea/cmd/atenea/agent.go:311.52,314.3 2 1
github.com/Tutitoos/atenea/cmd/atenea/agent.go:315.2,315.29 1 1
github.com/Tutitoos/atenea/cmd/atenea/agent.go:323.46,323.65 1 1
github.com/Tutitoos/atenea/cmd/atenea/agent.go:330.52,342.42 11 1
github.com/Tutitoos/atenea/cmd/atenea/agent.go:342.42,344.3 1 0
github.com/Tutitoos/atenea/cmd/atenea/agent.go:345.2,345.22 1 1
github.com/Tutitoos/atenea/cmd/atenea/agent.go:345.22,348.3 1 1
github.com/Tutitoos/atenea/cmd/atenea/agent.go:349.2,349.20 1 1
github.com/Tutitoos/atenea/cmd/atenea/agent.go:349.20,351.17 2 1
github.com/Tutitoos/atenea/cmd/atenea/agent.go:351.17,353.4 1 1
github.com/Tutitoos/atenea/cmd/atenea/agent.go:354.3,354.26 1 0
github.com/Tutitoos/atenea/cmd/atenea/agent.go:356.2,356.18 1 1
github.com/Tutitoos/atenea/cmd/atenea/agent.go:356.18,358.17 2 1
github.com/Tutitoos/atenea/cmd/atenea/agent.go:358.17,361.4 1 1
github.com/Tutitoos/atenea/cmd/atenea/agent.go:362.3,362.41 1 0
github.com/Tutitoos/atenea/cmd/atenea/agent.go:365.2,367.16 3 1
github.com/Tutitoos/atenea/cmd/atenea/agent.go:367.16,369.3 1 0
github.com/Tutitoos/atenea/cmd/atenea/agent.go:370.2,370.15 1 1
github.com/Tutitoos/atenea/cmd/atenea/agent.go:370.15,370.36 1 1
github.com/Tutitoos/atenea/cmd/atenea/agent.go:372.2,373.16 2 1
github.com/Tutitoos/atenea/cmd/atenea/agent.go:373.16,375.3 1 0
github.com/Tutitoos/atenea/cmd/atenea/agent.go:376.2,377.12 2 1
github.com/Tutitoos/atenea/cmd/atenea/agent.go:380.64,381.20 1 1
github.com/Tutitoos/atenea/cmd/atenea/agent.go:381.20,384.3 2 1
github.com/Tutitoos/atenea/cmd/atenea/agent.go:385.2,387.27 2 1
github.com/Tutitoos/atenea/cmd/atenea/agent.go:387.27,395.40 2 1
github.com/Tutitoos/atenea/cmd/atenea/agent.go:395.40,397.4 1 1
github.com/Tutitoos/atenea/cmd/atenea/agent.go:398.3,398.26 1 1
github.com/Tutitoos/atenea/cmd/atenea/agent.go:398.26,400.4 1 1
github.com/Tutitoos/atenea/cmd/atenea/agent.go:402.2,402.78 1 1
github.com/Tutitoos/atenea/cmd/atenea/agent.go:408.41,409.16 1 1
github.com/Tutitoos/atenea/cmd/atenea/agent.go:409.16,411.3 1 1
github.com/Tutitoos/atenea/cmd/atenea/agent.go:412.2,412.15 1 1
github.com/Tutitoos/atenea/cmd/atenea/agent.go:412.15,414.3 1 1
github.com/Tutitoos/atenea/cmd/atenea/agent.go:415.2,415.29 1 1
github.com/Tutitoos/atenea/cmd/atenea/agent.go:421.37,422.23 1 1
github.com/Tutitoos/atenea/cmd/atenea/agent.go:422.23,424.3 1 1
github.com/Tutitoos/atenea/cmd/atenea/agent.go:425.2,425.21 1 1
github.com/Tutitoos/atenea/cmd/atenea/agent.go:425.21,427.3 1 1
github.com/Tutitoos/atenea/cmd/atenea/agent.go:428.2,428.11 1 1
github.com/Tutitoos/atenea/cmd/atenea/agent.go:433.37,434.9 1 1
github.com/Tutitoos/atenea/cmd/atenea/agent.go:435.25,436.33 1 1
github.com/Tutitoos/atenea/cmd/atenea/agent.go:437.25,438.34 1 1
github.com/Tutitoos/atenea/cmd/atenea/agent.go:440.2,440.11 1 1
github.com/Tutitoos/atenea/cmd/atenea/agent.go:443.33,444.16 1 1
github.com/Tutitoos/atenea/cmd/atenea/agent.go:444.16,446.3 1 1
github.com/Tutitoos/atenea/cmd/atenea/agent.go:447.2,447.56 1 1
github.com/Tutitoos/atenea/cmd/atenea/agent.go:450.39,452.17 2 1
github.com/Tutitoos/atenea/cmd/atenea/agent.go:452.17,454.3 1 1
github.com/Tutitoos/atenea/cmd/atenea/agent.go:460.2,460.12 1 1
github.com/Tutitoos/atenea/cmd/atenea/agent.go:460.12,462.3 1 0
github.com/Tutitoos/atenea/cmd/atenea/agent.go:463.2,463.49 1 1
github.com/Tutitoos/atenea/cmd/atenea/agent.go:466.45,467.12 1 1
github.com/Tutitoos/atenea/cmd/atenea/agent.go:467.12,469.3 1 1
github.com/Tutitoos/atenea/cmd/atenea/agent.go:470.2,470.38 1 1
github.com/Tutitoos/atenea/cmd/atenea/floor.go:30.72,31.20 1 1
github.com/Tutitoos/atenea/cmd/atenea/floor.go:31.20,33.3 1 1
github.com/Tutitoos/atenea/cmd/atenea/floor.go:34.2,35.13 2 1
github.com/Tutitoos/atenea/cmd/atenea/floor.go:36.17,37.47 1 1
github.com/Tutitoos/atenea/cmd/atenea/floor.go:38.10,40.74 1 0
github.com/Tutitoos/atenea/cmd/atenea/floor.go:48.58,50.16 2 1
github.com/Tutitoos/atenea/cmd/atenea/floor.go:50.16,52.3 1 0
github.com/Tutitoos/atenea/cmd/atenea/floor.go:53.2,54.16 2 1
github.com/Tutitoos/atenea/cmd/atenea/floor.go:54.16,56.3 1 0
github.com/Tutitoos/atenea/cmd/atenea/floor.go:57.2,58.16 2 1
github.com/Tutitoos/atenea/cmd/atenea/floor.go:58.16,60.3 1 0
github.com/Tutitoos/atenea/cmd/atenea/floor.go:61.2,61.20 1 1
github.com/Tutitoos/atenea/cmd/atenea/floor.go:61.20,64.3 2 0
github.com/Tutitoos/atenea/cmd/atenea/floor.go:66.2,67.18 2 1
github.com/Tutitoos/atenea/cmd/atenea/floor.go:67.18,69.3 1 0
github.com/Tutitoos/atenea/cmd/atenea/floor.go:79.2,87.25 6 1
github.com/Tutitoos/atenea/cmd/atenea/floor.go:87.25,88.20 1 1
github.com/Tutitoos/atenea/cmd/atenea/floor.go:88.20,96.12 3 0
github.com/Tutitoos/atenea/cmd/atenea/floor.go:98.3,99.20 2 1
github.com/Tutitoos/atenea/cmd/atenea/floor.go:99.20,101.4 1 1
github.com/Tutitoos/atenea/cmd/atenea/floor.go:102.3,103.69 2 1
github.com/Tutitoos/atenea/cmd/atenea/floor.go:103.69,106.4 2 0
github.com/Tutitoos/atenea/cmd/atenea/floor.go:107.3,108.22 2 1
github.com/Tutitoos/atenea/cmd/atenea/floor.go:108.22,114.4 1 0
github.com/Tutitoos/atenea/cmd/atenea/floor.go:121.3,122.39 2 1
github.com/Tutitoos/atenea/cmd/atenea/floor.go:122.39,124.4 1 0
github.com/Tutitoos/atenea/cmd/atenea/floor.go:143.3,144.38 2 1
github.com/Tutitoos/atenea/cmd/atenea/floor.go:144.38,146.4 1 1
github.com/Tutitoos/atenea/cmd/atenea/floor.go:172.3,173.30 2 1
github.com/Tutitoos/atenea/cmd/atenea/floor.go:173.30,175.4 1 1
github.com/Tutitoos/atenea/cmd/atenea/floor.go:176.3,176.28 1 1
github.com/Tutitoos/atenea/cmd/atenea/floor.go:176.28,178.4 1 1
github.com/Tutitoos/atenea/cmd/atenea/floor.go:179.3,180.16 2 1
github.com/Tutitoos/atenea/cmd/atenea/floor.go:180.16,182.4 1 0
github.com/Tutitoos/atenea/cmd/atenea/floor.go:183.3,185.63 1 1
github.com/Tutitoos/atenea/cmd/atenea/floor.go:187.2,187.15 1 1
github.com/Tutitoos/atenea/cmd/atenea/floor.go:187.15,192.3 1 0
github.com/Tutitoos/atenea/cmd/atenea/floor.go:193.2,193.16 1 1
github.com/Tutitoos/atenea/cmd/atenea/floor.go:193.16,196.3 1 0
github.com/Tutitoos/atenea/cmd/atenea/floor.go:197.2,197.12 1 1
github.com/Tutitoos/atenea/cmd/atenea/floor.go:203.76,208.42 5 1
github.com/Tutitoos/atenea/cmd/atenea/floor.go:208.42,210.3 1 0
github.com/Tutitoos/atenea/cmd/atenea/floor.go:211.2,211.23 1 1
github.com/Tutitoos/atenea/cmd/atenea/floor.go:211.23,214.3 1 0
github.com/Tutitoos/atenea/cmd/atenea/floor.go:215.2,215.40 1 1
github.com/Tutitoos/atenea/cmd/atenea/floor.go:215.40,217.3 1 0
github.com/Tutitoos/atenea/cmd/atenea/floor.go:219.2,220.16 2 1
github.com/Tutitoos/atenea/cmd/atenea/floor.go:220.16,222.3 1 0
github.com/Tutitoos/atenea/cmd/atenea/floor.go:236.2,236.41 1 1
github.com/Tutitoos/atenea/cmd/atenea/floor.go:236.41,238.36 2 1
github.com/Tutitoos/atenea/cmd/atenea/floor.go:238.36,240.4 1 1
github.com/Tutitoos/atenea/cmd/atenea/floor.go:241.3,241.25 1 1
github.com/Tutitoos/atenea/cmd/atenea/floor.go:241.25,244.4 1 0
github.com/Tutitoos/atenea/cmd/atenea/floor.go:245.3,247.33 1 1
github.com/Tutitoos/atenea/cmd/atenea/floor.go:255.2,256.16 2 1
github.com/Tutitoos/atenea/cmd/atenea/floor.go:256.16,258.3 1 1
github.com/Tutitoos/atenea/cmd/atenea/floor.go:259.2,269.40 3 1
github.com/Tutitoos/atenea/cmd/atenea/floor.go:269.40,270.53 1 1
github.com/Tutitoos/atenea/cmd/atenea/floor.go:270.53,272.4 1 0
github.com/Tutitoos/atenea/cmd/atenea/floor.go:274.2,275.16 2 1
github.com/Tutitoos/atenea/cmd/atenea/floor.go:275.16,277.3 1 0
github.com/Tutitoos/atenea/cmd/atenea/floor.go:279.2,280.16 2 1
github.com/Tutitoos/atenea/cmd/atenea/floor.go:280.16,282.3 1 0
github.com/Tutitoos/atenea/cmd/atenea/floor.go:284.2,285.17 2 1
github.com/Tutitoos/atenea/cmd/atenea/floor.go:285.17,287.3 1 1
github.com/Tutitoos/atenea/cmd/atenea/floor.go:295.2,296.36 2 1
github.com/Tutitoos/atenea/cmd/atenea/floor.go:296.36,298.3 1 1
github.com/Tutitoos/atenea/cmd/atenea/floor.go:299.2,299.21 1 1
github.com/Tutitoos/atenea/cmd/atenea/floor.go:299.21,302.3 1 0
github.com/Tutitoos/atenea/cmd/atenea/floor.go:303.2,304.16 2 1
github.com/Tutitoos/atenea/cmd/atenea/floor.go:304.16,306.3 1 0
github.com/Tutitoos/atenea/cmd/atenea/floor.go:324.2,324.17 1 1
github.com/Tutitoos/atenea/cmd/atenea/floor.go:324.17,329.3 1 0
github.com/Tutitoos/atenea/cmd/atenea/floor.go:329.8,332.3 1 1
github.com/Tutitoos/atenea/cmd/atenea/floor.go:334.2,335.16 2 1
github.com/Tutitoos/atenea/cmd/atenea/floor.go:335.16,337.3 1 0
github.com/Tutitoos/atenea/cmd/atenea/floor.go:342.2,343.26 2 1
github.com/Tutitoos/atenea/cmd/atenea/floor.go:343.26,345.17 2 0
github.com/Tutitoos/atenea/cmd/atenea/floor.go:345.17,347.4 1 0
github.com/Tutitoos/atenea/cmd/atenea/floor.go:356.2,357.57 2 1
github.com/Tutitoos/atenea/cmd/atenea/floor.go:357.57,359.3 1 1
github.com/Tutitoos/atenea/cmd/atenea/floor.go:360.2,366.16 2 1
github.com/Tutitoos/atenea/cmd/atenea/floor.go:366.16,368.3 1 0
github.com/Tutitoos/atenea/cmd/atenea/floor.go:370.2,371.16 2 1
github.com/Tutitoos/atenea/cmd/atenea/floor.go:371.16,373.3 1 1
github.com/Tutitoos/atenea/cmd/atenea/floor.go:375.2,391.42 3 1
github.com/Tutitoos/atenea/cmd/atenea/floor.go:391.42,393.3 1 0
github.com/Tutitoos/atenea/cmd/atenea/floor.go:395.2,396.11 2 1
github.com/Tutitoos/atenea/cmd/atenea/floor.go:396.11,404.3 1 1
github.com/Tutitoos/atenea/cmd/atenea/floor.go:405.2,408.34 2 1
github.com/Tutitoos/atenea/cmd/atenea/floor.go:408.34,415.3 1 1
github.com/Tutitoos/atenea/cmd/atenea/floor.go:416.2,416.12 1 1
github.com/Tutitoos/atenea/cmd/atenea/floor.go:426.43,427.50 1 1
github.com/Tutitoos/atenea/cmd/atenea/floor.go:427.50,429.3 1 0
github.com/Tutitoos/atenea/cmd/atenea/floor.go:430.2,430.18 1 1
github.com/Tutitoos/atenea/cmd/atenea/floor.go:444.93,450.17 1 1
github.com/Tutitoos/atenea/cmd/atenea/floor.go:450.17,452.3 1 0
github.com/Tutitoos/atenea/cmd/atenea/floor.go:453.2,454.12 2 1
github.com/Tutitoos/atenea/cmd/atenea/floor.go:484.146,488.19 2 1
github.com/Tutitoos/atenea/cmd/atenea/floor.go:488.19,489.19 1 1
github.com/Tutitoos/atenea/cmd/atenea/floor.go:489.19,492.4 1 0
github.com/Tutitoos/atenea/cmd/atenea/floor.go:493.3,494.77 2 1
github.com/Tutitoos/atenea/cmd/atenea/floor.go:496.2,497.9 2 1
github.com/Tutitoos/atenea/cmd/atenea/floor.go:497.9,504.3 1 1
github.com/Tutitoos/atenea/cmd/atenea/floor.go:505.2,505.78 1 1
github.com/Tutitoos/atenea/cmd/atenea/floor.go:513.36,515.2 1 1
github.com/Tutitoos/atenea/cmd/atenea/floor.go:522.40,523.11 1 1
github.com/Tutitoos/atenea/cmd/atenea/floor.go:523.11,525.3 1 0
github.com/Tutitoos/atenea/cmd/atenea/floor.go:526.2,526.22 1 1
github.com/Tutitoos/atenea/cmd/atenea/floor.go:526.22,528.17 2 1
github.com/Tutitoos/atenea/cmd/atenea/floor.go:528.17,530.4 1 1
github.com/Tutitoos/atenea/cmd/atenea/floor.go:531.3,531.17 1 0
github.com/Tutitoos/atenea/cmd/atenea/floor.go:531.17,533.4 1 0
github.com/Tutitoos/atenea/cmd/atenea/floor.go:534.3,534.39 1 0
github.com/Tutitoos/atenea/cmd/atenea/floor.go:536.2,537.15 2 0
github.com/Tutitoos/atenea/cmd/atenea/floor.go:537.15,539.3 1 0
github.com/Tutitoos/atenea/cmd/atenea/floor.go:540.2,540.41 1 0
github.com/Tutitoos/atenea/cmd/atenea/floor.go:549.31,552.36 3 1
github.com/Tutitoos/atenea/cmd/atenea/floor.go:552.36,554.3 1 0
github.com/Tutitoos/atenea/cmd/atenea/floor.go:555.2,555.22 1 1
github.com/Tutitoos/atenea/cmd/atenea/floor.go:555.22,557.3 1 0
github.com/Tutitoos/atenea/cmd/atenea/floor.go:558.2,562.15 5 1
github.com/Tutitoos/atenea/cmd/atenea/floor.go:562.15,564.3 1 0
github.com/Tutitoos/atenea/cmd/atenea/floor.go:565.2,566.41 2 1
github.com/Tutitoos/atenea/cmd/atenea/floor.go:566.41,569.3 2 1
github.com/Tutitoos/atenea/cmd/atenea/floor.go:570.2,570.19 1 1
github.com/Tutitoos/atenea/cmd/atenea/json.go:102.66,115.72 2 1
github.com/Tutitoos/atenea/cmd/atenea/json.go:115.72,117.3 1 1
github.com/Tutitoos/atenea/cmd/atenea/json.go:117.5,120.3 2 1
github.com/Tutitoos/atenea/cmd/atenea/json.go:121.2,121.38 1 1
github.com/Tutitoos/atenea/cmd/atenea/json.go:121.38,127.3 1 1
github.com/Tutitoos/atenea/cmd/atenea/json.go:128.2,128.43 1 1
github.com/Tutitoos/atenea/cmd/atenea/json.go:128.43,130.3 1 0
github.com/Tutitoos/atenea/cmd/atenea/json.go:131.2,131.52 1 1
github.com/Tutitoos/atenea/cmd/atenea/json.go:131.52,133.3 1 1
github.com/Tutitoos/atenea/cmd/atenea/json.go:133.8,134.30 1 0
github.com/Tutitoos/atenea/cmd/atenea/json.go:134.30,136.30 2 0
github.com/Tutitoos/atenea/cmd/atenea/json.go:136.30,138.5 1 0
github.com/Tutitoos/atenea/cmd/atenea/json.go:139.4,139.38 1 0
github.com/Tutitoos/atenea/cmd/atenea/json.go:142.2,142.36 1 1
github.com/Tutitoos/atenea/cmd/atenea/json.go:142.36,144.3 1 1
github.com/Tutitoos/atenea/cmd/atenea/json.go:145.2,147.20 3 1
github.com/Tutitoos/atenea/cmd/atenea/json.go:150.56,167.53 2 1
github.com/Tutitoos/atenea/cmd/atenea/json.go:167.53,169.3 1 1
github.com/Tutitoos/atenea/cmd/atenea/json.go:170.2,170.50 1 1
github.com/Tutitoos/atenea/cmd/atenea/json.go:170.50,178.3 1 1
github.com/Tutitoos/atenea/cmd/atenea/json.go:179.2,179.45 1 1
github.com/Tutitoos/atenea/cmd/atenea/json.go:179.45,180.41 1 1
github.com/Tutitoos/atenea/cmd/atenea/json.go:180.41,186.4 1 1
github.com/Tutitoos/atenea/cmd/atenea/json.go:188.2,188.11 1 1
github.com/Tutitoos/atenea/cmd/atenea/json.go:245.81,256.16 3 1
github.com/Tutitoos/atenea/cmd/atenea/json.go:256.16,258.3 1 1
github.com/Tutitoos/atenea/cmd/atenea/json.go:259.2,259.33 1 1
github.com/Tutitoos/atenea/cmd/atenea/json.go:259.33,273.3 1 1
github.com/Tutitoos/atenea/cmd/atenea/json.go:274.2,274.33 1 1
github.com/Tutitoos/atenea/cmd/atenea/json.go:274.33,282.3 1 1
github.com/Tutitoos/atenea/cmd/atenea/json.go:283.2,285.20 3 1
github.com/Tutitoos/atenea/cmd/atenea/main.go:556.40,557.27 1 1
github.com/Tutitoos/atenea/cmd/atenea/main.go:557.27,558.37 1 1
github.com/Tutitoos/atenea/cmd/atenea/main.go:558.37,560.4 1 1
github.com/Tutitoos/atenea/cmd/atenea/main.go:562.2,562.14 1 1
github.com/Tutitoos/atenea/cmd/atenea/main.go:565.13,575.67 1 0
github.com/Tutitoos/atenea/cmd/atenea/main.go:575.67,577.3 1 0
github.com/Tutitoos/atenea/cmd/atenea/main.go:578.2,578.52 1 0
github.com/Tutitoos/atenea/cmd/atenea/main.go:578.52,581.3 2 0
github.com/Tutitoos/atenea/cmd/atenea/main.go:594.30,597.41 1 1
github.com/Tutitoos/atenea/cmd/atenea/main.go:597.41,599.3 1 1
github.com/Tutitoos/atenea/cmd/atenea/main.go:600.2,600.30 1 1
github.com/Tutitoos/atenea/cmd/atenea/main.go:601.36,602.11 1 1
github.com/Tutitoos/atenea/cmd/atenea/main.go:603.32,604.11 1 1
github.com/Tutitoos/atenea/cmd/atenea/main.go:605.60,606.11 1 1
github.com/Tutitoos/atenea/cmd/atenea/main.go:607.32,611.13 1 1
github.com/Tutitoos/atenea/cmd/atenea/main.go:612.72,613.11 1 0
github.com/Tutitoos/atenea/cmd/atenea/main.go:614.10,615.11 1 0
github.com/Tutitoos/atenea/cmd/atenea/main.go:619.46,624.43 5 1
github.com/Tutitoos/atenea/cmd/atenea/main.go:624.43,625.35 1 0
github.com/Tutitoos/atenea/cmd/atenea/main.go:625.35,628.4 2 0
github.com/Tutitoos/atenea/cmd/atenea/main.go:629.3,629.64 1 0
github.com/Tutitoos/atenea/cmd/atenea/main.go:632.2,633.20 2 1
github.com/Tutitoos/atenea/cmd/atenea/main.go:633.20,636.3 2 1
github.com/Tutitoos/atenea/cmd/atenea/main.go:638.2,639.72 2 1
github.com/Tutitoos/atenea/cmd/atenea/main.go:639.72,642.3 2 1
github.com/Tutitoos/atenea/cmd/atenea/main.go:643.2,643.17 1 1
github.com/Tutitoos/atenea/cmd/atenea/main.go:644.17,645.25 1 1
github.com/Tutitoos/atenea/cmd/atenea/main.go:646.16,647.38 1 1
github.com/Tutitoos/atenea/cmd/atenea/main.go:648.17,649.39 1 1
github.com/Tutitoos/atenea/cmd/atenea/main.go:650.19,651.54 1 1
github.com/Tutitoos/atenea/cmd/atenea/main.go:652.16,653.51 1 1
github.com/Tutitoos/atenea/cmd/atenea/main.go:654.16,655.51 1 1
github.com/Tutitoos/atenea/cmd/atenea/main.go:656.16,657.51 1 1
github.com/Tutitoos/atenea/cmd/atenea/main.go:658.14,659.49 1 1
github.com/Tutitoos/atenea/cmd/atenea/main.go:660.13,661.48 1 1
github.com/Tutitoos/atenea/cmd/atenea/main.go:662.16,663.51 1 1
github.com/Tutitoos/atenea/cmd/atenea/main.go:664.13,665.35 1 0
github.com/Tutitoos/atenea/cmd/atenea/main.go:666.13,667.59 1 1
github.com/Tutitoos/atenea/cmd/atenea/main.go:667.59,669.4 1 1
github.com/Tutitoos/atenea/cmd/atenea/main.go:670.3,670.28 1 1
github.com/Tutitoos/atenea/cmd/atenea/main.go:670.28,673.4 1 1
github.com/Tutitoos/atenea/cmd/atenea/main.go:674.3,674.31 1 0
github.com/Tutitoos/atenea/cmd/atenea/main.go:675.17,676.52 1 1
github.com/Tutitoos/atenea/cmd/atenea/main.go:677.19,678.54 1 1
github.com/Tutitoos/atenea/cmd/atenea/main.go:679.15,680.50 1 0
github.com/Tutitoos/atenea/cmd/atenea/main.go:681.20,685.28 1 0
github.com/Tutitoos/atenea/cmd/atenea/main.go:685.28,688.4 1 0
github.com/Tutitoos/atenea/cmd/atenea/main.go:689.3,689.52 1 0
github.com/Tutitoos/atenea/cmd/atenea/main.go:690.18,691.53 1 1
github.com/Tutitoos/atenea/cmd/atenea/main.go:692.16,693.37 1 0
github.com/Tutitoos/atenea/cmd/atenea/main.go:694.17,695.52 1 1
github.com/Tutitoos/atenea/cmd/atenea/main.go:696.16,697.51 1 1
github.com/Tutitoos/atenea/cmd/atenea/main.go:698.15,699.50 1 1
github.com/Tutitoos/atenea/cmd/atenea/main.go:700.16,701.51 1 1
github.com/Tutitoos/atenea/cmd/atenea/main.go:702.14,709.55 1 1
github.com/Tutitoos/atenea/cmd/atenea/main.go:710.20,711.41 1 0
github.com/Tutitoos/atenea/cmd/atenea/main.go:712.30,714.13 2 1
github.com/Tutitoos/atenea/cmd/atenea/main.go:715.10,716.84 1 1
github.com/Tutitoos/atenea/cmd/atenea/main.go:730.52,732.2 1 1
github.com/Tutitoos/atenea/cmd/atenea/main.go:736.59,738.2 1 0
github.com/Tutitoos/atenea/cmd/atenea/main.go:740.69,747.26 2 1
github.com/Tutitoos/atenea/cmd/atenea/main.go:747.26,749.3 1 0
github.com/Tutitoos/atenea/cmd/atenea/main.go:750.2,751.16 2 1
github.com/Tutitoos/atenea/cmd/atenea/main.go:751.16,753.3 1 0
github.com/Tutitoos/atenea/cmd/atenea/main.go:754.2,754.28 1 1
github.com/Tutitoos/atenea/cmd/atenea/main.go:757.38,761.2 3 1
github.com/Tutitoos/atenea/cmd/atenea/main.go:766.47,768.2 1 0
github.com/Tutitoos/atenea/cmd/atenea/main.go:770.76,771.20 1 1
github.com/Tutitoos/atenea/cmd/atenea/main.go:771.20,774.3 1 1
github.com/Tutitoos/atenea/cmd/atenea/main.go:775.2,776.16 2 1
github.com/Tutitoos/atenea/cmd/atenea/main.go:776.16,778.3 1 0
github.com/Tutitoos/atenea/cmd/atenea/main.go:779.2,779.24 1 1
github.com/Tutitoos/atenea/cmd/atenea/main.go:779.24,781.3 1 1
github.com/Tutitoos/atenea/cmd/atenea/main.go:782.2,782.52 1 1
github.com/Tutitoos/atenea/cmd/atenea/main.go:782.52,785.3 1 1
github.com/Tutitoos/atenea/cmd/atenea/main.go:786.2,789.72 4 1
github.com/Tutitoos/atenea/cmd/atenea/main.go:789.72,792.3 1 0
github.com/Tutitoos/atenea/cmd/atenea/main.go:793.2,794.16 2 1
github.com/Tutitoos/atenea/cmd/atenea/main.go:794.16,795.113 1 0
github.com/Tutitoos/atenea/cmd/atenea/main.go:795.113,797.21 2 0
github.com/Tutitoos/atenea/cmd/atenea/main.go:797.21,798.107 1 0
github.com/Tutitoos/atenea/cmd/atenea/main.go:798.107,800.6 1 0
github.com/Tutitoos/atenea/cmd/atenea/main.go:804.2,804.16 1 1
github.com/Tutitoos/atenea/cmd/atenea/main.go:804.16,805.88 1 0
github.com/Tutitoos/atenea/cmd/atenea/main.go:805.88,807.4 1 0
github.com/Tutitoos/atenea/cmd/atenea/main.go:808.3,808.64 1 0
github.com/Tutitoos/atenea/cmd/atenea/main.go:810.2,810.73 1 1
github.com/Tutitoos/atenea/cmd/atenea/main.go:810.73,813.3 1 0
github.com/Tutitoos/atenea/cmd/atenea/main.go:814.2,814.12 1 1
github.com/Tutitoos/atenea/cmd/atenea/main.go:814.12,817.3 2 1
github.com/Tutitoos/atenea/cmd/atenea/main.go:818.2,818.49 1 1
github.com/Tutitoos/atenea/cmd/atenea/main.go:818.49,821.3 1 0
github.com/Tutitoos/atenea/cmd/atenea/main.go:822.2,823.12 2 1
github.com/Tutitoos/atenea/cmd/atenea/main.go:826.79,832.68 6 1
github.com/Tutitoos/atenea/cmd/atenea/main.go:832.68,835.3 1 1
github.com/Tutitoos/atenea/cmd/atenea/main.go:836.2,837.16 2 1
github.com/Tutitoos/atenea/cmd/atenea/main.go:837.16,839.3 1 0
github.com/Tutitoos/atenea/cmd/atenea/main.go:840.2,841.16 2 1
github.com/Tutitoos/atenea/cmd/atenea/main.go:841.16,844.3 1 0
github.com/Tutitoos/atenea/cmd/atenea/main.go:845.2,846.16 2 1
github.com/Tutitoos/atenea/cmd/atenea/main.go:846.16,848.3 1 0
github.com/Tutitoos/atenea/cmd/atenea/main.go:849.2,849.12 1 1
github.com/Tutitoos/atenea/cmd/atenea/main.go:849.12,850.19 1 0
github.com/Tutitoos/atenea/cmd/atenea/main.go:850.19,852.4 1 0
github.com/Tutitoos/atenea/cmd/atenea/main.go:852.9,854.4 1 0
github.com/Tutitoos/atenea/cmd/atenea/main.go:855.3,855.13 1 0
github.com/Tutitoos/atenea/cmd/atenea/main.go:857.2,857.13 1 1
github.com/Tutitoos/atenea/cmd/atenea/main.go:857.13,860.3 2 1
github.com/Tutitoos/atenea/cmd/atenea/main.go:861.2,861.19 1 0
github.com/Tutitoos/atenea/cmd/atenea/main.go:861.19,864.3 2 0
github.com/Tutitoos/atenea/cmd/atenea/main.go:865.2,865.79 1 0
github.com/Tutitoos/atenea/cmd/atenea/main.go:865.79,868.3 1 0
github.com/Tutitoos/atenea/cmd/atenea/main.go:869.2,870.12 2 0
github.com/Tutitoos/atenea/cmd/atenea/main.go:873.58,875.16 2 1
github.com/Tutitoos/atenea/cmd/atenea/main.go:875.16,877.3 1 1
github.com/Tutitoos/atenea/cmd/atenea/main.go:893.2,893.69 1 1
github.com/Tutitoos/atenea/cmd/atenea/main.go:893.69,895.3 1 1
github.com/Tutitoos/atenea/cmd/atenea/main.go:896.2,897.16 2 1
github.com/Tutitoos/atenea/cmd/atenea/main.go:897.16,899.3 1 0
github.com/Tutitoos/atenea/cmd/atenea/main.go:900.2,900.15 1 1
github.com/Tutitoos/atenea/cmd/atenea/main.go:900.15,900.40 1 1
github.com/Tutitoos/atenea/cmd/atenea/main.go:901.2,901.42 1 1
github.com/Tutitoos/atenea/cmd/atenea/main.go:904.59,919.29 4 1
github.com/Tutitoos/atenea/cmd/atenea/main.go:919.29,926.3 1 1
github.com/Tutitoos/atenea/cmd/atenea/main.go:927.2,929.58 3 1
github.com/Tutitoos/atenea/cmd/atenea/main.go:929.58,931.3 1 0
github.com/Tutitoos/atenea/cmd/atenea/main.go:933.2,941.32 9 1
github.com/Tutitoos/atenea/cmd/atenea/main.go:941.32,943.3 1 1
github.com/Tutitoos/atenea/cmd/atenea/main.go:944.2,950.32 3 1
github.com/Tutitoos/atenea/cmd/atenea/main.go:950.32,952.3 1 1
github.com/Tutitoos/atenea/cmd/atenea/main.go:953.2,963.49 9 1
github.com/Tutitoos/atenea/cmd/atenea/main.go:963.49,965.43 2 1
github.com/Tutitoos/atenea/cmd/atenea/main.go:965.43,967.4 1 0
github.com/Tutitoos/atenea/cmd/atenea/main.go:968.3,968.51 1 1
github.com/Tutitoos/atenea/cmd/atenea/main.go:968.51,971.32 2 1
github.com/Tutitoos/atenea/cmd/atenea/main.go:971.32,973.5 1 0
github.com/Tutitoos/atenea/cmd/atenea/main.go:974.4,975.29 2 1
github.com/Tutitoos/atenea/cmd/atenea/main.go:975.29,977.5 1 0
github.com/Tutitoos/atenea/cmd/atenea/main.go:981.2,982.43 2 1
github.com/Tutitoos/atenea/cmd/atenea/main.go:982.43,987.3 1 1
github.com/Tutitoos/atenea/cmd/atenea/main.go:988.2,988.12 1 1
github.com/Tutitoos/atenea/cmd/atenea/main.go:1011.52,1012.28 1 1
github.com/Tutitoos/atenea/cmd/atenea/main.go:1012.28,1014.3 1 1
github.com/Tutitoos/atenea/cmd/atenea/main.go:1015.2,1016.36 2 1
github.com/Tutitoos/atenea/cmd/atenea/main.go:1016.36,1020.3 1 1
github.com/Tutitoos/atenea/cmd/atenea/main.go:1037.57,1040.42 3 1
github.com/Tutitoos/atenea/cmd/atenea/main.go:1040.42,1042.3 1 1
github.com/Tutitoos/atenea/cmd/atenea/main.go:1043.2,1046.21 3 1
github.com/Tutitoos/atenea/cmd/atenea/main.go:1046.21,1049.3 2 1
github.com/Tutitoos/atenea/cmd/atenea/main.go:1050.2,1051.9 2 1
github.com/Tutitoos/atenea/cmd/atenea/main.go:1052.28,1053.40 1 0
github.com/Tutitoos/atenea/cmd/atenea/main.go:1054.25,1057.31 1 1
github.com/Tutitoos/atenea/cmd/atenea/main.go:1058.10,1060.19 2 0
github.com/Tutitoos/atenea/cmd/atenea/main.go:1060.19,1062.4 1 0
github.com/Tutitoos/atenea/cmd/atenea/main.go:1064.2,1064.25 1 1
github.com/Tutitoos/atenea/cmd/atenea/main.go:1071.56,1072.32 1 1
github.com/Tutitoos/atenea/cmd/atenea/main.go:1072.32,1074.3 1 1
github.com/Tutitoos/atenea/cmd/atenea/main.go:1075.2,1076.37 2 0
github.com/Tutitoos/atenea/cmd/atenea/main.go:1076.37,1078.17 2 0
github.com/Tutitoos/atenea/cmd/atenea/main.go:1078.17,1080.4 1 0
github.com/Tutitoos/atenea/cmd/atenea/main.go:1081.3,1082.26 2 0
github.com/Tutitoos/atenea/cmd/atenea/main.go:1082.26,1084.4 1 0
github.com/Tutitoos/atenea/cmd/atenea/main.go:1085.3,1087.25 2 0
github.com/Tutitoos/atenea/cmd/atenea/main.go:1087.25,1089.4 1 0
github.com/Tutitoos/atenea/cmd/atenea/main.go:1090.3,1090.26 1 0
github.com/Tutitoos/atenea/cmd/atenea/main.go:1107.54,1108.30 1 1
github.com/Tutitoos/atenea/cmd/atenea/main.go:1108.30,1110.3 1 1
github.com/Tutitoos/atenea/cmd/atenea/main.go:1111.2,1112.35 2 1
github.com/Tutitoos/atenea/cmd/atenea/main.go:1112.35,1114.36 2 1
github.com/Tutitoos/atenea/cmd/atenea/main.go:1114.36,1116.4 1 1
github.com/Tutitoos/atenea/cmd/atenea/main.go:1117.3,1118.10 2 1
github.com/Tutitoos/atenea/cmd/atenea/main.go:1119.39,1120.35 1 1
github.com/Tutitoos/atenea/cmd/atenea/main.go:1121.23,1122.31 1 1
github.com/Tutitoos/atenea/cmd/atenea/main.go:1124.3,1125.30 2 1
github.com/Tutitoos/atenea/cmd/atenea/main.go:1125.30,1127.4 1 1
github.com/Tutitoos/atenea/cmd/atenea/main.go:1128.3,1130.17 2 1
github.com/Tutitoos/atenea/cmd/atenea/main.go:1130.17,1132.4 1 1
github.com/Tutitoos/atenea/cmd/atenea/main.go:1133.3,1133.24 1 1
github.com/Tutitoos/atenea/cmd/atenea/main.go:1133.24,1135.4 1 0
github.com/Tutitoos/atenea/cmd/atenea/main.go:1136.3,1136.50 1 1
github.com/Tutitoos/atenea/cmd/atenea/main.go:1143.41,1144.9 1 1
github.com/Tutitoos/atenea/cmd/atenea/main.go:1145.50,1146.45 1 1
github.com/Tutitoos/atenea/cmd/atenea/main.go:1147.54,1148.47 1 1
github.com/Tutitoos/atenea/cmd/atenea/main.go:1149.10,1150.24 1 1
github.com/Tutitoos/atenea/cmd/atenea/main.go:1160.63,1161.42 1 1
github.com/Tutitoos/atenea/cmd/atenea/main.go:1161.42,1163.3 1 1
github.com/Tutitoos/atenea/cmd/atenea/main.go:1164.2,1165.25 2 1
github.com/Tutitoos/atenea/cmd/atenea/main.go:1165.25,1167.3 1 1
github.com/Tutitoos/atenea/cmd/atenea/main.go:1168.2,1168.23 1 1
github.com/Tutitoos/atenea/cmd/atenea/main.go:1168.23,1170.3 1 1
github.com/Tutitoos/atenea/cmd/atenea/main.go:1171.2,1171.52 1 1
github.com/Tutitoos/atenea/cmd/atenea/main.go:1181.76,1184.27 3 1
github.com/Tutitoos/atenea/cmd/atenea/main.go:1184.27,1185.14 1 1
github.com/Tutitoos/atenea/cmd/atenea/main.go:1186.16,1187.18 1 1
github.com/Tutitoos/atenea/cmd/atenea/main.go:1188.16,1189.14 1 1
github.com/Tutitoos/atenea/cmd/atenea/main.go:1190.11,1192.53 1 1
github.com/Tutitoos/atenea/cmd/atenea/main.go:1195.2,1196.16 2 1
github.com/Tutitoos/atenea/cmd/atenea/main.go:1196.16,1198.3 1 0
github.com/Tutitoos/atenea/cmd/atenea/main.go:1199.2,1199.15 1 1
github.com/Tutitoos/atenea/cmd/atenea/main.go:1199.15,1199.40 1 1
github.com/Tutitoos/atenea/cmd/atenea/main.go:1200.2,1200.13 1 1
github.com/Tutitoos/atenea/cmd/atenea/main.go:1200.13,1202.17 2 1
github.com/Tutitoos/atenea/cmd/atenea/main.go:1202.17,1204.4 1 0
github.com/Tutitoos/atenea/cmd/atenea/main.go:1205.3,1206.13 2 1
github.com/Tutitoos/atenea/cmd/atenea/main.go:1208.2,1209.16 2 1
github.com/Tutitoos/atenea/cmd/atenea/main.go:1209.16,1211.3 1 0
github.com/Tutitoos/atenea/cmd/atenea/main.go:1212.2,1213.9 2 1
github.com/Tutitoos/atenea/cmd/atenea/main.go:1213.9,1215.3 1 1
github.com/Tutitoos/atenea/cmd/atenea/main.go:1216.2,1216.20 1 1
github.com/Tutitoos/atenea/cmd/atenea/main.go:1216.20,1217.30 1 1
github.com/Tutitoos/atenea/cmd/atenea/main.go:1217.30,1221.4 2 1
github.com/Tutitoos/atenea/cmd/atenea/main.go:1222.3,1223.13 2 1
github.com/Tutitoos/atenea/cmd/atenea/main.go:1225.2,1225.26 1 1
github.com/Tutitoos/atenea/cmd/atenea/main.go:1225.26,1226.12 1 1
github.com/Tutitoos/atenea/cmd/atenea/main.go:1226.12,1228.4 1 0
github.com/Tutitoos/atenea/cmd/atenea/main.go:1229.3,1233.21 2 1
github.com/Tutitoos/atenea/cmd/atenea/main.go:1233.21,1234.80 1 1
github.com/Tutitoos/atenea/cmd/atenea/main.go:1234.80,1236.5 1 1
github.com/Tutitoos/atenea/cmd/atenea/main.go:1239.2,1239.25 1 1
github.com/Tutitoos/atenea/cmd/atenea/main.go:1239.25,1242.3 1 1
github.com/Tutitoos/atenea/cmd/atenea/main.go:1243.2,1243.29 1 1
github.com/Tutitoos/atenea/cmd/atenea/main.go:1243.29,1245.3 1 1
github.com/Tutitoos/atenea/cmd/atenea/main.go:1246.2,1246.12 1 1
github.com/Tutitoos/atenea/cmd/atenea/main.go:1259.74,1261.41 2 1
github.com/Tutitoos/atenea/cmd/atenea/main.go:1261.41,1263.3 1 1
github.com/Tutitoos/atenea/cmd/atenea/main.go:1264.2,1271.42 8 1
github.com/Tutitoos/atenea/cmd/atenea/main.go:1271.42,1273.3 1 1
github.com/Tutitoos/atenea/cmd/atenea/main.go:1274.2,1274.22 1 1
github.com/Tutitoos/atenea/cmd/atenea/main.go:1274.22,1277.3 1 0
github.com/Tutitoos/atenea/cmd/atenea/main.go:1278.2,1279.16 2 1
github.com/Tutitoos/atenea/cmd/atenea/main.go:1279.16,1281.3 1 0
github.com/Tutitoos/atenea/cmd/atenea/main.go:1282.2,1282.15 1 1
github.com/Tutitoos/atenea/cmd/atenea/main.go:1282.15,1282.40 1 1
github.com/Tutitoos/atenea/cmd/atenea/main.go:1283.2,1283.14 1 1
github.com/Tutitoos/atenea/cmd/atenea/main.go:1283.14,1285.3 1 1
github.com/Tutitoos/atenea/cmd/atenea/main.go:1286.2,1286.10 1 1
github.com/Tutitoos/atenea/cmd/atenea/main.go:1286.10,1289.3 1 0
github.com/Tutitoos/atenea/cmd/atenea/main.go:1290.2,1290.42 1 1
github.com/Tutitoos/atenea/cmd/atenea/main.go:1296.73,1297.20 1 1
github.com/Tutitoos/atenea/cmd/atenea/main.go:1297.20,1300.3 1 1
github.com/Tutitoos/atenea/cmd/atenea/main.go:1301.2,1302.16 2 1
github.com/Tutitoos/atenea/cmd/atenea/main.go:1302.16,1304.3 1 0
github.com/Tutitoos/atenea/cmd/atenea/main.go:1305.2,1310.16 2 1
github.com/Tutitoos/atenea/cmd/atenea/main.go:1310.16,1312.3 1 0
github.com/Tutitoos/atenea/cmd/atenea/main.go:1313.2,1313.17 1 1
github.com/Tutitoos/atenea/cmd/atenea/main.go:1314.14,1315.21 1 1
github.com/Tutitoos/atenea/cmd/atenea/main.go:1315.21,1317.4 1 1
github.com/Tutitoos/atenea/cmd/atenea/main.go:1318.3,1319.17 2 1
github.com/Tutitoos/atenea/cmd/atenea/main.go:1319.17,1321.4 1 0
github.com/Tutitoos/atenea/cmd/atenea/main.go:1322.3,1322.26 1 1
github.com/Tutitoos/atenea/cmd/atenea/main.go:1322.26,1325.4 2 0
github.com/Tutitoos/atenea/cmd/atenea/main.go:1326.3,1326.38 1 1
github.com/Tutitoos/atenea/cmd/atenea/main.go:1326.38,1328.4 1 1
github.com/Tutitoos/atenea/cmd/atenea/main.go:1329.3,1329.13 1 1
github.com/Tutitoos/atenea/cmd/atenea/main.go:1330.17,1332.33 2 1
github.com/Tutitoos/atenea/cmd/atenea/main.go:1332.33,1335.4 1 0
github.com/Tutitoos/atenea/cmd/atenea/main.go:1336.3,1336.33 1 1
github.com/Tutitoos/atenea/cmd/atenea/main.go:1336.33,1339.4 1 0
github.com/Tutitoos/atenea/cmd/atenea/main.go:1340.3,1340.14 1 1
github.com/Tutitoos/atenea/cmd/atenea/main.go:1340.14,1342.18 2 1
github.com/Tutitoos/atenea/cmd/atenea/main.go:1342.18,1344.5 1 0
github.com/Tutitoos/atenea/cmd/atenea/main.go:1345.4,1346.14 2 1
github.com/Tutitoos/atenea/cmd/atenea/main.go:1348.3,1348.79 1 1
github.com/Tutitoos/atenea/cmd/atenea/main.go:1348.79,1350.4 1 0
github.com/Tutitoos/atenea/cmd/atenea/main.go:1351.3,1352.13 2 1
github.com/Tutitoos/atenea/cmd/atenea/main.go:1353.17,1354.21 1 1
github.com/Tutitoos/atenea/cmd/atenea/main.go:1354.21,1357.4 1 1
github.com/Tutitoos/atenea/cmd/atenea/main.go:1358.3,1359.17 2 1
github.com/Tutitoos/atenea/cmd/atenea/main.go:1359.17,1361.4 1 0
github.com/Tutitoos/atenea/cmd/atenea/main.go:1362.3,1364.13 2 1
github.com/Tutitoos/atenea/cmd/atenea/main.go:1365.17,1366.47 1 1
github.com/Tutitoos/atenea/cmd/atenea/main.go:1366.47,1369.4 1 1
github.com/Tutitoos/atenea/cmd/atenea/main.go:1370.3,1370.78 1 1
github.com/Tutitoos/atenea/cmd/atenea/main.go:1370.78,1372.4 1 0
github.com/Tutitoos/atenea/cmd/atenea/main.go:1373.3,1374.13 2 1
github.com/Tutitoos/atenea/cmd/atenea/main.go:1375.10,1377.79 1 1
github.com/Tutitoos/atenea/cmd/atenea/main.go:1385.92,1386.28 1 1
github.com/Tutitoos/atenea/cmd/atenea/main.go:1386.28,1390.3 1 1
github.com/Tutitoos/atenea/cmd/atenea/main.go:1391.2,1392.16 2 1
github.com/Tutitoos/atenea/cmd/atenea/main.go:1392.16,1394.3 1 0
github.com/Tutitoos/atenea/cmd/atenea/main.go:1395.2,1395.26 1 1
github.com/Tutitoos/atenea/cmd/atenea/main.go:1395.26,1398.3 2 1
github.com/Tutitoos/atenea/cmd/atenea/main.go:1399.2,1401.12 2 1
github.com/Tutitoos/atenea/cmd/atenea/main.go:1404.82,1409.16 2 1
github.com/Tutitoos/atenea/cmd/atenea/main.go:1409.16,1411.3 1 0
github.com/Tutitoos/atenea/cmd/atenea/main.go:1412.2,1412.58 1 1
github.com/Tutitoos/atenea/cmd/atenea/main.go:1412.58,1412.88 1 1
github.com/Tutitoos/atenea/cmd/atenea/main.go:1413.2,1413.20 1 1
github.com/Tutitoos/atenea/cmd/atenea/main.go:1413.20,1416.3 2 1
github.com/Tutitoos/atenea/cmd/atenea/main.go:1421.2,1421.64 1 1
github.com/Tutitoos/atenea/cmd/atenea/main.go:1421.64,1423.26 2 1
github.com/Tutitoos/atenea/cmd/atenea/main.go:1423.26,1424.34 1 1
github.com/Tutitoos/atenea/cmd/atenea/main.go:1424.34,1426.5 1 1
github.com/Tutitoos/atenea/cmd/atenea/main.go:1428.3,1428.11 1 1
github.com/Tutitoos/atenea/cmd/atenea/main.go:1430.2,1430.55 1 1
github.com/Tutitoos/atenea/cmd/atenea/main.go:1430.55,1430.78 1 1
github.com/Tutitoos/atenea/cmd/atenea/main.go:1431.2,1431.59 1 1
github.com/Tutitoos/atenea/cmd/atenea/main.go:1431.59,1431.86 1 1
github.com/Tutitoos/atenea/cmd/atenea/main.go:1432.2,1432.55 1 1
github.com/Tutitoos/atenea/cmd/atenea/main.go:1432.55,1432.78 1 1
github.com/Tutitoos/atenea/cmd/atenea/main.go:1437.2,1437.52 1 1
github.com/Tutitoos/atenea/cmd/atenea/main.go:1437.52,1437.84 1 1
github.com/Tutitoos/atenea/cmd/atenea/main.go:1438.2,1441.25 2 1
github.com/Tutitoos/atenea/cmd/atenea/main.go:1441.25,1447.22 2 1
github.com/Tutitoos/atenea/cmd/atenea/main.go:1447.22,1449.4 1 1
github.com/Tutitoos/atenea/cmd/atenea/main.go:1450.3,1453.57 1 1
github.com/Tutitoos/atenea/cmd/atenea/main.go:1455.2,1463.25 2 1
github.com/Tutitoos/atenea/cmd/atenea/main.go:1463.25,1464.22 1 1
github.com/Tutitoos/atenea/cmd/atenea/main.go:1464.22,1465.12 1 1
github.com/Tutitoos/atenea/cmd/atenea/main.go:1467.3,1469.47 1 0
github.com/Tutitoos/atenea/cmd/atenea/main.go:1471.2,1471.12 1 1
github.com/Tutitoos/atenea/cmd/atenea/main.go:1474.52,1478.2 1 1
github.com/Tutitoos/atenea/cmd/atenea/main.go:1480.59,1482.16 2 1
github.com/Tutitoos/atenea/cmd/atenea/main.go:1482.16,1484.3 1 0
github.com/Tutitoos/atenea/cmd/atenea/main.go:1485.2,1485.15 1 1
github.com/Tutitoos/atenea/cmd/atenea/main.go:1485.15,1485.40 1 1
github.com/Tutitoos/atenea/cmd/atenea/main.go:1486.2,1487.53 2 1
github.com/Tutitoos/atenea/cmd/atenea/main.go:1487.53,1490.33 3 1
github.com/Tutitoos/atenea/cmd/atenea/main.go:1490.33,1492.4 1 0
github.com/Tutitoos/atenea/cmd/atenea/main.go:1493.3,1499.17 6 1
github.com/Tutitoos/atenea/cmd/atenea/main.go:1499.17,1501.4 1 0
github.com/Tutitoos/atenea/cmd/atenea/main.go:1502.3,1503.30 2 1
github.com/Tutitoos/atenea/cmd/atenea/main.go:1503.30,1515.4 5 1
github.com/Tutitoos/atenea/cmd/atenea/main.go:1516.3,1516.20 1 1
github.com/Tutitoos/atenea/cmd/atenea/main.go:1518.2,1518.12 1 1
github.com/Tutitoos/atenea/cmd/atenea/main.go:1521.73,1522.22 1 1
github.com/Tutitoos/atenea/cmd/atenea/main.go:1522.22,1525.3 2 1
github.com/Tutitoos/atenea/cmd/atenea/main.go:1526.2,1526.31 1 1
github.com/Tutitoos/atenea/cmd/atenea/main.go:1526.31,1528.21 2 1
github.com/Tutitoos/atenea/cmd/atenea/main.go:1528.21,1530.4 1 1
github.com/Tutitoos/atenea/cmd/atenea/main.go:1531.3,1532.28 2 1
github.com/Tutitoos/atenea/cmd/atenea/main.go:1532.28,1534.4 1 0
github.com/Tutitoos/atenea/cmd/atenea/main.go:1550.73,1557.42 7 1
github.com/Tutitoos/atenea/cmd/atenea/main.go:1557.42,1559.3 1 1
github.com/Tutitoos/atenea/cmd/atenea/main.go:1561.2,1565.16 4 1
github.com/Tutitoos/atenea/cmd/atenea/main.go:1565.16,1567.3 1 0
github.com/Tutitoos/atenea/cmd/atenea/main.go:1568.2,1568.13 1 1
github.com/Tutitoos/atenea/cmd/atenea/main.go:1568.13,1571.3 2 0
github.com/Tutitoos/atenea/cmd/atenea/main.go:1572.2,1574.12 3 1
github.com/Tutitoos/atenea/cmd/atenea/main.go:1607.106,1609.16 2 1
github.com/Tutitoos/atenea/cmd/atenea/main.go:1609.16,1611.3 1 0
github.com/Tutitoos/atenea/cmd/atenea/main.go:1612.2,1613.61 2 1
github.com/Tutitoos/atenea/cmd/atenea/main.go:1614.46,1615.71 1 1
github.com/Tutitoos/atenea/cmd/atenea/main.go:1616.10,1617.36 1 1
github.com/Tutitoos/atenea/cmd/atenea/main.go:1618.10,1623.43 1 1
github.com/Tutitoos/atenea/cmd/atenea/main.go:1623.43,1625.4 1 1
github.com/Tutitoos/atenea/cmd/atenea/main.go:1627.2,1628.16 2 1
github.com/Tutitoos/atenea/cmd/atenea/main.go:1628.16,1630.3 1 0
github.com/Tutitoos/atenea/cmd/atenea/main.go:1631.2,1631.15 1 1
github.com/Tutitoos/atenea/cmd/atenea/main.go:1631.15,1631.40 1 1
github.com/Tutitoos/atenea/cmd/atenea/main.go:1632.2,1633.16 2 1
github.com/Tutitoos/atenea/cmd/atenea/main.go:1633.16,1635.3 1 0
github.com/Tutitoos/atenea/cmd/atenea/main.go:1636.2,1636.27 1 1
github.com/Tutitoos/atenea/cmd/atenea/main.go:1651.82,1652.23 1 1
github.com/Tutitoos/atenea/cmd/atenea/main.go:1652.23,1660.3 3 1
github.com/Tutitoos/atenea/cmd/atenea/main.go:1661.2,1662.28 2 1
github.com/Tutitoos/atenea/cmd/atenea/main.go:1662.28,1665.11 3 1
github.com/Tutitoos/atenea/cmd/atenea/main.go:1665.11,1668.4 2 1
github.com/Tutitoos/atenea/cmd/atenea/main.go:1669.3,1670.19 2 1
github.com/Tutitoos/atenea/cmd/atenea/main.go:1670.19,1672.4 1 0
github.com/Tutitoos/atenea/cmd/atenea/main.go:1673.3,1677.24 3 1
github.com/Tutitoos/atenea/cmd/atenea/main.go:1677.24,1679.4 1 0
github.com/Tutitoos/atenea/cmd/atenea/main.go:1681.2,1688.17 2 1
github.com/Tutitoos/atenea/cmd/atenea/main.go:1688.17,1689.57 1 1
github.com/Tutitoos/atenea/cmd/atenea/main.go:1689.57,1692.4 1 1
github.com/Tutitoos/atenea/cmd/atenea/main.go:1694.2,1694.19 1 1
github.com/Tutitoos/atenea/cmd/atenea/main.go:1702.41,1703.16 1 1
github.com/Tutitoos/atenea/cmd/atenea/main.go:1703.16,1705.3 1 1
github.com/Tutitoos/atenea/cmd/atenea/main.go:1706.2,1707.9 2 1
github.com/Tutitoos/atenea/cmd/atenea/main.go:1708.18,1710.40 1 1
github.com/Tutitoos/atenea/cmd/atenea/main.go:1711.26,1712.67 1 1
github.com/Tutitoos/atenea/cmd/atenea/main.go:1714.2,1714.40 1 1
github.com/Tutitoos/atenea/cmd/atenea/main.go:1718.52,1720.28 2 1
github.com/Tutitoos/atenea/cmd/atenea/main.go:1720.28,1721.20 1 1
github.com/Tutitoos/atenea/cmd/atenea/main.go:1721.20,1723.4 1 1
github.com/Tutitoos/atenea/cmd/atenea/main.go:1725.2,1725.14 1 1
github.com/Tutitoos/atenea/cmd/atenea/main.go:1736.73,1741.42 5 1
github.com/Tutitoos/atenea/cmd/atenea/main.go:1741.42,1743.3 1 1
github.com/Tutitoos/atenea/cmd/atenea/main.go:1745.2,1746.16 2 1
github.com/Tutitoos/atenea/cmd/atenea/main.go:1746.16,1748.3 1 0
github.com/Tutitoos/atenea/cmd/atenea/main.go:1749.2,1750.16 2 1
github.com/Tutitoos/atenea/cmd/atenea/main.go:1750.16,1753.3 1 0
github.com/Tutitoos/atenea/cmd/atenea/main.go:1754.2,1755.9 2 1
github.com/Tutitoos/atenea/cmd/atenea/main.go:1755.9,1758.3 1 0
github.com/Tutitoos/atenea/cmd/atenea/main.go:1760.2,1761.16 2 1
github.com/Tutitoos/atenea/cmd/atenea/main.go:1761.16,1763.3 1 0
github.com/Tutitoos/atenea/cmd/atenea/main.go:1764.2,1765.40 2 1
github.com/Tutitoos/atenea/cmd/atenea/main.go:1765.40,1767.3 1 0
github.com/Tutitoos/atenea/cmd/atenea/main.go:1768.2,1773.13 2 1
github.com/Tutitoos/atenea/cmd/atenea/main.go:1773.13,1775.3 1 1
github.com/Tutitoos/atenea/cmd/atenea/main.go:1776.2,1777.12 2 1
github.com/Tutitoos/atenea/cmd/atenea/main.go:1780.61,1783.21 3 1
github.com/Tutitoos/atenea/cmd/atenea/main.go:1783.21,1786.3 2 0
github.com/Tutitoos/atenea/cmd/atenea/main.go:1787.2,1791.41 2 1
github.com/Tutitoos/atenea/cmd/atenea/main.go:1791.41,1793.3 1 0
github.com/Tutitoos/atenea/cmd/atenea/main.go:1794.2,1794.30 1 1
github.com/Tutitoos/atenea/cmd/atenea/main.go:1794.30,1800.3 2 0
github.com/Tutitoos/atenea/cmd/atenea/main.go:1801.2,1805.39 4 1
github.com/Tutitoos/atenea/cmd/atenea/main.go:1805.39,1806.52 1 1
github.com/Tutitoos/atenea/cmd/atenea/main.go:1806.52,1808.12 2 1
github.com/Tutitoos/atenea/cmd/atenea/main.go:1810.3,1810.19 1 1
github.com/Tutitoos/atenea/cmd/atenea/main.go:1810.19,1812.4 1 1
github.com/Tutitoos/atenea/cmd/atenea/main.go:1813.3,1815.29 3 1
github.com/Tutitoos/atenea/cmd/atenea/main.go:1815.29,1817.4 1 0
github.com/Tutitoos/atenea/cmd/atenea/main.go:1818.3,1820.29 2 1
github.com/Tutitoos/atenea/cmd/atenea/main.go:1820.29,1825.4 1 0
github.com/Tutitoos/atenea/cmd/atenea/main.go:1826.3,1826.31 1 1
github.com/Tutitoos/atenea/cmd/atenea/main.go:1826.31,1828.4 1 0
github.com/Tutitoos/atenea/cmd/atenea/main.go:1829.3,1829.34 1 1
github.com/Tutitoos/atenea/cmd/atenea/main.go:1829.34,1833.4 2 1
github.com/Tutitoos/atenea/cmd/atenea/main.go:1834.3,1834.23 1 1
github.com/Tutitoos/atenea/cmd/atenea/main.go:1834.23,1836.4 1 1
github.com/Tutitoos/atenea/cmd/atenea/main.go:1839.2,1839.16 1 1
github.com/Tutitoos/atenea/cmd/atenea/main.go:1839.16,1841.40 2 1
github.com/Tutitoos/atenea/cmd/atenea/main.go:1841.40,1842.52 1 1
github.com/Tutitoos/atenea/cmd/atenea/main.go:1842.52,1843.13 1 1
github.com/Tutitoos/atenea/cmd/atenea/main.go:1845.4,1846.30 2 1
github.com/Tutitoos/atenea/cmd/atenea/main.go:1846.30,1848.5 1 0
github.com/Tutitoos/atenea/cmd/atenea/main.go:1849.4,1849.60 1 1
github.com/Tutitoos/atenea/cmd/atenea/main.go:1855.2,1856.25 2 1
github.com/Tutitoos/atenea/cmd/atenea/main.go:1856.25,1857.18 1 0
github.com/Tutitoos/atenea/cmd/atenea/main.go:1857.18,1859.4 1 0
github.com/Tutitoos/atenea/cmd/atenea/main.go:1860.3,1860.9 1 0
github.com/Tutitoos/atenea/cmd/atenea/main.go:1862.2,1863.34 2 1
github.com/Tutitoos/atenea/cmd/atenea/main.go:1863.34,1865.3 1 1
github.com/Tutitoos/atenea/cmd/atenea/main.go:1868.71,1895.39 3 1
github.com/Tutitoos/atenea/cmd/atenea/main.go:1895.39,1909.3 1 1
github.com/Tutitoos/atenea/cmd/atenea/main.go:1910.2,1912.32 3 1
github.com/Tutitoos/atenea/cmd/atenea/main.go:1915.67,1916.23 1 1
github.com/Tutitoos/atenea/cmd/atenea/main.go:1916.23,1919.3 2 1
github.com/Tutitoos/atenea/cmd/atenea/main.go:1920.2,1920.33 1 1
github.com/Tutitoos/atenea/cmd/atenea/main.go:1920.33,1921.10 1 1
github.com/Tutitoos/atenea/cmd/atenea/main.go:1922.25,1923.104 1 1
github.com/Tutitoos/atenea/cmd/atenea/main.go:1924.21,1925.79 1 1
github.com/Tutitoos/atenea/cmd/atenea/main.go:1926.11,1927.108 1 1
github.com/Tutitoos/atenea/cmd/atenea/main.go:1932.73,1936.55 1 1
github.com/Tutitoos/atenea/cmd/atenea/main.go:1936.55,1939.3 1 1
github.com/Tutitoos/atenea/cmd/atenea/main.go:1940.2,1948.42 8 1
github.com/Tutitoos/atenea/cmd/atenea/main.go:1948.42,1950.3 1 0
github.com/Tutitoos/atenea/cmd/atenea/main.go:1951.2,1951.23 1 1
github.com/Tutitoos/atenea/cmd/atenea/main.go:1951.23,1954.3 1 0
github.com/Tutitoos/atenea/cmd/atenea/main.go:1956.2,1957.16 2 1
github.com/Tutitoos/atenea/cmd/atenea/main.go:1957.16,1959.3 1 0
github.com/Tutitoos/atenea/cmd/atenea/main.go:1960.2,1960.15 1 1
github.com/Tutitoos/atenea/cmd/atenea/main.go:1960.15,1960.40 1 1
github.com/Tutitoos/atenea/cmd/atenea/main.go:1961.2,1961.22 1 1
github.com/Tutitoos/atenea/cmd/atenea/main.go:1961.22,1963.22 2 1
github.com/Tutitoos/atenea/cmd/atenea/main.go:1963.22,1966.4 1 0
github.com/Tutitoos/atenea/cmd/atenea/main.go:1967.3,1967.27 1 1
github.com/Tutitoos/atenea/cmd/atenea/main.go:1970.2,1972.18 3 1
github.com/Tutitoos/atenea/cmd/atenea/main.go:1975.80,1976.31 1 1
github.com/Tutitoos/atenea/cmd/atenea/main.go:1976.31,1978.3 1 1
github.com/Tutitoos/atenea/cmd/atenea/main.go:1979.2,1981.22 3 1
github.com/Tutitoos/atenea/cmd/atenea/main.go:1981.22,1983.3 1 1
github.com/Tutitoos/atenea/cmd/atenea/main.go:1984.2,1984.42 1 1
github.com/Tutitoos/atenea/cmd/atenea/main.go:1984.42,1986.3 1 1
github.com/Tutitoos/atenea/cmd/atenea/main.go:1987.2,1987.31 1 1
github.com/Tutitoos/atenea/cmd/atenea/main.go:1987.31,1989.3 1 0
github.com/Tutitoos/atenea/cmd/atenea/main.go:1990.2,1991.40 2 1
github.com/Tutitoos/atenea/cmd/atenea/main.go:1991.40,1994.41 2 1
github.com/Tutitoos/atenea/cmd/atenea/main.go:1994.41,1996.25 2 1
github.com/Tutitoos/atenea/cmd/atenea/main.go:1996.25,1998.5 1 1
github.com/Tutitoos/atenea/cmd/atenea/main.go:2006.71,2010.56 1 1
github.com/Tutitoos/atenea/cmd/atenea/main.go:2010.56,2013.3 1 1
github.com/Tutitoos/atenea/cmd/atenea/main.go:2014.2,2030.42 16 1
github.com/Tutitoos/atenea/cmd/atenea/main.go:2030.42,2032.3 1 0
github.com/Tutitoos/atenea/cmd/atenea/main.go:2033.2,2033.23 1 1
github.com/Tutitoos/atenea/cmd/atenea/main.go:2033.23,2037.3 1 0
github.com/Tutitoos/atenea/cmd/atenea/main.go:2038.2,2039.16 2 1
github.com/Tutitoos/atenea/cmd/atenea/main.go:2039.16,2041.3 1 1
github.com/Tutitoos/atenea/cmd/atenea/main.go:2043.2,2044.16 2 1
github.com/Tutitoos/atenea/cmd/atenea/main.go:2044.16,2046.3 1 0
github.com/Tutitoos/atenea/cmd/atenea/main.go:2047.2,2047.15 1 1
github.com/Tutitoos/atenea/cmd/atenea/main.go:2047.15,2047.40 1 1
github.com/Tutitoos/atenea/cmd/atenea/main.go:2048.2,2048.13 1 1
github.com/Tutitoos/atenea/cmd/atenea/main.go:2048.13,2049.72 1 0
github.com/Tutitoos/atenea/cmd/atenea/main.go:2049.72,2051.4 1 0
github.com/Tutitoos/atenea/cmd/atenea/main.go:2053.2,2059.19 4 1
github.com/Tutitoos/atenea/cmd/atenea/main.go:2059.19,2060.14 1 1
github.com/Tutitoos/atenea/cmd/atenea/main.go:2060.14,2062.4 1 0
github.com/Tutitoos/atenea/cmd/atenea/main.go:2062.9,2064.4 1 1
github.com/Tutitoos/atenea/cmd/atenea/main.go:2066.2,2066.45 1 1
github.com/Tutitoos/atenea/cmd/atenea/main.go:2077.92,2082.65 1 1
github.com/Tutitoos/atenea/cmd/atenea/main.go:2082.65,2084.3 1 1
github.com/Tutitoos/atenea/cmd/atenea/main.go:2085.2,2086.55 2 1
github.com/Tutitoos/atenea/cmd/atenea/main.go:2086.55,2088.3 1 1
github.com/Tutitoos/atenea/cmd/atenea/main.go:2089.2,2089.19 1 1
github.com/Tutitoos/atenea/cmd/atenea/main.go:2089.19,2093.3 1 1
github.com/Tutitoos/atenea/cmd/atenea/main.go:2094.2,2094.59 1 1
github.com/Tutitoos/atenea/cmd/atenea/main.go:2094.59,2098.3 1 1
github.com/Tutitoos/atenea/cmd/atenea/main.go:2099.2,2099.12 1 1
github.com/Tutitoos/atenea/cmd/atenea/main.go:2106.70,2107.56 1 1
github.com/Tutitoos/atenea/cmd/atenea/main.go:2107.56,2110.3 1 1
github.com/Tutitoos/atenea/cmd/atenea/main.go:2111.2,2131.42 20 1
github.com/Tutitoos/atenea/cmd/atenea/main.go:2131.42,2133.3 1 0
github.com/Tutitoos/atenea/cmd/atenea/main.go:2134.2,2134.23 1 1
github.com/Tutitoos/atenea/cmd/atenea/main.go:2134.23,2137.3 1 0
github.com/Tutitoos/atenea/cmd/atenea/main.go:2138.2,2139.16 2 1
github.com/Tutitoos/atenea/cmd/atenea/main.go:2139.16,2141.3 1 1
github.com/Tutitoos/atenea/cmd/atenea/main.go:2143.2,2144.16 2 1
github.com/Tutitoos/atenea/cmd/atenea/main.go:2144.16,2146.3 1 0
github.com/Tutitoos/atenea/cmd/atenea/main.go:2147.2,2147.15 1 1
github.com/Tutitoos/atenea/cmd/atenea/main.go:2147.15,2147.40 1 1
github.com/Tutitoos/atenea/cmd/atenea/main.go:2148.2,2149.16 2 1
github.com/Tutitoos/atenea/cmd/atenea/main.go:2149.16,2151.3 1 1
github.com/Tutitoos/atenea/cmd/atenea/main.go:2155.2,2156.16 2 1
github.com/Tutitoos/atenea/cmd/atenea/main.go:2156.16,2158.3 1 1
github.com/Tutitoos/atenea/cmd/atenea/main.go:2162.2,2162.58 1 1
github.com/Tutitoos/atenea/cmd/atenea/main.go:2162.58,2164.3 1 1
github.com/Tutitoos/atenea/cmd/atenea/main.go:2165.2,2165.22 1 1
github.com/Tutitoos/atenea/cmd/atenea/main.go:2165.22,2167.22 2 0
github.com/Tutitoos/atenea/cmd/atenea/main.go:2167.22,2170.4 1 0
github.com/Tutitoos/atenea/cmd/atenea/main.go:2171.3,2171.27 1 0
github.com/Tutitoos/atenea/cmd/atenea/main.go:2173.2,2173.13 1 1
github.com/Tutitoos/atenea/cmd/atenea/main.go:2173.13,2174.97 1 0
github.com/Tutitoos/atenea/cmd/atenea/main.go:2174.97,2176.4 1 0
github.com/Tutitoos/atenea/cmd/atenea/main.go:2179.2,2190.19 4 1
github.com/Tutitoos/atenea/cmd/atenea/main.go:2190.19,2191.14 1 1
github.com/Tutitoos/atenea/cmd/atenea/main.go:2191.14,2193.4 1 0
github.com/Tutitoos/atenea/cmd/atenea/main.go:2193.9,2196.4 2 1
github.com/Tutitoos/atenea/cmd/atenea/main.go:2198.2,2198.45 1 1
github.com/Tutitoos/atenea/cmd/atenea/main.go:2208.73,2210.42 2 1
github.com/Tutitoos/atenea/cmd/atenea/main.go:2210.42,2212.3 1 1
github.com/Tutitoos/atenea/cmd/atenea/main.go:2213.2,2213.13 1 1
github.com/Tutitoos/atenea/cmd/atenea/main.go:2213.13,2214.21 1 1
github.com/Tutitoos/atenea/cmd/atenea/main.go:2214.21,2217.4 1 1
github.com/Tutitoos/atenea/cmd/atenea/main.go:2218.3,2218.42 1 1
github.com/Tutitoos/atenea/cmd/atenea/main.go:2221.2,2221.56 1 1
github.com/Tutitoos/atenea/cmd/atenea/main.go:2221.56,2225.3 1 1
github.com/Tutitoos/atenea/cmd/atenea/main.go:2226.2,2239.42 12 1
github.com/Tutitoos/atenea/cmd/atenea/main.go:2239.42,2241.3 1 1
github.com/Tutitoos/atenea/cmd/atenea/main.go:2242.2,2242.23 1 1
github.com/Tutitoos/atenea/cmd/atenea/main.go:2242.23,2245.3 1 1
github.com/Tutitoos/atenea/cmd/atenea/main.go:2246.2,2247.16 2 0
github.com/Tutitoos/atenea/cmd/atenea/main.go:2247.16,2249.3 1 0
github.com/Tutitoos/atenea/cmd/atenea/main.go:2251.2,2252.16 2 0
github.com/Tutitoos/atenea/cmd/atenea/main.go:2252.16,2254.3 1 0
github.com/Tutitoos/atenea/cmd/atenea/main.go:2255.2,2255.15 1 0
github.com/Tutitoos/atenea/cmd/atenea/main.go:2255.15,2255.40 1 0
github.com/Tutitoos/atenea/cmd/atenea/main.go:2256.2,2260.19 4 0
github.com/Tutitoos/atenea/cmd/atenea/main.go:2260.19,2261.14 1 0
github.com/Tutitoos/atenea/cmd/atenea/main.go:2261.14,2263.4 1 0
github.com/Tutitoos/atenea/cmd/atenea/main.go:2263.9,2265.4 1 0
github.com/Tutitoos/atenea/cmd/atenea/main.go:2267.2,2267.45 1 0
github.com/Tutitoos/atenea/cmd/atenea/main.go:2273.62,2275.16 2 1
github.com/Tutitoos/atenea/cmd/atenea/main.go:2275.16,2277.3 1 0
github.com/Tutitoos/atenea/cmd/atenea/main.go:2278.2,2278.15 1 1
github.com/Tutitoos/atenea/cmd/atenea/main.go:2278.15,2278.40 1 1
github.com/Tutitoos/atenea/cmd/atenea/main.go:2279.2,2279.37 1 1
github.com/Tutitoos/atenea/cmd/atenea/main.go:2279.37,2282.3 2 0
github.com/Tutitoos/atenea/cmd/atenea/main.go:2283.2,2284.16 2 1
github.com/Tutitoos/atenea/cmd/atenea/main.go:2284.16,2286.3 1 0
github.com/Tutitoos/atenea/cmd/atenea/main.go:2287.2,2287.26 1 1
github.com/Tutitoos/atenea/cmd/atenea/main.go:2287.26,2290.3 2 1
github.com/Tutitoos/atenea/cmd/atenea/main.go:2291.2,2291.31 1 0
github.com/Tutitoos/atenea/cmd/atenea/main.go:2291.31,2294.3 1 0
github.com/Tutitoos/atenea/cmd/atenea/main.go:2295.2,2295.12 1 0
github.com/Tutitoos/atenea/cmd/atenea/main.go:2302.74,2303.28 1 1
github.com/Tutitoos/atenea/cmd/atenea/main.go:2303.28,2305.3 1 0
github.com/Tutitoos/atenea/cmd/atenea/main.go:2306.2,2307.46 2 1
github.com/Tutitoos/atenea/cmd/atenea/main.go:2307.46,2309.3 1 1
github.com/Tutitoos/atenea/cmd/atenea/main.go:2315.2,2315.12 1 1
github.com/Tutitoos/atenea/cmd/atenea/main.go:2315.12,2316.47 1 1
github.com/Tutitoos/atenea/cmd/atenea/main.go:2316.47,2318.4 1 1
github.com/Tutitoos/atenea/cmd/atenea/main.go:2320.2,2321.69 2 1
github.com/Tutitoos/atenea/cmd/atenea/main.go:2321.69,2323.3 1 1
github.com/Tutitoos/atenea/cmd/atenea/main.go:2326.64,2327.31 1 1
github.com/Tutitoos/atenea/cmd/atenea/main.go:2328.22,2330.55 2 1
github.com/Tutitoos/atenea/cmd/atenea/main.go:2330.55,2332.4 1 1
github.com/Tutitoos/atenea/cmd/atenea/main.go:2333.13,2335.30 2 1
github.com/Tutitoos/atenea/cmd/atenea/main.go:2335.30,2337.4 1 1
github.com/Tutitoos/atenea/cmd/atenea/main.go:2338.10,2339.55 1 1
github.com/Tutitoos/atenea/cmd/atenea/main.go:2346.41,2346.73 1 1
github.com/Tutitoos/atenea/cmd/atenea/main.go:2347.41,2347.75 2 1
github.com/Tutitoos/atenea/cmd/atenea/main.go:2349.84,2351.42 2 1
github.com/Tutitoos/atenea/cmd/atenea/main.go:2351.42,2353.3 1 1
github.com/Tutitoos/atenea/cmd/atenea/main.go:2354.2,2355.26 2 1
github.com/Tutitoos/atenea/cmd/atenea/main.go:2355.26,2357.13 2 1
github.com/Tutitoos/atenea/cmd/atenea/main.go:2357.13,2360.4 1 1
github.com/Tutitoos/atenea/cmd/atenea/main.go:2361.3,2363.13 3 1
github.com/Tutitoos/atenea/cmd/atenea/main.go:2363.13,2366.4 1 1
github.com/Tutitoos/atenea/cmd/atenea/main.go:2367.3,2368.17 2 1
github.com/Tutitoos/atenea/cmd/atenea/main.go:2368.17,2370.4 1 1
github.com/Tutitoos/atenea/cmd/atenea/main.go:2373.3,2373.40 1 1
github.com/Tutitoos/atenea/cmd/atenea/main.go:2373.40,2374.45 1 0
github.com/Tutitoos/atenea/cmd/atenea/main.go:2374.45,2377.5 1 0
github.com/Tutitoos/atenea/cmd/atenea/main.go:2378.4,2379.12 2 0
github.com/Tutitoos/atenea/cmd/atenea/main.go:2381.3,2381.20 1 1
github.com/Tutitoos/atenea/cmd/atenea/main.go:2383.2,2383.17 1 1
github.com/Tutitoos/atenea/cmd/atenea/main.go:2386.60,2387.20 1 1
github.com/Tutitoos/atenea/cmd/atenea/main.go:2388.27,2389.18 1 1
github.com/Tutitoos/atenea/cmd/atenea/main.go:2390.24,2392.17 2 1
github.com/Tutitoos/atenea/cmd/atenea/main.go:2392.17,2395.4 1 1
github.com/Tutitoos/atenea/cmd/atenea/main.go:2396.3,2396.16 1 1
github.com/Tutitoos/atenea/cmd/atenea/main.go:2397.25,2399.17 2 0
github.com/Tutitoos/atenea/cmd/atenea/main.go:2399.17,2402.4 1 0
github.com/Tutitoos/atenea/cmd/atenea/main.go:2403.3,2403.16 1 0
github.com/Tutitoos/atenea/cmd/atenea/main.go:2404.31,2405.25 1 0
github.com/Tutitoos/atenea/cmd/atenea/main.go:2406.10,2410.69 1 0
github.com/Tutitoos/atenea/cmd/atenea/main.go:2417.40,2417.72 1 1
github.com/Tutitoos/atenea/cmd/atenea/main.go:2418.40,2418.74 2 1
github.com/Tutitoos/atenea/cmd/atenea/main.go:2424.42,2424.74 1 1
github.com/Tutitoos/atenea/cmd/atenea/main.go:2425.42,2425.76 2 1
github.com/Tutitoos/atenea/cmd/atenea/main.go:2429.58,2430.17 1 1
github.com/Tutitoos/atenea/cmd/atenea/main.go:2430.17,2432.3 1 1
github.com/Tutitoos/atenea/cmd/atenea/main.go:2433.2,2434.25 2 1
github.com/Tutitoos/atenea/cmd/atenea/main.go:2434.25,2436.17 2 1
github.com/Tutitoos/atenea/cmd/atenea/main.go:2436.17,2438.4 1 1
github.com/Tutitoos/atenea/cmd/atenea/main.go:2439.3,2439.28 1 1
github.com/Tutitoos/atenea/cmd/atenea/main.go:2441.2,2441.17 1 1
github.com/Tutitoos/atenea/cmd/atenea/main.go:2449.96,2451.16 2 0
github.com/Tutitoos/atenea/cmd/atenea/main.go:2451.16,2454.3 1 0
github.com/Tutitoos/atenea/cmd/atenea/main.go:2455.2,2455.40 1 0
github.com/Tutitoos/atenea/cmd/atenea/main.go:2455.40,2458.3 1 0
github.com/Tutitoos/atenea/cmd/atenea/main.go:2459.2,2460.16 2 0
github.com/Tutitoos/atenea/cmd/atenea/main.go:2460.16,2462.3 1 0
github.com/Tutitoos/atenea/cmd/atenea/main.go:2463.2,2464.22 2 0
github.com/Tutitoos/atenea/cmd/atenea/main.go:2464.22,2467.34 3 0
github.com/Tutitoos/atenea/cmd/atenea/main.go:2467.34,2469.4 1 0
github.com/Tutitoos/atenea/cmd/atenea/main.go:2470.3,2470.38 1 0
github.com/Tutitoos/atenea/cmd/atenea/main.go:2472.2,2476.36 5 0
github.com/Tutitoos/atenea/cmd/atenea/main.go:2476.36,2478.3 1 0
github.com/Tutitoos/atenea/cmd/atenea/main.go:2479.2,2480.55 1 0
github.com/Tutitoos/atenea/cmd/atenea/main.go:2480.55,2482.3 1 0
github.com/Tutitoos/atenea/cmd/atenea/main.go:2483.2,2483.79 1 0
github.com/Tutitoos/atenea/cmd/atenea/main.go:2486.74,2493.72 4 1
github.com/Tutitoos/atenea/cmd/atenea/main.go:2493.72,2495.3 1 1
github.com/Tutitoos/atenea/cmd/atenea/main.go:2495.5,2497.3 1 1
github.com/Tutitoos/atenea/cmd/atenea/main.go:2502.2,2505.38 2 1
github.com/Tutitoos/atenea/cmd/atenea/main.go:2505.38,2509.3 1 1
github.com/Tutitoos/atenea/cmd/atenea/main.go:2513.2,2513.25 1 1
github.com/Tutitoos/atenea/cmd/atenea/main.go:2513.25,2515.3 1 1
github.com/Tutitoos/atenea/cmd/atenea/main.go:2517.2,2517.33 1 1
github.com/Tutitoos/atenea/cmd/atenea/main.go:2517.33,2519.44 2 1
github.com/Tutitoos/atenea/cmd/atenea/main.go:2519.44,2521.4 1 1
github.com/Tutitoos/atenea/cmd/atenea/main.go:2524.2,2524.12 1 1
github.com/Tutitoos/atenea/cmd/atenea/main.go:2524.12,2527.3 2 1
github.com/Tutitoos/atenea/cmd/atenea/main.go:2529.2,2531.16 3 1
github.com/Tutitoos/atenea/cmd/atenea/main.go:2531.16,2533.3 1 1
github.com/Tutitoos/atenea/cmd/atenea/main.go:2534.2,2534.29 1 1
github.com/Tutitoos/atenea/cmd/atenea/main.go:2534.29,2536.29 2 1
github.com/Tutitoos/atenea/cmd/atenea/main.go:2536.29,2538.4 1 1
github.com/Tutitoos/atenea/cmd/atenea/main.go:2539.3,2539.70 1 1
github.com/Tutitoos/atenea/cmd/atenea/main.go:2542.2,2544.36 3 1
github.com/Tutitoos/atenea/cmd/atenea/main.go:2544.36,2552.32 2 1
github.com/Tutitoos/atenea/cmd/atenea/main.go:2552.32,2554.4 1 1
github.com/Tutitoos/atenea/cmd/atenea/main.go:2559.3,2559.53 1 1
github.com/Tutitoos/atenea/cmd/atenea/main.go:2559.53,2561.4 1 1
github.com/Tutitoos/atenea/cmd/atenea/main.go:2567.3,2567.51 1 1
github.com/Tutitoos/atenea/cmd/atenea/main.go:2567.51,2572.4 1 1
github.com/Tutitoos/atenea/cmd/atenea/main.go:2572.9,2575.29 2 1
github.com/Tutitoos/atenea/cmd/atenea/main.go:2575.29,2577.5 1 0
github.com/Tutitoos/atenea/cmd/atenea/main.go:2578.4,2578.26 1 1
github.com/Tutitoos/atenea/cmd/atenea/main.go:2578.26,2580.5 1 1
github.com/Tutitoos/atenea/cmd/atenea/main.go:2581.4,2581.22 1 1
github.com/Tutitoos/atenea/cmd/atenea/main.go:2581.22,2583.5 1 1
github.com/Tutitoos/atenea/cmd/atenea/main.go:2585.3,2585.47 1 1
github.com/Tutitoos/atenea/cmd/atenea/main.go:2585.47,2587.4 1 1
github.com/Tutitoos/atenea/cmd/atenea/main.go:2588.3,2588.58 1 1
github.com/Tutitoos/atenea/cmd/atenea/main.go:2588.58,2590.4 1 1
github.com/Tutitoos/atenea/cmd/atenea/main.go:2597.3,2597.64 1 1
github.com/Tutitoos/atenea/cmd/atenea/main.go:2597.64,2599.34 2 1
github.com/Tutitoos/atenea/cmd/atenea/main.go:2599.34,2601.5 1 0
github.com/Tutitoos/atenea/cmd/atenea/main.go:2602.4,2603.31 2 1
github.com/Tutitoos/atenea/cmd/atenea/main.go:2603.31,2606.5 1 0
github.com/Tutitoos/atenea/cmd/atenea/main.go:2608.3,2608.46 1 1
github.com/Tutitoos/atenea/cmd/atenea/main.go:2608.46,2609.42 1 1
github.com/Tutitoos/atenea/cmd/atenea/main.go:2609.42,2610.81 1 1
github.com/Tutitoos/atenea/cmd/atenea/main.go:2610.81,2611.14 1 1
github.com/Tutitoos/atenea/cmd/atenea/main.go:2613.5,2614.26 2 1
github.com/Tutitoos/atenea/cmd/atenea/main.go:2614.26,2616.6 1 0
github.com/Tutitoos/atenea/cmd/atenea/main.go:2627.2,2627.25 1 1
github.com/Tutitoos/atenea/cmd/atenea/main.go:2627.25,2629.28 2 1
github.com/Tutitoos/atenea/cmd/atenea/main.go:2629.28,2631.19 2 1
github.com/Tutitoos/atenea/cmd/atenea/main.go:2631.19,2633.5 1 0
github.com/Tutitoos/atenea/cmd/atenea/main.go:2648.81,2652.29 4 1
github.com/Tutitoos/atenea/cmd/atenea/main.go:2652.29,2653.37 1 1
github.com/Tutitoos/atenea/cmd/atenea/main.go:2653.37,2654.12 1 1
github.com/Tutitoos/atenea/cmd/atenea/main.go:2656.3,2658.46 3 1
github.com/Tutitoos/atenea/cmd/atenea/main.go:2658.46,2659.42 1 1
github.com/Tutitoos/atenea/cmd/atenea/main.go:2659.42,2661.18 2 1
github.com/Tutitoos/atenea/cmd/atenea/main.go:2661.18,2662.14 1 0
github.com/Tutitoos/atenea/cmd/atenea/main.go:2664.5,2665.23 2 1
github.com/Tutitoos/atenea/cmd/atenea/main.go:2665.23,2667.6 1 1
github.com/Tutitoos/atenea/cmd/atenea/main.go:2668.5,2668.16 1 1
github.com/Tutitoos/atenea/cmd/atenea/main.go:2672.2,2672.17 1 1
github.com/Tutitoos/atenea/cmd/atenea/main.go:2672.17,2674.3 1 1
github.com/Tutitoos/atenea/cmd/atenea/main.go:2675.2,2677.28 3 1
github.com/Tutitoos/atenea/cmd/atenea/main.go:2677.28,2678.27 1 1
github.com/Tutitoos/atenea/cmd/atenea/main.go:2678.27,2681.4 2 1
github.com/Tutitoos/atenea/cmd/atenea/main.go:2683.2,2683.27 1 1
github.com/Tutitoos/atenea/cmd/atenea/main.go:2698.50,2702.25 4 1
github.com/Tutitoos/atenea/cmd/atenea/main.go:2702.25,2703.32 1 1
github.com/Tutitoos/atenea/cmd/atenea/main.go:2704.23,2705.75 1 1
github.com/Tutitoos/atenea/cmd/atenea/main.go:2705.75,2708.5 2 1
github.com/Tutitoos/atenea/cmd/atenea/main.go:2709.4,2709.57 1 1
github.com/Tutitoos/atenea/cmd/atenea/main.go:2709.57,2710.23 1 1
github.com/Tutitoos/atenea/cmd/atenea/main.go:2710.23,2711.14 1 1
github.com/Tutitoos/atenea/cmd/atenea/main.go:2713.5,2713.22 1 1
github.com/Tutitoos/atenea/cmd/atenea/main.go:2715.14,2716.31 1 1
github.com/Tutitoos/atenea/cmd/atenea/main.go:2716.31,2718.5 1 1
github.com/Tutitoos/atenea/cmd/atenea/main.go:2721.2,2722.12 2 1
github.com/Tutitoos/atenea/cmd/atenea/main.go:2731.47,2732.38 1 1
github.com/Tutitoos/atenea/cmd/atenea/main.go:2733.16,2734.11 1 1
github.com/Tutitoos/atenea/cmd/atenea/main.go:2735.13,2737.26 2 0
github.com/Tutitoos/atenea/cmd/atenea/main.go:2737.26,2738.34 1 0
github.com/Tutitoos/atenea/cmd/atenea/main.go:2738.34,2740.5 1 0
github.com/Tutitoos/atenea/cmd/atenea/main.go:2742.3,2742.13 1 0
github.com/Tutitoos/atenea/cmd/atenea/main.go:2743.10,2744.13 1 1
github.com/Tutitoos/atenea/cmd/atenea/main.go:2748.55,2750.16 2 0
github.com/Tutitoos/atenea/cmd/atenea/main.go:2750.16,2752.3 1 0
github.com/Tutitoos/atenea/cmd/atenea/main.go:2753.2,2764.58 6 0
github.com/Tutitoos/atenea/cmd/atenea/main.go:2764.58,2766.3 1 0
github.com/Tutitoos/atenea/cmd/atenea/main.go:2767.2,2769.40 2 0
github.com/Tutitoos/atenea/cmd/atenea/main.go:2769.40,2771.3 1 0
github.com/Tutitoos/atenea/cmd/atenea/main.go:2772.2,2773.12 2 0
github.com/Tutitoos/atenea/cmd/atenea/main.go:2778.74,2779.20 1 1
github.com/Tutitoos/atenea/cmd/atenea/main.go:2779.20,2782.3 1 1
github.com/Tutitoos/atenea/cmd/atenea/main.go:2783.2,2783.17 1 1
github.com/Tutitoos/atenea/cmd/atenea/main.go:2784.17,2785.43 1 0
github.com/Tutitoos/atenea/cmd/atenea/main.go:2786.19,2787.31 1 0
github.com/Tutitoos/atenea/cmd/atenea/main.go:2788.16,2789.28 1 1
github.com/Tutitoos/atenea/cmd/atenea/main.go:2790.10,2791.95 1 1
github.com/Tutitoos/atenea/cmd/atenea/main.go:2802.63,2804.16 2 0
github.com/Tutitoos/atenea/cmd/atenea/main.go:2804.16,2806.3 1 0
github.com/Tutitoos/atenea/cmd/atenea/main.go:2807.2,2808.16 2 0
github.com/Tutitoos/atenea/cmd/atenea/main.go:2808.16,2810.3 1 0
github.com/Tutitoos/atenea/cmd/atenea/main.go:2811.2,2811.42 1 0
github.com/Tutitoos/atenea/cmd/atenea/main.go:2811.42,2813.3 1 0
github.com/Tutitoos/atenea/cmd/atenea/main.go:2814.2,2815.16 2 0
github.com/Tutitoos/atenea/cmd/atenea/main.go:2815.16,2817.3 1 0
github.com/Tutitoos/atenea/cmd/atenea/main.go:2819.2,2822.53 4 0
github.com/Tutitoos/atenea/cmd/atenea/main.go:2822.53,2830.3 3 0
github.com/Tutitoos/atenea/cmd/atenea/main.go:2831.2,2831.12 1 0
github.com/Tutitoos/atenea/cmd/atenea/main.go:2837.44,2841.16 2 0
github.com/Tutitoos/atenea/cmd/atenea/main.go:2841.16,2843.3 1 0
github.com/Tutitoos/atenea/cmd/atenea/main.go:2844.2,2844.44 1 0
github.com/Tutitoos/atenea/cmd/atenea/main.go:2844.44,2846.3 1 0
github.com/Tutitoos/atenea/cmd/atenea/main.go:2847.2,2848.12 2 0
github.com/Tutitoos/atenea/cmd/atenea/main.go:2855.41,2858.16 3 1
github.com/Tutitoos/atenea/cmd/atenea/main.go:2858.16,2861.3 2 0
github.com/Tutitoos/atenea/cmd/atenea/main.go:2862.2,2865.36 4 1
github.com/Tutitoos/atenea/cmd/atenea/main.go:2865.36,2867.3 1 1
github.com/Tutitoos/atenea/cmd/atenea/main.go:2867.8,2869.3 1 0
github.com/Tutitoos/atenea/cmd/atenea/main.go:2870.2,2871.72 2 1
github.com/Tutitoos/atenea/cmd/atenea/main.go:2871.72,2878.3 3 0
github.com/Tutitoos/atenea/cmd/atenea/main.go:2879.2,2879.12 1 1
github.com/Tutitoos/atenea/cmd/atenea/main.go:2885.78,2887.16 2 0
github.com/Tutitoos/atenea/cmd/atenea/main.go:2887.16,2890.3 1 0
github.com/Tutitoos/atenea/cmd/atenea/main.go:2891.2,2891.47 1 0
github.com/Tutitoos/atenea/cmd/atenea/main.go:2902.56,2903.20 1 1
github.com/Tutitoos/atenea/cmd/atenea/main.go:2903.20,2906.3 1 1
github.com/Tutitoos/atenea/cmd/atenea/main.go:2908.2,2909.23 2 1
github.com/Tutitoos/atenea/cmd/atenea/main.go:2909.23,2910.42 1 1
github.com/Tutitoos/atenea/cmd/atenea/main.go:2910.42,2912.4 1 1
github.com/Tutitoos/atenea/cmd/atenea/main.go:2913.3,2913.13 1 1
github.com/Tutitoos/atenea/cmd/atenea/main.go:2919.2,2919.40 1 1
github.com/Tutitoos/atenea/cmd/atenea/main.go:2919.40,2920.41 1 1
github.com/Tutitoos/atenea/cmd/atenea/main.go:2920.41,2921.13 1 1
github.com/Tutitoos/atenea/cmd/atenea/main.go:2921.13,2923.5 1 1
github.com/Tutitoos/atenea/cmd/atenea/main.go:2924.4,2924.54 1 1
github.com/Tutitoos/atenea/cmd/atenea/main.go:2924.54,2926.5 1 0
github.com/Tutitoos/atenea/cmd/atenea/main.go:2928.3,2928.13 1 1
github.com/Tutitoos/atenea/cmd/atenea/main.go:2931.2,2932.16 2 1
github.com/Tutitoos/atenea/cmd/atenea/main.go:2932.16,2934.3 1 1
github.com/Tutitoos/atenea/cmd/atenea/main.go:2935.2,2935.14 1 1
github.com/Tutitoos/atenea/cmd/atenea/main.go:2936.17,2937.38 1 0
github.com/Tutitoos/atenea/cmd/atenea/main.go:2938.19,2939.40 1 0
github.com/Tutitoos/atenea/cmd/atenea/main.go:2940.16,2941.37 1 0
github.com/Tutitoos/atenea/cmd/atenea/main.go:2942.10,2943.95 1 1
github.com/Tutitoos/atenea/cmd/atenea/main.go:2950.57,2951.19 1 1
github.com/Tutitoos/atenea/cmd/atenea/main.go:2952.9,2953.31 1 1
github.com/Tutitoos/atenea/cmd/atenea/main.go:2954.9,2955.33 1 0
github.com/Tutitoos/atenea/cmd/atenea/main.go:2956.10,2958.90 1 1
github.com/Tutitoos/atenea/cmd/atenea/main.go:2962.67,2964.16 2 0
github.com/Tutitoos/atenea/cmd/atenea/main.go:2964.16,2966.3 1 0
github.com/Tutitoos/atenea/cmd/atenea/main.go:2969.2,2972.22 4 0
github.com/Tutitoos/atenea/cmd/atenea/main.go:2972.22,2974.3 1 0
github.com/Tutitoos/atenea/cmd/atenea/main.go:2975.2,2975.34 1 0
github.com/Tutitoos/atenea/cmd/atenea/main.go:2975.34,2982.3 3 0
github.com/Tutitoos/atenea/cmd/atenea/main.go:2986.2,2987.12 2 0
github.com/Tutitoos/atenea/cmd/atenea/main.go:2990.69,2992.16 2 0
github.com/Tutitoos/atenea/cmd/atenea/main.go:2992.16,2994.3 1 0
github.com/Tutitoos/atenea/cmd/atenea/main.go:2995.2,2997.9 3 0
github.com/Tutitoos/atenea/cmd/atenea/main.go:2998.28,2999.86 1 0
github.com/Tutitoos/atenea/cmd/atenea/main.go:3000.25,3001.74 1 0
github.com/Tutitoos/atenea/cmd/atenea/main.go:3002.10,3003.71 1 0
github.com/Tutitoos/atenea/cmd/atenea/main.go:3005.2,3005.12 1 0
github.com/Tutitoos/atenea/cmd/atenea/main.go:3010.66,3021.19 8 1
github.com/Tutitoos/atenea/cmd/atenea/main.go:3021.19,3023.3 1 0
github.com/Tutitoos/atenea/cmd/atenea/main.go:3024.2,3024.37 1 1
github.com/Tutitoos/atenea/cmd/atenea/main.go:3024.37,3031.3 3 0
github.com/Tutitoos/atenea/cmd/atenea/main.go:3032.2,3032.38 1 1
github.com/Tutitoos/atenea/cmd/atenea/main.go:3032.38,3036.3 3 0
github.com/Tutitoos/atenea/cmd/atenea/main.go:3037.2,3037.12 1 1
github.com/Tutitoos/atenea/cmd/atenea/main.go:3040.56,3041.13 1 1
github.com/Tutitoos/atenea/cmd/atenea/main.go:3041.13,3043.3 1 1
github.com/Tutitoos/atenea/cmd/atenea/main.go:3044.2,3044.33 1 1
github.com/Tutitoos/atenea/cmd/atenea/main.go:3050.37,3051.15 1 1
github.com/Tutitoos/atenea/cmd/atenea/main.go:3051.15,3053.3 1 1
github.com/Tutitoos/atenea/cmd/atenea/main.go:3054.2,3054.19 1 1
github.com/Tutitoos/atenea/cmd/atenea/main.go:3054.19,3056.3 1 1
github.com/Tutitoos/atenea/cmd/atenea/main.go:3057.2,3057.12 1 0
github.com/Tutitoos/atenea/cmd/atenea/main.go:3063.31,3066.2 2 0
github.com/Tutitoos/atenea/cmd/atenea/main.go:3068.73,3069.20 1 1
github.com/Tutitoos/atenea/cmd/atenea/main.go:3069.20,3071.3 1 1
github.com/Tutitoos/atenea/cmd/atenea/main.go:3072.2,3072.17 1 1
github.com/Tutitoos/atenea/cmd/atenea/main.go:3073.14,3075.13 2 1
github.com/Tutitoos/atenea/cmd/atenea/main.go:3076.14,3077.42 1 1
github.com/Tutitoos/atenea/cmd/atenea/main.go:3078.14,3083.47 5 1
github.com/Tutitoos/atenea/cmd/atenea/main.go:3083.47,3085.4 1 0
github.com/Tutitoos/atenea/cmd/atenea/main.go:3086.3,3087.58 2 1
github.com/Tutitoos/atenea/cmd/atenea/main.go:3087.58,3089.4 1 1
github.com/Tutitoos/atenea/cmd/atenea/main.go:3090.3,3091.13 2 1
github.com/Tutitoos/atenea/cmd/atenea/main.go:3092.10,3093.94 1 1
github.com/Tutitoos/atenea/cmd/atenea/main.go:3105.62,3107.16 2 1
github.com/Tutitoos/atenea/cmd/atenea/main.go:3107.16,3109.3 1 0
github.com/Tutitoos/atenea/cmd/atenea/main.go:3110.2,3111.16 2 1
github.com/Tutitoos/atenea/cmd/atenea/main.go:3111.16,3113.3 1 0
github.com/Tutitoos/atenea/cmd/atenea/main.go:3115.2,3116.22 2 1
github.com/Tutitoos/atenea/cmd/atenea/main.go:3116.22,3119.3 1 1
github.com/Tutitoos/atenea/cmd/atenea/main.go:3119.8,3121.22 2 1
github.com/Tutitoos/atenea/cmd/atenea/main.go:3121.22,3123.4 1 1
github.com/Tutitoos/atenea/cmd/atenea/main.go:3124.3,3128.31 4 1
github.com/Tutitoos/atenea/cmd/atenea/main.go:3128.31,3134.4 1 0
github.com/Tutitoos/atenea/cmd/atenea/main.go:3139.2,3139.40 1 1
github.com/Tutitoos/atenea/cmd/atenea/main.go:3139.40,3140.58 1 1
github.com/Tutitoos/atenea/cmd/atenea/main.go:3140.58,3141.12 1 1
github.com/Tutitoos/atenea/cmd/atenea/main.go:3143.3,3148.92 6 1
github.com/Tutitoos/atenea/cmd/atenea/main.go:3151.2,3151.33 1 1
github.com/Tutitoos/atenea/cmd/atenea/main.go:3151.33,3153.43 2 1
github.com/Tutitoos/atenea/cmd/atenea/main.go:3153.43,3156.54 2 1
github.com/Tutitoos/atenea/cmd/atenea/main.go:3156.54,3158.5 1 1
github.com/Tutitoos/atenea/cmd/atenea/main.go:3159.4,3160.66 1 1
github.com/Tutitoos/atenea/cmd/atenea/main.go:3164.2,3166.15 3 1
github.com/Tutitoos/atenea/cmd/atenea/main.go:3166.15,3168.3 1 1
github.com/Tutitoos/atenea/cmd/atenea/main.go:3169.2,3175.40 2 1
github.com/Tutitoos/atenea/cmd/atenea/main.go:3175.40,3176.43 1 1
github.com/Tutitoos/atenea/cmd/atenea/main.go:3176.43,3177.79 1 1
github.com/Tutitoos/atenea/cmd/atenea/main.go:3177.79,3181.5 2 1
github.com/Tutitoos/atenea/cmd/atenea/main.go:3184.2,3184.12 1 1
github.com/Tutitoos/atenea/cmd/atenea/main.go:3192.86,3194.33 2 1
github.com/Tutitoos/atenea/cmd/atenea/main.go:3194.33,3196.3 1 1
github.com/Tutitoos/atenea/cmd/atenea/main.go:3197.2,3197.35 1 1
github.com/Tutitoos/atenea/cmd/atenea/main.go:3197.35,3198.22 1 1
github.com/Tutitoos/atenea/cmd/atenea/main.go:3198.22,3200.4 1 1
github.com/Tutitoos/atenea/cmd/atenea/main.go:3201.3,3201.18 1 0
github.com/Tutitoos/atenea/cmd/atenea/main.go:3201.18,3206.4 1 0
github.com/Tutitoos/atenea/cmd/atenea/main.go:3207.3,3207.44 1 0
github.com/Tutitoos/atenea/cmd/atenea/main.go:3207.44,3208.35 1 0
github.com/Tutitoos/atenea/cmd/atenea/main.go:3208.35,3210.5 1 0
github.com/Tutitoos/atenea/cmd/atenea/main.go:3212.3,3212.17 1 0
github.com/Tutitoos/atenea/cmd/atenea/main.go:3216.37,3217.22 1 1
github.com/Tutitoos/atenea/cmd/atenea/main.go:3217.22,3219.3 1 1
github.com/Tutitoos/atenea/cmd/atenea/main.go:3220.2,3220.35 1 1
github.com/Tutitoos/atenea/cmd/atenea/main.go:3223.35,3224.17 1 1
github.com/Tutitoos/atenea/cmd/atenea/main.go:3224.17,3226.3 1 1
github.com/Tutitoos/atenea/cmd/atenea/main.go:3227.2,3227.14 1 1
github.com/Tutitoos/atenea/cmd/atenea/main.go:3230.38,3231.22 1 1
github.com/Tutitoos/atenea/cmd/atenea/main.go:3231.22,3233.3 1 1
github.com/Tutitoos/atenea/cmd/atenea/main.go:3234.2,3234.19 1 1
github.com/Tutitoos/atenea/cmd/atenea/main.go:3277.71,3278.20 1 1
github.com/Tutitoos/atenea/cmd/atenea/main.go:3278.20,3281.3 1 1
github.com/Tutitoos/atenea/cmd/atenea/main.go:3282.2,3284.9 3 1
github.com/Tutitoos/atenea/cmd/atenea/main.go:3284.9,3287.3 1 1
github.com/Tutitoos/atenea/cmd/atenea/main.go:3291.2,3292.16 2 1
github.com/Tutitoos/atenea/cmd/atenea/main.go:3292.16,3295.3 1 1
github.com/Tutitoos/atenea/cmd/atenea/main.go:3302.2,3303.16 2 0
github.com/Tutitoos/atenea/cmd/atenea/main.go:3303.16,3305.3 1 0
github.com/Tutitoos/atenea/cmd/atenea/main.go:3310.2,3311.43 2 0
github.com/Tutitoos/atenea/cmd/atenea/main.go:3311.43,3313.3 1 0
github.com/Tutitoos/atenea/cmd/atenea/main.go:3314.2,3321.16 4 0
github.com/Tutitoos/atenea/cmd/atenea/main.go:3321.16,3323.3 1 0
github.com/Tutitoos/atenea/cmd/atenea/main.go:3324.2,3327.25 3 0
github.com/Tutitoos/atenea/cmd/atenea/main.go:3327.25,3328.56 1 0
github.com/Tutitoos/atenea/cmd/atenea/main.go:3328.56,3330.4 1 0
github.com/Tutitoos/atenea/cmd/atenea/main.go:3332.2,3332.22 1 0
github.com/Tutitoos/atenea/cmd/atenea/main.go:3332.22,3334.17 2 0
github.com/Tutitoos/atenea/cmd/atenea/main.go:3334.17,3336.4 1 0
github.com/Tutitoos/atenea/cmd/atenea/main.go:3337.3,3337.45 1 0
github.com/Tutitoos/atenea/cmd/atenea/main.go:3339.2,3339.76 1 0
github.com/Tutitoos/atenea/cmd/atenea/main.go:3348.76,3352.85 4 1
github.com/Tutitoos/atenea/cmd/atenea/main.go:3352.85,3354.3 1 1
github.com/Tutitoos/atenea/cmd/atenea/main.go:3355.2,3355.30 1 1
github.com/Tutitoos/atenea/cmd/atenea/main.go:3366.54,3367.81 1 0
github.com/Tutitoos/atenea/cmd/atenea/main.go:3367.81,3369.3 1 0
github.com/Tutitoos/atenea/cmd/atenea/main.go:3370.2,3370.12 1 0
github.com/Tutitoos/atenea/cmd/atenea/main.go:3374.32,3375.16 1 1
github.com/Tutitoos/atenea/cmd/atenea/main.go:3375.16,3377.3 1 1
github.com/Tutitoos/atenea/cmd/atenea/main.go:3378.2,3378.51 1 1
github.com/Tutitoos/atenea/cmd/atenea/main.go:3381.34,3382.17 1 1
github.com/Tutitoos/atenea/cmd/atenea/main.go:3382.17,3384.3 1 1
github.com/Tutitoos/atenea/cmd/atenea/main.go:3385.2,3385.14 1 1
github.com/Tutitoos/atenea/cmd/atenea/main.go:3388.31,3389.11 1 1
github.com/Tutitoos/atenea/cmd/atenea/main.go:3389.11,3391.3 1 1
github.com/Tutitoos/atenea/cmd/atenea/main.go:3392.2,3392.13 1 1
github.com/Tutitoos/atenea/cmd/atenea/main.go:3395.35,3397.2 1 1
github.com/Tutitoos/atenea/cmd/atenea/main.go:3402.28,3404.20 2 1
github.com/Tutitoos/atenea/cmd/atenea/main.go:3404.20,3406.3 1 1
github.com/Tutitoos/atenea/cmd/atenea/main.go:3407.2,3407.10 1 1
github.com/Tutitoos/atenea/cmd/atenea/mcp.go:34.48,37.16 3 1
github.com/Tutitoos/atenea/cmd/atenea/mcp.go:37.16,42.3 1 1
github.com/Tutitoos/atenea/cmd/atenea/mcp.go:43.2,43.15 1 1
github.com/Tutitoos/atenea/cmd/atenea/mcp.go:43.15,43.35 1 1
github.com/Tutitoos/atenea/cmd/atenea/mcp.go:50.2,51.12 2 1
github.com/Tutitoos/atenea/cmd/atenea/mcp.go:51.12,51.57 1 1
github.com/Tutitoos/atenea/cmd/atenea/mcp.go:52.2,52.12 1 1
github.com/Tutitoos/atenea/cmd/atenea/mcp.go:52.12,52.60 1 1
github.com/Tutitoos/atenea/cmd/atenea/mcp.go:53.2,53.15 1 1
github.com/Tutitoos/atenea/cmd/atenea/mcp.go:62.66,67.19 3 1
github.com/Tutitoos/atenea/cmd/atenea/mcp.go:67.19,68.67 1 1
github.com/Tutitoos/atenea/cmd/atenea/mcp.go:68.67,70.4 1 0
github.com/Tutitoos/atenea/cmd/atenea/mcp.go:72.2,72.70 1 1
github.com/Tutitoos/atenea/cmd/atenea/mcp.go:72.70,74.3 1 0
github.com/Tutitoos/atenea/cmd/atenea/mcp.go:75.2,75.12 1 1
github.com/Tutitoos/atenea/cmd/atenea/mcp.go:83.36,85.9 2 1
github.com/Tutitoos/atenea/cmd/atenea/mcp.go:85.9,88.3 1 1
github.com/Tutitoos/atenea/cmd/atenea/mcp.go:89.2,92.12 4 1
github.com/Tutitoos/atenea/cmd/atenea/mcp.go:103.35,105.9 2 1
github.com/Tutitoos/atenea/cmd/atenea/mcp.go:105.9,107.3 1 1
github.com/Tutitoos/atenea/cmd/atenea/mcp.go:108.2,109.54 2 0
github.com/Tutitoos/atenea/cmd/atenea/mcp.go:109.54,111.3 1 0
github.com/Tutitoos/atenea/cmd/atenea/mcp.go:112.2,115.98 2 0
github.com/Tutitoos/atenea/cmd/atenea/workflow.go:28.75,29.56 1 1
github.com/Tutitoos/atenea/cmd/atenea/workflow.go:29.56,32.3 1 1
github.com/Tutitoos/atenea/cmd/atenea/workflow.go:33.2,34.13 2 1
github.com/Tutitoos/atenea/cmd/atenea/workflow.go:35.16,36.49 1 0
github.com/Tutitoos/atenea/cmd/atenea/workflow.go:37.16,38.49 1 0
github.com/Tutitoos/atenea/cmd/atenea/workflow.go:39.13,40.46 1 0
github.com/Tutitoos/atenea/cmd/atenea/workflow.go:41.17,42.36 1 0
github.com/Tutitoos/atenea/cmd/atenea/workflow.go:43.17,44.62 1 0
github.com/Tutitoos/atenea/cmd/atenea/workflow.go:45.16,46.62 1 0
github.com/Tutitoos/atenea/cmd/atenea/workflow.go:47.16,48.49 1 0
github.com/Tutitoos/atenea/cmd/atenea/workflow.go:49.14,50.47 1 0
github.com/Tutitoos/atenea/cmd/atenea/workflow.go:51.14,52.33 1 1
github.com/Tutitoos/atenea/cmd/atenea/workflow.go:53.14,54.33 1 1
github.com/Tutitoos/atenea/cmd/atenea/workflow.go:55.10,57.117 1 1
github.com/Tutitoos/atenea/cmd/atenea/workflow.go:61.78,66.42 5 1
github.com/Tutitoos/atenea/cmd/atenea/workflow.go:66.42,68.3 1 0
github.com/Tutitoos/atenea/cmd/atenea/workflow.go:69.2,69.23 1 1
github.com/Tutitoos/atenea/cmd/atenea/workflow.go:69.23,72.3 1 1
github.com/Tutitoos/atenea/cmd/atenea/workflow.go:73.2,74.16 2 0
github.com/Tutitoos/atenea/cmd/atenea/workflow.go:74.16,76.3 1 0
github.com/Tutitoos/atenea/cmd/atenea/workflow.go:77.2,79.16 3 0
github.com/Tutitoos/atenea/cmd/atenea/workflow.go:79.16,81.3 1 0
github.com/Tutitoos/atenea/cmd/atenea/workflow.go:82.2,85.16 3 0
github.com/Tutitoos/atenea/cmd/atenea/workflow.go:85.16,87.3 1 0
github.com/Tutitoos/atenea/cmd/atenea/workflow.go:88.2,89.12 2 0
github.com/Tutitoos/atenea/cmd/atenea/workflow.go:92.78,97.42 5 1
github.com/Tutitoos/atenea/cmd/atenea/workflow.go:97.42,99.3 1 0
github.com/Tutitoos/atenea/cmd/atenea/workflow.go:100.2,100.23 1 1
github.com/Tutitoos/atenea/cmd/atenea/workflow.go:100.23,103.3 1 1
github.com/Tutitoos/atenea/cmd/atenea/workflow.go:104.2,108.16 4 0
github.com/Tutitoos/atenea/cmd/atenea/workflow.go:108.16,110.3 1 0
github.com/Tutitoos/atenea/cmd/atenea/workflow.go:111.2,114.18 3 0
github.com/Tutitoos/atenea/cmd/atenea/workflow.go:114.18,116.3 1 0
github.com/Tutitoos/atenea/cmd/atenea/workflow.go:117.2,117.15 1 0
github.com/Tutitoos/atenea/cmd/atenea/workflow.go:125.58,131.42 6 1
github.com/Tutitoos/atenea/cmd/atenea/workflow.go:131.42,133.3 1 0
github.com/Tutitoos/atenea/cmd/atenea/workflow.go:134.2,134.23 1 1
github.com/Tutitoos/atenea/cmd/atenea/workflow.go:134.23,137.3 1 1
github.com/Tutitoos/atenea/cmd/atenea/workflow.go:138.2,139.16 2 0
github.com/Tutitoos/atenea/cmd/atenea/workflow.go:139.16,141.3 1 0
github.com/Tutitoos/atenea/cmd/atenea/workflow.go:142.2,144.16 3 0
github.com/Tutitoos/atenea/cmd/atenea/workflow.go:144.16,146.3 1 0
github.com/Tutitoos/atenea/cmd/atenea/workflow.go:147.2,147.15 1 0
github.com/Tutitoos/atenea/cmd/atenea/workflow.go:147.15,147.36 1 0
github.com/Tutitoos/atenea/cmd/atenea/workflow.go:149.2,152.16 3 0
github.com/Tutitoos/atenea/cmd/atenea/workflow.go:152.16,154.3 1 0
github.com/Tutitoos/atenea/cmd/atenea/workflow.go:155.2,156.16 2 0
github.com/Tutitoos/atenea/cmd/atenea/workflow.go:156.16,158.3 1 0
github.com/Tutitoos/atenea/cmd/atenea/workflow.go:159.2,160.12 2 0
github.com/Tutitoos/atenea/cmd/atenea/workflow.go:167.85,169.43 2 1
github.com/Tutitoos/atenea/cmd/atenea/workflow.go:169.43,171.3 1 1
github.com/Tutitoos/atenea/cmd/atenea/workflow.go:172.2,176.42 5 1
github.com/Tutitoos/atenea/cmd/atenea/workflow.go:176.42,178.3 1 0
github.com/Tutitoos/atenea/cmd/atenea/workflow.go:179.2,179.23 1 1
github.com/Tutitoos/atenea/cmd/atenea/workflow.go:179.23,182.3 1 1
github.com/Tutitoos/atenea/cmd/atenea/workflow.go:183.2,185.16 3 0
github.com/Tutitoos/atenea/cmd/atenea/workflow.go:185.16,187.3 1 0
github.com/Tutitoos/atenea/cmd/atenea/workflow.go:188.2,188.15 1 0
github.com/Tutitoos/atenea/cmd/atenea/workflow.go:188.15,188.36 1 0
github.com/Tutitoos/atenea/cmd/atenea/workflow.go:190.2,192.16 3 0
github.com/Tutitoos/atenea/cmd/atenea/workflow.go:192.16,194.3 1 0
github.com/Tutitoos/atenea/cmd/atenea/workflow.go:195.2,195.9 1 0
github.com/Tutitoos/atenea/cmd/atenea/workflow.go:195.9,198.3 1 0
github.com/Tutitoos/atenea/cmd/atenea/workflow.go:199.2,199.79 1 0
github.com/Tutitoos/atenea/cmd/atenea/workflow.go:199.79,203.3 1 0
github.com/Tutitoos/atenea/cmd/atenea/workflow.go:204.2,206.16 2 0
github.com/Tutitoos/atenea/cmd/atenea/workflow.go:206.16,208.3 1 0
github.com/Tutitoos/atenea/cmd/atenea/workflow.go:209.2,212.27 3 0
github.com/Tutitoos/atenea/cmd/atenea/workflow.go:212.27,214.3 1 0
github.com/Tutitoos/atenea/cmd/atenea/workflow.go:215.2,215.12 1 0
github.com/Tutitoos/atenea/cmd/atenea/workflow.go:218.75,223.42 5 1
github.com/Tutitoos/atenea/cmd/atenea/workflow.go:223.42,225.3 1 0
github.com/Tutitoos/atenea/cmd/atenea/workflow.go:226.2,226.23 1 1
github.com/Tutitoos/atenea/cmd/atenea/workflow.go:226.23,229.3 1 1
github.com/Tutitoos/atenea/cmd/atenea/workflow.go:230.2,231.16 2 0
github.com/Tutitoos/atenea/cmd/atenea/workflow.go:231.16,233.3 1 0
github.com/Tutitoos/atenea/cmd/atenea/workflow.go:235.2,239.16 4 0
github.com/Tutitoos/atenea/cmd/atenea/workflow.go:239.16,241.3 1 0
github.com/Tutitoos/atenea/cmd/atenea/workflow.go:242.2,245.18 3 0
github.com/Tutitoos/atenea/cmd/atenea/workflow.go:245.18,247.3 1 0
github.com/Tutitoos/atenea/cmd/atenea/workflow.go:248.2,248.15 1 0
github.com/Tutitoos/atenea/cmd/atenea/workflow.go:251.78,258.42 7 1
github.com/Tutitoos/atenea/cmd/atenea/workflow.go:258.42,260.3 1 0
github.com/Tutitoos/atenea/cmd/atenea/workflow.go:261.2,261.23 1 1
github.com/Tutitoos/atenea/cmd/atenea/workflow.go:261.23,264.3 1 1
github.com/Tutitoos/atenea/cmd/atenea/workflow.go:266.2,270.16 4 0
github.com/Tutitoos/atenea/cmd/atenea/workflow.go:270.16,272.3 1 0
github.com/Tutitoos/atenea/cmd/atenea/workflow.go:273.2,276.18 3 0
github.com/Tutitoos/atenea/cmd/atenea/workflow.go:276.18,278.3 1 0
github.com/Tutitoos/atenea/cmd/atenea/workflow.go:279.2,279.15 1 0
github.com/Tutitoos/atenea/cmd/atenea/workflow.go:282.55,287.42 5 1
github.com/Tutitoos/atenea/cmd/atenea/workflow.go:287.42,289.3 1 0
github.com/Tutitoos/atenea/cmd/atenea/workflow.go:290.2,292.16 3 1
github.com/Tutitoos/atenea/cmd/atenea/workflow.go:292.16,294.3 1 0
github.com/Tutitoos/atenea/cmd/atenea/workflow.go:295.2,295.15 1 1
github.com/Tutitoos/atenea/cmd/atenea/workflow.go:295.15,295.36 1 1
github.com/Tutitoos/atenea/cmd/atenea/workflow.go:297.2,298.16 2 1
github.com/Tutitoos/atenea/cmd/atenea/workflow.go:298.16,300.3 1 0
github.com/Tutitoos/atenea/cmd/atenea/workflow.go:301.2,301.20 1 1
github.com/Tutitoos/atenea/cmd/atenea/workflow.go:301.20,304.3 2 1
github.com/Tutitoos/atenea/cmd/atenea/workflow.go:305.2,306.27 2 0
github.com/Tutitoos/atenea/cmd/atenea/workflow.go:306.27,308.17 2 0
github.com/Tutitoos/atenea/cmd/atenea/workflow.go:308.17,310.4 1 0
github.com/Tutitoos/atenea/cmd/atenea/workflow.go:311.3,313.43 1 0
github.com/Tutitoos/atenea/cmd/atenea/workflow.go:315.2,316.12 2 0
github.com/Tutitoos/atenea/cmd/atenea/workflow.go:319.55,323.42 4 1
github.com/Tutitoos/atenea/cmd/atenea/workflow.go:323.42,325.3 1 0
github.com/Tutitoos/atenea/cmd/atenea/workflow.go:326.2,326.23 1 1
github.com/Tutitoos/atenea/cmd/atenea/workflow.go:326.23,329.3 1 1
github.com/Tutitoos/atenea/cmd/atenea/workflow.go:330.2,332.16 3 0
github.com/Tutitoos/atenea/cmd/atenea/workflow.go:332.16,334.3 1 0
github.com/Tutitoos/atenea/cmd/atenea/workflow.go:335.2,335.15 1 0
github.com/Tutitoos/atenea/cmd/atenea/workflow.go:335.15,335.36 1 0
github.com/Tutitoos/atenea/cmd/atenea/workflow.go:337.2,338.16 2 0
github.com/Tutitoos/atenea/cmd/atenea/workflow.go:338.16,340.3 1 0
github.com/Tutitoos/atenea/cmd/atenea/workflow.go:341.2,343.16 3 0
github.com/Tutitoos/atenea/cmd/atenea/workflow.go:343.16,345.3 1 0
github.com/Tutitoos/atenea/cmd/atenea/workflow.go:346.2,347.12 2 0
github.com/Tutitoos/atenea/cmd/atenea/workflow.go:353.51,355.16 2 0
github.com/Tutitoos/atenea/cmd/atenea/workflow.go:355.16,357.3 1 0
github.com/Tutitoos/atenea/cmd/atenea/workflow.go:358.2,358.68 1 0
github.com/Tutitoos/atenea/cmd/atenea/workflow.go:364.48,366.2 1 1
github.com/Tutitoos/atenea/cmd/atenea/workflow.go:369.40,370.9 1 1
github.com/Tutitoos/atenea/cmd/atenea/workflow.go:371.18,372.20 1 1
github.com/Tutitoos/atenea/cmd/atenea/workflow.go:373.37,374.26 1 1
github.com/Tutitoos/atenea/cmd/atenea/workflow.go:375.58,376.19 1 1
github.com/Tutitoos/atenea/cmd/atenea/workflow.go:377.26,382.20 1 1
github.com/Tutitoos/atenea/cmd/atenea/workflow.go:383.10,388.22 1 1
github.com/Tutitoos/atenea/cmd/atenea/workflow.go:392.48,400.33 6 1
github.com/Tutitoos/atenea/cmd/atenea/workflow.go:400.33,408.3 1 1
github.com/Tutitoos/atenea/cmd/atenea/workflow.go:410.2,410.60 1 1
github.com/Tutitoos/atenea/cmd/atenea/workflow.go:410.60,415.36 3 0
github.com/Tutitoos/atenea/cmd/atenea/workflow.go:415.36,417.4 1 0
github.com/Tutitoos/atenea/cmd/atenea/workflow.go:426.69,437.43 6 1
github.com/Tutitoos/atenea/cmd/atenea/workflow.go:437.43,441.3 1 1
github.com/Tutitoos/atenea/cmd/atenea/workflow.go:442.2,442.44 1 1
github.com/Tutitoos/atenea/cmd/atenea/workflow.go:442.44,444.3 1 1
github.com/Tutitoos/atenea/cmd/atenea/workflow.go:445.2,448.39 3 1
github.com/Tutitoos/atenea/cmd/atenea/workflow.go:448.39,450.3 1 0
github.com/Tutitoos/atenea/cmd/atenea/workflow.go:451.2,451.59 1 1
github.com/Tutitoos/atenea/cmd/atenea/workflow.go:455.55,456.21 1 1
github.com/Tutitoos/atenea/cmd/atenea/workflow.go:456.21,458.3 1 1
github.com/Tutitoos/atenea/cmd/atenea/workflow.go:459.2,462.29 3 1
github.com/Tutitoos/atenea/cmd/atenea/workflow.go:462.29,464.30 2 1
github.com/Tutitoos/atenea/cmd/atenea/workflow.go:464.30,466.4 1 1
github.com/Tutitoos/atenea/cmd/atenea/workflow.go:467.3,470.24 2 1
github.com/Tutitoos/atenea/cmd/atenea/workflow.go:470.24,472.4 1 1
github.com/Tutitoos/atenea/cmd/atenea/workflow.go:493.63,495.27 2 1
github.com/Tutitoos/atenea/cmd/atenea/workflow.go:495.27,497.3 1 1
github.com/Tutitoos/atenea/cmd/atenea/workflow.go:498.2,498.41 1 1
github.com/Tutitoos/atenea/cmd/atenea/workflow.go:498.41,499.65 1 1
github.com/Tutitoos/atenea/cmd/atenea/workflow.go:499.65,502.4 2 1
github.com/Tutitoos/atenea/cmd/atenea/workflow.go:504.2,504.12 1 1
github.com/Tutitoos/atenea/cmd/atenea/workflow.go:504.12,506.3 1 1
github.com/Tutitoos/atenea/cmd/atenea/workflow.go:507.2,507.28 1 1
github.com/Tutitoos/atenea/cmd/atenea/workflow.go:507.28,509.3 1 1
github.com/Tutitoos/atenea/cmd/atenea/workflow.go:510.2,510.51 1 1
github.com/Tutitoos/atenea/cmd/atenea/workflow.go:517.65,518.26 1 1
github.com/Tutitoos/atenea/cmd/atenea/workflow.go:518.26,520.3 1 1
github.com/Tutitoos/atenea/cmd/atenea/workflow.go:521.2,521.21 1 1
github.com/Tutitoos/atenea/cmd/atenea/workflow.go:522.25,524.27 2 1
github.com/Tutitoos/atenea/cmd/atenea/workflow.go:524.27,526.4 1 1
github.com/Tutitoos/atenea/cmd/atenea/workflow.go:526.9,528.4 1 1
github.com/Tutitoos/atenea/cmd/atenea/workflow.go:529.3,529.49 1 1
github.com/Tutitoos/atenea/cmd/atenea/workflow.go:530.30,533.60 1 1
github.com/Tutitoos/atenea/cmd/atenea/workflow.go:533.60,535.4 1 0
github.com/Tutitoos/atenea/cmd/atenea/workflow.go:536.3,536.28 1 1
github.com/Tutitoos/atenea/cmd/atenea/workflow.go:536.28,538.4 1 1
github.com/Tutitoos/atenea/cmd/atenea/workflow.go:540.2,540.11 1 0
github.com/Tutitoos/atenea/cmd/atenea/workflow.go:546.63,548.19 2 1
github.com/Tutitoos/atenea/cmd/atenea/workflow.go:548.19,550.3 1 1
github.com/Tutitoos/atenea/cmd/atenea/workflow.go:551.2,551.18 1 1
github.com/Tutitoos/atenea/cmd/atenea/workflow.go:551.18,553.3 1 0
github.com/Tutitoos/atenea/cmd/atenea/workflow.go:554.2,554.49 1 1
github.com/Tutitoos/atenea/cmd/atenea/workflow.go:557.40,559.21 2 1
github.com/Tutitoos/atenea/cmd/atenea/workflow.go:559.21,561.3 1 1
github.com/Tutitoos/atenea/cmd/atenea/workflow.go:562.2,563.20 2 1
github.com/Tutitoos/atenea/cmd/atenea/workflow.go:563.20,565.3 1 1
github.com/Tutitoos/atenea/cmd/atenea/workflow.go:566.2,566.16 1 1
github.com/Tutitoos/atenea/cmd/atenea/workflow.go:571.49,573.2 1 1
github.com/Tutitoos/atenea/cmd/atenea/workflow.go:578.38,578.70 1 1
github.com/Tutitoos/atenea/cmd/atenea/workflow.go:580.46,582.17 2 1
github.com/Tutitoos/atenea/cmd/atenea/workflow.go:582.17,584.3 1 1
github.com/Tutitoos/atenea/cmd/atenea/workflow.go:585.2,586.12 2 1
github.com/Tutitoos/atenea/cmd/atenea/workflow.go:597.37,599.27 2 1
github.com/Tutitoos/atenea/cmd/atenea/workflow.go:599.27,601.3 1 1
github.com/Tutitoos/atenea/cmd/atenea/workflow.go:602.2,602.33 1 1
github.com/Tutitoos/atenea/cmd/atenea/workflow.go:605.45,608.36 3 1
github.com/Tutitoos/atenea/cmd/atenea/workflow.go:608.36,611.3 1 1
github.com/Tutitoos/atenea/cmd/atenea/workflow.go:612.2,613.16 2 1
github.com/Tutitoos/atenea/cmd/atenea/workflow.go:613.16,616.3 1 1
github.com/Tutitoos/atenea/cmd/atenea/workflow.go:617.2,617.14 1 1
github.com/Tutitoos/atenea/cmd/atenea/workflow.go:617.14,620.3 1 1
github.com/Tutitoos/atenea/cmd/atenea/workflow.go:621.2,622.12 2 1
github.com/Tutitoos/atenea/cmd/atenea/workflow.go:631.76,639.42 8 1
github.com/Tutitoos/atenea/cmd/atenea/workflow.go:639.42,641.3 1 0
github.com/Tutitoos/atenea/cmd/atenea/workflow.go:642.2,642.23 1 1
github.com/Tutitoos/atenea/cmd/atenea/workflow.go:642.23,650.3 1 1
github.com/Tutitoos/atenea/cmd/atenea/workflow.go:651.2,651.22 1 0
github.com/Tutitoos/atenea/cmd/atenea/workflow.go:651.22,655.3 1 0
github.com/Tutitoos/atenea/cmd/atenea/workflow.go:657.2,661.16 4 0
github.com/Tutitoos/atenea/cmd/atenea/workflow.go:661.16,663.3 1 0
github.com/Tutitoos/atenea/cmd/atenea/workflow.go:664.2,667.18 3 0
github.com/Tutitoos/atenea/cmd/atenea/workflow.go:667.18,669.3 1 0
github.com/Tutitoos/atenea/cmd/atenea/workflow.go:670.2,670.15 1 0
github.com/Tutitoos/atenea/internal/agent/opencode/opencode.go:75.41,76.22 1 1
github.com/Tutitoos/atenea/internal/agent/opencode/opencode.go:76.22,79.3 1 0
github.com/Tutitoos/atenea/internal/agent/opencode/opencode.go:80.2,81.18 2 1
github.com/Tutitoos/atenea/internal/agent/opencode/opencode.go:81.18,83.3 1 0
github.com/Tutitoos/atenea/internal/agent/opencode/opencode.go:84.2,85.18 2 1
github.com/Tutitoos/atenea/internal/agent/opencode/opencode.go:85.18,87.3 1 0
github.com/Tutitoos/atenea/internal/agent/opencode/opencode.go:88.2,92.8 1 1
github.com/Tutitoos/atenea/internal/agent/opencode/opencode.go:97.54,97.99 1 0
github.com/Tutitoos/atenea/internal/agent/opencode/opencode.go:100.72,101.41 1 1
github.com/Tutitoos/atenea/internal/agent/opencode/opencode.go:101.41,103.3 1 0
github.com/Tutitoos/atenea/internal/agent/opencode/opencode.go:104.2,104.84 1 1
github.com/Tutitoos/atenea/internal/agent/opencode/opencode.go:104.84,107.3 1 1
github.com/Tutitoos/atenea/internal/agent/opencode/opencode.go:108.2,108.24 1 1
github.com/Tutitoos/atenea/internal/agent/opencode/opencode.go:108.24,111.3 1 0
github.com/Tutitoos/atenea/internal/agent/opencode/opencode.go:112.2,112.19 1 1
github.com/Tutitoos/atenea/internal/agent/opencode/opencode.go:112.19,114.17 2 0
github.com/Tutitoos/atenea/internal/agent/opencode/opencode.go:114.17,116.4 1 0
github.com/Tutitoos/atenea/internal/agent/opencode/opencode.go:117.3,117.16 1 0
github.com/Tutitoos/atenea/internal/agent/opencode/opencode.go:120.2,121.16 2 1
github.com/Tutitoos/atenea/internal/agent/opencode/opencode.go:121.16,123.3 1 0
github.com/Tutitoos/atenea/internal/agent/opencode/opencode.go:124.2,125.19 2 1
github.com/Tutitoos/atenea/internal/agent/opencode/opencode.go:125.19,127.3 1 0
github.com/Tutitoos/atenea/internal/agent/opencode/opencode.go:128.2,128.40 1 1
github.com/Tutitoos/atenea/internal/agent/opencode/opencode.go:128.40,130.3 1 1
github.com/Tutitoos/atenea/internal/agent/opencode/opencode.go:131.2,134.16 3 1
github.com/Tutitoos/atenea/internal/agent/opencode/opencode.go:134.16,137.3 1 0
github.com/Tutitoos/atenea/internal/agent/opencode/opencode.go:138.2,143.40 6 1
github.com/Tutitoos/atenea/internal/agent/opencode/opencode.go:143.40,145.17 2 0
github.com/Tutitoos/atenea/internal/agent/opencode/opencode.go:145.17,147.4 1 0
github.com/Tutitoos/atenea/internal/agent/opencode/opencode.go:148.3,148.76 1 0
github.com/Tutitoos/atenea/internal/agent/opencode/opencode.go:151.2,152.16 2 1
github.com/Tutitoos/atenea/internal/agent/opencode/opencode.go:152.16,154.3 1 0
github.com/Tutitoos/atenea/internal/agent/opencode/opencode.go:155.2,157.36 3 1
github.com/Tutitoos/atenea/internal/agent/opencode/opencode.go:157.36,159.3 1 0
github.com/Tutitoos/atenea/internal/agent/opencode/opencode.go:161.2,164.21 4 1
github.com/Tutitoos/atenea/internal/agent/opencode/opencode.go:164.21,165.56 1 1
github.com/Tutitoos/atenea/internal/agent/opencode/opencode.go:165.56,169.4 3 1
github.com/Tutitoos/atenea/internal/agent/opencode/opencode.go:170.3,170.37 1 1
github.com/Tutitoos/atenea/internal/agent/opencode/opencode.go:170.37,176.9 3 1
github.com/Tutitoos/atenea/internal/agent/opencode/opencode.go:179.2,180.20 2 1
github.com/Tutitoos/atenea/internal/agent/opencode/opencode.go:180.20,182.3 1 0
github.com/Tutitoos/atenea/internal/agent/opencode/opencode.go:183.2,184.44 2 1
github.com/Tutitoos/atenea/internal/agent/opencode/opencode.go:184.44,186.3 1 1
github.com/Tutitoos/atenea/internal/agent/opencode/opencode.go:187.2,187.20 1 1
github.com/Tutitoos/atenea/internal/agent/opencode/opencode.go:187.20,190.3 1 0
github.com/Tutitoos/atenea/internal/agent/opencode/opencode.go:191.2,191.26 1 1
github.com/Tutitoos/atenea/internal/agent/opencode/opencode.go:191.26,193.3 1 1
github.com/Tutitoos/atenea/internal/agent/opencode/opencode.go:194.2,194.39 1 1
github.com/Tutitoos/atenea/internal/agent/opencode/opencode.go:194.39,196.3 1 0
github.com/Tutitoos/atenea/internal/agent/opencode/opencode.go:197.2,197.22 1 1
github.com/Tutitoos/atenea/internal/agent/opencode/opencode.go:197.22,200.3 1 1
github.com/Tutitoos/atenea/internal/agent/opencode/opencode.go:201.2,202.16 2 1
github.com/Tutitoos/atenea/internal/agent/opencode/opencode.go:202.16,205.3 1 0
github.com/Tutitoos/atenea/internal/agent/opencode/opencode.go:206.2,207.73 2 1
github.com/Tutitoos/atenea/internal/agent/opencode/opencode.go:207.73,211.3 1 1
github.com/Tutitoos/atenea/internal/agent/opencode/opencode.go:212.2,212.25 1 1
github.com/Tutitoos/atenea/internal/agent/opencode/opencode.go:212.25,214.17 2 1
github.com/Tutitoos/atenea/internal/agent/opencode/opencode.go:214.17,216.4 1 1
github.com/Tutitoos/atenea/internal/agent/opencode/opencode.go:217.3,217.33 1 1
github.com/Tutitoos/atenea/internal/agent/opencode/opencode.go:219.2,219.20 1 1
github.com/Tutitoos/atenea/internal/agent/opencode/opencode.go:260.48,262.49 2 1
github.com/Tutitoos/atenea/internal/agent/opencode/opencode.go:262.49,265.3 1 0
github.com/Tutitoos/atenea/internal/agent/opencode/opencode.go:266.2,266.17 1 1
github.com/Tutitoos/atenea/internal/agent/opencode/opencode.go:267.14,269.17 2 1
github.com/Tutitoos/atenea/internal/agent/opencode/opencode.go:269.17,271.4 1 0
github.com/Tutitoos/atenea/internal/agent/opencode/opencode.go:272.3,272.56 1 1
github.com/Tutitoos/atenea/internal/agent/opencode/opencode.go:272.56,274.4 1 0
github.com/Tutitoos/atenea/internal/agent/opencode/opencode.go:275.3,275.23 1 1
github.com/Tutitoos/atenea/internal/agent/opencode/opencode.go:275.23,277.4 1 1
github.com/Tutitoos/atenea/internal/agent/opencode/opencode.go:278.3,278.17 1 1
github.com/Tutitoos/atenea/internal/agent/opencode/opencode.go:278.17,279.40 1 1
github.com/Tutitoos/atenea/internal/agent/opencode/opencode.go:279.40,281.5 1 0
github.com/Tutitoos/atenea/internal/agent/opencode/opencode.go:282.4,282.32 1 1
github.com/Tutitoos/atenea/internal/agent/opencode/opencode.go:284.3,284.23 1 1
github.com/Tutitoos/atenea/internal/agent/opencode/opencode.go:284.23,286.4 1 0
github.com/Tutitoos/atenea/internal/agent/opencode/opencode.go:287.3,287.29 1 1
github.com/Tutitoos/atenea/internal/agent/opencode/opencode.go:288.21,290.17 2 1
github.com/Tutitoos/atenea/internal/agent/opencode/opencode.go:290.17,292.4 1 1
github.com/Tutitoos/atenea/internal/agent/opencode/opencode.go:293.3,294.22 2 1
github.com/Tutitoos/atenea/internal/agent/opencode/opencode.go:294.22,299.4 4 1
github.com/Tutitoos/atenea/internal/agent/opencode/opencode.go:300.3,300.20 1 1
github.com/Tutitoos/atenea/internal/agent/opencode/opencode.go:300.20,303.4 2 1
github.com/Tutitoos/atenea/internal/agent/opencode/opencode.go:304.18,308.94 2 1
github.com/Tutitoos/atenea/internal/agent/opencode/opencode.go:308.94,311.4 1 0
github.com/Tutitoos/atenea/internal/agent/opencode/opencode.go:312.3,312.47 1 1
github.com/Tutitoos/atenea/internal/agent/opencode/opencode.go:313.32,314.53 1 1
github.com/Tutitoos/atenea/internal/agent/opencode/opencode.go:316.2,316.12 1 1
github.com/Tutitoos/atenea/internal/agent/opencode/opencode.go:319.46,324.2 1 1
github.com/Tutitoos/atenea/internal/agent/opencode/opencode.go:326.47,328.16 2 1
github.com/Tutitoos/atenea/internal/agent/opencode/opencode.go:328.16,331.3 2 1
github.com/Tutitoos/atenea/internal/agent/opencode/opencode.go:332.2,332.12 1 1
github.com/Tutitoos/atenea/internal/agent/opencode/opencode.go:335.77,336.22 1 1
github.com/Tutitoos/atenea/internal/agent/opencode/opencode.go:336.22,338.3 1 1
github.com/Tutitoos/atenea/internal/agent/opencode/opencode.go:339.2,340.16 2 1
github.com/Tutitoos/atenea/internal/agent/opencode/opencode.go:340.16,343.3 1 0
github.com/Tutitoos/atenea/internal/agent/opencode/opencode.go:344.2,344.161 1 1
github.com/Tutitoos/atenea/internal/agent/opencode/opencode.go:347.84,349.39 2 1
github.com/Tutitoos/atenea/internal/agent/opencode/opencode.go:349.39,351.71 2 0
github.com/Tutitoos/atenea/internal/agent/opencode/opencode.go:351.71,353.4 1 0
github.com/Tutitoos/atenea/internal/agent/opencode/opencode.go:354.3,354.73 1 0
github.com/Tutitoos/atenea/internal/agent/opencode/opencode.go:356.2,359.47 4 1
github.com/Tutitoos/atenea/internal/agent/opencode/opencode.go:359.47,362.3 1 0
github.com/Tutitoos/atenea/internal/agent/opencode/opencode.go:363.2,364.53 2 1
github.com/Tutitoos/atenea/internal/agent/opencode/opencode.go:364.53,365.17 1 1
github.com/Tutitoos/atenea/internal/agent/opencode/opencode.go:365.17,368.4 1 0
github.com/Tutitoos/atenea/internal/agent/opencode/opencode.go:369.3,370.74 1 1
github.com/Tutitoos/atenea/internal/agent/opencode/opencode.go:372.2,372.42 1 1
github.com/Tutitoos/atenea/internal/agent/opencode/opencode.go:372.42,374.3 1 0
github.com/Tutitoos/atenea/internal/agent/opencode/opencode.go:375.2,375.64 1 1
github.com/Tutitoos/atenea/internal/agent/opencode/opencode.go:375.64,378.3 1 1
github.com/Tutitoos/atenea/internal/agent/opencode/opencode.go:379.2,379.38 1 1
github.com/Tutitoos/atenea/internal/agent/opencode/opencode.go:386.79,387.19 1 1
github.com/Tutitoos/atenea/internal/agent/opencode/opencode.go:387.19,389.3 1 0
github.com/Tutitoos/atenea/internal/agent/opencode/opencode.go:390.2,390.88 1 1
github.com/Tutitoos/atenea/internal/agent/opencode/opencode.go:390.88,392.3 1 0
github.com/Tutitoos/atenea/internal/agent/opencode/opencode.go:393.2,393.55 1 1
github.com/Tutitoos/atenea/internal/agent/opencode/opencode.go:394.16,397.62 3 1
github.com/Tutitoos/atenea/internal/agent/opencode/opencode.go:397.62,398.48 1 1
github.com/Tutitoos/atenea/internal/agent/opencode/opencode.go:398.48,400.5 1 1
github.com/Tutitoos/atenea/internal/agent/opencode/opencode.go:402.3,402.101 1 1
github.com/Tutitoos/atenea/internal/agent/opencode/opencode.go:402.101,403.29 1 1
github.com/Tutitoos/atenea/internal/agent/opencode/opencode.go:403.29,404.51 1 1
github.com/Tutitoos/atenea/internal/agent/opencode/opencode.go:404.51,406.6 1 1
github.com/Tutitoos/atenea/internal/agent/opencode/opencode.go:409.3,409.39 1 1
github.com/Tutitoos/atenea/internal/agent/opencode/opencode.go:409.39,411.11 2 1
github.com/Tutitoos/atenea/internal/agent/opencode/opencode.go:411.11,413.5 1 0
github.com/Tutitoos/atenea/internal/agent/opencode/opencode.go:414.4,414.52 1 1
github.com/Tutitoos/atenea/internal/agent/opencode/opencode.go:414.52,415.87 1 1
github.com/Tutitoos/atenea/internal/agent/opencode/opencode.go:415.87,417.6 1 1
github.com/Tutitoos/atenea/internal/agent/opencode/opencode.go:420.15,422.38 2 0
github.com/Tutitoos/atenea/internal/agent/opencode/opencode.go:422.38,423.91 1 0
github.com/Tutitoos/atenea/internal/agent/opencode/opencode.go:423.91,425.5 1 0
github.com/Tutitoos/atenea/internal/agent/opencode/opencode.go:427.27,429.17 2 1
github.com/Tutitoos/atenea/internal/agent/opencode/opencode.go:429.17,431.4 1 0
github.com/Tutitoos/atenea/internal/agent/opencode/opencode.go:432.3,432.64 1 1
github.com/Tutitoos/atenea/internal/agent/opencode/opencode.go:432.64,434.4 1 0
github.com/Tutitoos/atenea/internal/agent/opencode/opencode.go:435.3,435.82 1 1
github.com/Tutitoos/atenea/internal/agent/opencode/opencode.go:435.82,437.4 1 0
github.com/Tutitoos/atenea/internal/agent/opencode/opencode.go:438.3,438.82 1 1
github.com/Tutitoos/atenea/internal/agent/opencode/opencode.go:438.82,440.4 1 1
github.com/Tutitoos/atenea/internal/agent/opencode/opencode.go:442.2,442.76 1 1
github.com/Tutitoos/atenea/internal/agent/opencode/opencode.go:442.76,444.3 1 0
github.com/Tutitoos/atenea/internal/agent/opencode/opencode.go:445.2,445.12 1 1
github.com/Tutitoos/atenea/internal/agent/opencode/opencode.go:448.57,449.18 1 1
github.com/Tutitoos/atenea/internal/agent/opencode/opencode.go:450.16,452.12 2 1
github.com/Tutitoos/atenea/internal/agent/opencode/opencode.go:453.15,455.12 2 0
github.com/Tutitoos/atenea/internal/agent/opencode/opencode.go:456.16,458.12 2 1
github.com/Tutitoos/atenea/internal/agent/opencode/opencode.go:459.16,461.20 2 1
github.com/Tutitoos/atenea/internal/agent/opencode/opencode.go:462.17,464.56 2 0
github.com/Tutitoos/atenea/internal/agent/opencode/opencode.go:465.17,467.12 2 0
github.com/Tutitoos/atenea/internal/agent/opencode/opencode.go:468.14,469.22 1 0
github.com/Tutitoos/atenea/internal/agent/opencode/opencode.go:470.10,471.14 1 0
github.com/Tutitoos/atenea/internal/agent/opencode/opencode.go:475.40,476.32 1 1
github.com/Tutitoos/atenea/internal/agent/opencode/opencode.go:477.16,478.16 1 1
github.com/Tutitoos/atenea/internal/agent/opencode/opencode.go:479.13,481.31 2 1
github.com/Tutitoos/atenea/internal/agent/opencode/opencode.go:481.31,482.37 1 1
github.com/Tutitoos/atenea/internal/agent/opencode/opencode.go:482.37,484.5 1 1
github.com/Tutitoos/atenea/internal/agent/opencode/opencode.go:486.3,486.13 1 1
github.com/Tutitoos/atenea/internal/agent/opencode/opencode.go:487.10,488.13 1 1
github.com/Tutitoos/atenea/internal/agent/opencode/opencode.go:492.47,493.32 1 1
github.com/Tutitoos/atenea/internal/agent/opencode/opencode.go:494.19,495.26 1 1
github.com/Tutitoos/atenea/internal/agent/opencode/opencode.go:496.15,497.21 1 1
github.com/Tutitoos/atenea/internal/agent/opencode/opencode.go:498.15,499.30 1 1
github.com/Tutitoos/atenea/internal/agent/opencode/opencode.go:500.11,501.30 1 1
github.com/Tutitoos/atenea/internal/agent/opencode/opencode.go:502.13,503.30 1 1
github.com/Tutitoos/atenea/internal/agent/opencode/opencode.go:504.10,505.39 1 1
github.com/Tutitoos/atenea/internal/agent/opencode/opencode.go:509.51,512.2 2 1
github.com/Tutitoos/atenea/internal/agent/opencode/opencode.go:514.50,515.31 1 1
github.com/Tutitoos/atenea/internal/agent/opencode/opencode.go:515.31,516.37 1 1
github.com/Tutitoos/atenea/internal/agent/opencode/opencode.go:516.37,518.4 1 1
github.com/Tutitoos/atenea/internal/agent/opencode/opencode.go:520.2,520.14 1 0
github.com/Tutitoos/atenea/internal/agent/opencode/opencode.go:523.82,524.63 1 1
github.com/Tutitoos/atenea/internal/agent/opencode/opencode.go:524.63,527.3 1 1
github.com/Tutitoos/atenea/internal/agent/opencode/opencode.go:528.2,529.54 2 1
github.com/Tutitoos/atenea/internal/agent/opencode/opencode.go:529.54,532.3 1 0
github.com/Tutitoos/atenea/internal/agent/opencode/opencode.go:533.2,534.48 2 1
github.com/Tutitoos/atenea/internal/agent/opencode/opencode.go:534.48,537.3 1 1
github.com/Tutitoos/atenea/internal/agent/opencode/opencode.go:538.2,538.21 1 1
github.com/Tutitoos/atenea/internal/agent/opencode/opencode.go:559.52,561.56 2 1
github.com/Tutitoos/atenea/internal/agent/opencode/opencode.go:561.56,564.17 3 0
github.com/Tutitoos/atenea/internal/agent/opencode/opencode.go:564.17,566.4 1 0
github.com/Tutitoos/atenea/internal/agent/opencode/opencode.go:568.2,569.49 2 1
github.com/Tutitoos/atenea/internal/agent/opencode/opencode.go:569.49,571.3 1 0
github.com/Tutitoos/atenea/internal/agent/opencode/opencode.go:572.2,573.40 2 1
github.com/Tutitoos/atenea/internal/agent/opencode/opencode.go:573.40,574.10 1 1
github.com/Tutitoos/atenea/internal/agent/opencode/opencode.go:575.44,576.61 1 1
github.com/Tutitoos/atenea/internal/agent/opencode/opencode.go:577.48,579.86 2 1
github.com/Tutitoos/atenea/internal/agent/opencode/opencode.go:580.11,581.116 1 0
github.com/Tutitoos/atenea/internal/agent/opencode/opencode.go:584.2,587.16 2 1
github.com/Tutitoos/atenea/internal/agent/opencode/opencode.go:587.16,589.3 1 0
github.com/Tutitoos/atenea/internal/agent/opencode/opencode.go:590.2,590.29 1 1
github.com/Tutitoos/atenea/internal/agent/opencode/opencode.go:593.62,596.28 3 1
github.com/Tutitoos/atenea/internal/agent/opencode/opencode.go:596.28,597.39 1 1
github.com/Tutitoos/atenea/internal/agent/opencode/opencode.go:597.39,598.12 1 1
github.com/Tutitoos/atenea/internal/agent/opencode/opencode.go:600.3,600.27 1 1
github.com/Tutitoos/atenea/internal/agent/opencode/opencode.go:602.2,602.34 1 1
github.com/Tutitoos/atenea/internal/agent/opencode/opencode.go:605.72,606.42 1 1
github.com/Tutitoos/atenea/internal/agent/opencode/opencode.go:606.42,610.49 2 1
github.com/Tutitoos/atenea/internal/agent/opencode/opencode.go:610.49,612.4 1 1
github.com/Tutitoos/atenea/internal/agent/opencode/opencode.go:614.2,614.19 1 1
github.com/Tutitoos/atenea/internal/agent/opencode/opencode.go:614.19,616.3 1 1
github.com/Tutitoos/atenea/internal/agent/opencode/opencode.go:617.2,623.41 2 1
github.com/Tutitoos/atenea/internal/agent/opencode/opencode.go:623.41,624.32 1 1
github.com/Tutitoos/atenea/internal/agent/opencode/opencode.go:624.32,626.4 1 1
github.com/Tutitoos/atenea/internal/agent/opencode/opencode.go:627.3,627.24 1 0
github.com/Tutitoos/atenea/internal/agent/opencode/opencode.go:627.24,629.4 1 0
github.com/Tutitoos/atenea/internal/agent/opencode/opencode.go:631.2,631.39 1 0
github.com/Tutitoos/atenea/internal/agent/opencode/opencode.go:634.65,636.33 2 1
github.com/Tutitoos/atenea/internal/agent/opencode/opencode.go:636.33,638.3 1 0
github.com/Tutitoos/atenea/internal/agent/opencode/opencode.go:639.2,640.9 2 1
github.com/Tutitoos/atenea/internal/agent/opencode/opencode.go:642.82,644.70 1 1
github.com/Tutitoos/atenea/internal/agent/opencode/opencode.go:647.34,649.75 1 1
github.com/Tutitoos/atenea/internal/agent/opencode/opencode.go:651.93,653.83 1 1
github.com/Tutitoos/atenea/internal/agent/opencode/opencode.go:654.41,656.59 1 1
github.com/Tutitoos/atenea/internal/agent/opencode/opencode.go:657.120,658.100 1 1
github.com/Tutitoos/atenea/internal/agent/opencode/opencode.go:659.85,660.113 1 1
github.com/Tutitoos/atenea/internal/agent/opencode/opencode.go:661.80,662.84 1 1
github.com/Tutitoos/atenea/internal/agent/opencode/opencode.go:663.10,664.93 1 1
github.com/Tutitoos/atenea/internal/agent/opencode/opencode.go:668.38,670.22 2 1
github.com/Tutitoos/atenea/internal/agent/opencode/opencode.go:670.22,672.3 1 1
github.com/Tutitoos/atenea/internal/agent/opencode/opencode.go:673.2,673.18 1 1
github.com/Tutitoos/atenea/internal/adapter/claudecode/claudecode.go:120.41,121.41 1 1
github.com/Tutitoos/atenea/internal/adapter/claudecode/claudecode.go:121.41,122.57 1 1
github.com/Tutitoos/atenea/internal/adapter/claudecode/claudecode.go:122.57,125.4 1 1
github.com/Tutitoos/atenea/internal/adapter/claudecode/claudecode.go:127.2,127.22 1 1
github.com/Tutitoos/atenea/internal/adapter/claudecode/claudecode.go:127.22,130.3 1 1
github.com/Tutitoos/atenea/internal/adapter/claudecode/claudecode.go:131.2,140.33 2 1
github.com/Tutitoos/atenea/internal/adapter/claudecode/claudecode.go:140.33,142.3 1 1
github.com/Tutitoos/atenea/internal/adapter/claudecode/claudecode.go:143.2,143.25 1 1
github.com/Tutitoos/atenea/internal/adapter/claudecode/claudecode.go:143.25,144.85 1 1
github.com/Tutitoos/atenea/internal/adapter/claudecode/claudecode.go:144.85,146.4 1 0
github.com/Tutitoos/atenea/internal/adapter/claudecode/claudecode.go:148.2,148.25 1 1
github.com/Tutitoos/atenea/internal/adapter/claudecode/claudecode.go:148.25,150.3 1 1
github.com/Tutitoos/atenea/internal/adapter/claudecode/claudecode.go:151.2,152.25 2 1
github.com/Tutitoos/atenea/internal/adapter/claudecode/claudecode.go:152.25,153.52 1 1
github.com/Tutitoos/atenea/internal/adapter/claudecode/claudecode.go:153.52,155.4 1 1
github.com/Tutitoos/atenea/internal/adapter/claudecode/claudecode.go:155.9,157.4 1 0
github.com/Tutitoos/atenea/internal/adapter/claudecode/claudecode.go:159.2,160.20 2 1
github.com/Tutitoos/atenea/internal/adapter/claudecode/claudecode.go:163.55,164.20 1 1
github.com/Tutitoos/atenea/internal/adapter/claudecode/claudecode.go:164.20,166.3 1 1
github.com/Tutitoos/atenea/internal/adapter/claudecode/claudecode.go:167.2,167.51 1 1
github.com/Tutitoos/atenea/internal/adapter/claudecode/claudecode.go:170.52,175.2 1 1
github.com/Tutitoos/atenea/internal/adapter/claudecode/claudecode.go:179.35,180.20 1 1
github.com/Tutitoos/atenea/internal/adapter/claudecode/claudecode.go:180.20,182.3 1 0
github.com/Tutitoos/atenea/internal/adapter/claudecode/claudecode.go:183.2,184.16 2 1
github.com/Tutitoos/atenea/internal/adapter/claudecode/claudecode.go:184.16,186.3 1 0
github.com/Tutitoos/atenea/internal/adapter/claudecode/claudecode.go:187.2,187.46 1 1
github.com/Tutitoos/atenea/internal/adapter/claudecode/claudecode.go:191.30,191.54 1 1
github.com/Tutitoos/atenea/internal/adapter/claudecode/claudecode.go:194.55,196.2 1 1
github.com/Tutitoos/atenea/internal/adapter/claudecode/claudecode.go:201.42,201.73 1 1
github.com/Tutitoos/atenea/internal/adapter/claudecode/claudecode.go:204.45,208.2 3 1
github.com/Tutitoos/atenea/internal/adapter/claudecode/claudecode.go:216.102,217.15 1 1
github.com/Tutitoos/atenea/internal/adapter/claudecode/claudecode.go:217.15,217.59 1 1
github.com/Tutitoos/atenea/internal/adapter/claudecode/claudecode.go:218.2,218.39 1 1
github.com/Tutitoos/atenea/internal/adapter/claudecode/claudecode.go:218.39,220.3 1 0
github.com/Tutitoos/atenea/internal/adapter/claudecode/claudecode.go:221.2,221.38 1 1
github.com/Tutitoos/atenea/internal/adapter/claudecode/claudecode.go:221.38,224.3 1 1
github.com/Tutitoos/atenea/internal/adapter/claudecode/claudecode.go:225.2,225.37 1 1
github.com/Tutitoos/atenea/internal/adapter/claudecode/claudecode.go:225.37,228.3 1 0
github.com/Tutitoos/atenea/internal/adapter/claudecode/claudecode.go:235.2,235.30 1 1
github.com/Tutitoos/atenea/internal/adapter/claudecode/claudecode.go:235.30,238.3 1 1
github.com/Tutitoos/atenea/internal/adapter/claudecode/claudecode.go:240.2,242.16 3 1
github.com/Tutitoos/atenea/internal/adapter/claudecode/claudecode.go:242.16,244.3 1 0
github.com/Tutitoos/atenea/internal/adapter/claudecode/claudecode.go:245.2,246.16 2 1
github.com/Tutitoos/atenea/internal/adapter/claudecode/claudecode.go:246.16,249.3 1 0
github.com/Tutitoos/atenea/internal/adapter/claudecode/claudecode.go:251.2,270.96 3 1
github.com/Tutitoos/atenea/internal/adapter/claudecode/claudecode.go:270.96,273.3 1 1
github.com/Tutitoos/atenea/internal/adapter/claudecode/claudecode.go:274.2,274.16 1 1
github.com/Tutitoos/atenea/internal/adapter/claudecode/claudecode.go:274.16,276.3 1 1
github.com/Tutitoos/atenea/internal/adapter/claudecode/claudecode.go:277.2,277.52 1 1
github.com/Tutitoos/atenea/internal/adapter/claudecode/claudecode.go:277.52,287.3 1 1
github.com/Tutitoos/atenea/internal/adapter/claudecode/claudecode.go:289.2,290.16 2 1
github.com/Tutitoos/atenea/internal/adapter/claudecode/claudecode.go:290.16,292.3 1 0
github.com/Tutitoos/atenea/internal/adapter/claudecode/claudecode.go:293.2,293.62 1 1
github.com/Tutitoos/atenea/internal/adapter/claudecode/claudecode.go:293.62,297.3 1 0
github.com/Tutitoos/atenea/internal/adapter/claudecode/claudecode.go:299.2,302.29 4 1
github.com/Tutitoos/atenea/internal/adapter/claudecode/claudecode.go:302.29,313.3 1 1
github.com/Tutitoos/atenea/internal/adapter/claudecode/claudecode.go:314.2,314.86 1 1
github.com/Tutitoos/atenea/internal/adapter/claudecode/claudecode.go:314.86,316.3 1 1
github.com/Tutitoos/atenea/internal/adapter/claudecode/claudecode.go:320.2,321.20 2 1
github.com/Tutitoos/atenea/internal/adapter/claudecode/claudecode.go:321.20,324.3 1 0
github.com/Tutitoos/atenea/internal/adapter/claudecode/claudecode.go:325.2,325.21 1 1
github.com/Tutitoos/atenea/internal/adapter/claudecode/claudecode.go:340.69,342.26 2 1
github.com/Tutitoos/atenea/internal/adapter/claudecode/claudecode.go:342.26,352.3 1 1
github.com/Tutitoos/atenea/internal/adapter/claudecode/claudecode.go:353.2,353.75 1 1
github.com/Tutitoos/atenea/internal/adapter/claudecode/claudecode.go:353.75,364.3 1 1
github.com/Tutitoos/atenea/internal/adapter/claudecode/claudecode.go:365.2,365.12 1 1
github.com/Tutitoos/atenea/internal/adapter/claudecode/claudecode.go:381.57,383.35 2 1
github.com/Tutitoos/atenea/internal/adapter/claudecode/claudecode.go:383.35,385.3 1 1
github.com/Tutitoos/atenea/internal/adapter/claudecode/claudecode.go:386.2,395.54 2 1
github.com/Tutitoos/atenea/internal/adapter/claudecode/claudecode.go:395.54,396.16 1 0
github.com/Tutitoos/atenea/internal/adapter/claudecode/claudecode.go:396.16,399.4 1 0
github.com/Tutitoos/atenea/internal/adapter/claudecode/claudecode.go:400.3,400.27 1 0
github.com/Tutitoos/atenea/internal/adapter/claudecode/claudecode.go:402.2,402.17 1 1
github.com/Tutitoos/atenea/internal/adapter/claudecode/claudecode.go:413.53,415.45 2 1
github.com/Tutitoos/atenea/internal/adapter/claudecode/claudecode.go:415.45,417.3 1 1
github.com/Tutitoos/atenea/internal/adapter/claudecode/claudecode.go:418.2,418.48 1 1
github.com/Tutitoos/atenea/internal/adapter/claudecode/claudecode.go:418.48,420.3 1 1
github.com/Tutitoos/atenea/internal/adapter/claudecode/claudecode.go:421.2,421.12 1 1
github.com/Tutitoos/atenea/internal/adapter/claudecode/claudecode.go:425.78,427.16 2 1
github.com/Tutitoos/atenea/internal/adapter/claudecode/claudecode.go:427.16,429.3 1 0
github.com/Tutitoos/atenea/internal/adapter/claudecode/claudecode.go:430.2,457.8 2 1
github.com/Tutitoos/atenea/internal/adapter/claudecode/claudecode.go:465.121,467.16 2 1
github.com/Tutitoos/atenea/internal/adapter/claudecode/claudecode.go:467.16,470.3 1 1
github.com/Tutitoos/atenea/internal/adapter/claudecode/claudecode.go:471.2,472.16 2 1
github.com/Tutitoos/atenea/internal/adapter/claudecode/claudecode.go:472.16,474.3 1 0
github.com/Tutitoos/atenea/internal/adapter/claudecode/claudecode.go:476.2,487.16 7 1
github.com/Tutitoos/atenea/internal/adapter/claudecode/claudecode.go:487.16,490.3 1 0
github.com/Tutitoos/atenea/internal/adapter/claudecode/claudecode.go:491.2,493.36 3 1
github.com/Tutitoos/atenea/internal/adapter/claudecode/claudecode.go:493.36,494.41 1 1
github.com/Tutitoos/atenea/internal/adapter/claudecode/claudecode.go:494.41,496.4 1 1
github.com/Tutitoos/atenea/internal/adapter/claudecode/claudecode.go:497.3,497.44 1 0
github.com/Tutitoos/atenea/internal/adapter/claudecode/claudecode.go:499.2,505.21 7 1
github.com/Tutitoos/atenea/internal/adapter/claudecode/claudecode.go:505.21,507.17 2 1
github.com/Tutitoos/atenea/internal/adapter/claudecode/claudecode.go:507.17,508.12 1 0
github.com/Tutitoos/atenea/internal/adapter/claudecode/claudecode.go:510.3,513.17 4 1
github.com/Tutitoos/atenea/internal/adapter/claudecode/claudecode.go:513.17,514.12 1 1
github.com/Tutitoos/atenea/internal/adapter/claudecode/claudecode.go:516.3,516.10 1 1
github.com/Tutitoos/atenea/internal/adapter/claudecode/claudecode.go:516.10,517.12 1 0
github.com/Tutitoos/atenea/internal/adapter/claudecode/claudecode.go:519.3,519.49 1 1
github.com/Tutitoos/atenea/internal/adapter/claudecode/claudecode.go:519.49,522.4 2 0
github.com/Tutitoos/atenea/internal/adapter/claudecode/claudecode.go:523.3,523.21 1 1
github.com/Tutitoos/atenea/internal/adapter/claudecode/claudecode.go:523.21,527.7 2 1
github.com/Tutitoos/atenea/internal/adapter/claudecode/claudecode.go:527.7,530.10 3 1
github.com/Tutitoos/atenea/internal/adapter/claudecode/claudecode.go:534.2,537.20 4 1
github.com/Tutitoos/atenea/internal/adapter/claudecode/claudecode.go:537.20,540.3 1 0
github.com/Tutitoos/atenea/internal/adapter/claudecode/claudecode.go:541.2,541.19 1 1
github.com/Tutitoos/atenea/internal/adapter/claudecode/claudecode.go:541.19,544.3 1 1
github.com/Tutitoos/atenea/internal/adapter/claudecode/claudecode.go:545.2,545.40 1 1
github.com/Tutitoos/atenea/internal/adapter/claudecode/claudecode.go:545.40,548.3 1 1
github.com/Tutitoos/atenea/internal/adapter/claudecode/claudecode.go:549.2,549.16 1 1
github.com/Tutitoos/atenea/internal/adapter/claudecode/claudecode.go:549.16,550.82 1 1
github.com/Tutitoos/atenea/internal/adapter/claudecode/claudecode.go:550.82,553.63 3 1
github.com/Tutitoos/atenea/internal/adapter/claudecode/claudecode.go:553.63,557.5 1 1
github.com/Tutitoos/atenea/internal/adapter/claudecode/claudecode.go:560.2,560.33 1 1
github.com/Tutitoos/atenea/internal/adapter/claudecode/claudecode.go:560.33,563.3 1 0
github.com/Tutitoos/atenea/internal/adapter/claudecode/claudecode.go:564.2,564.35 1 1
github.com/Tutitoos/atenea/internal/adapter/claudecode/claudecode.go:564.35,565.17 1 0
github.com/Tutitoos/atenea/internal/adapter/claudecode/claudecode.go:565.17,570.4 1 0
github.com/Tutitoos/atenea/internal/adapter/claudecode/claudecode.go:572.2,572.17 1 1
github.com/Tutitoos/atenea/internal/adapter/claudecode/claudecode.go:572.17,595.3 1 1
github.com/Tutitoos/atenea/internal/adapter/claudecode/claudecode.go:596.2,596.23 1 1
github.com/Tutitoos/atenea/internal/adapter/claudecode/claudecode.go:643.35,649.4 1 1
github.com/Tutitoos/atenea/internal/adapter/claudecode/claudecode.go:649.4,650.55 1 1
github.com/Tutitoos/atenea/internal/adapter/claudecode/claudecode.go:650.55,652.4 1 1
github.com/Tutitoos/atenea/internal/adapter/claudecode/claudecode.go:654.2,654.11 1 1
github.com/Tutitoos/atenea/internal/adapter/claudecode/claudecode.go:667.28,669.2 1 1
github.com/Tutitoos/atenea/internal/adapter/claudecode/claudecode.go:672.45,674.19 2 1
github.com/Tutitoos/atenea/internal/adapter/claudecode/claudecode.go:674.19,677.3 1 0
github.com/Tutitoos/atenea/internal/adapter/claudecode/claudecode.go:678.2,679.62 2 1
github.com/Tutitoos/atenea/internal/adapter/claudecode/claudecode.go:679.62,682.3 1 1
github.com/Tutitoos/atenea/internal/adapter/claudecode/claudecode.go:683.2,683.17 1 1
github.com/Tutitoos/atenea/internal/adapter/claudecode/claudecode.go:692.62,694.59 2 1
github.com/Tutitoos/atenea/internal/adapter/claudecode/claudecode.go:694.59,697.3 1 1
github.com/Tutitoos/atenea/internal/adapter/claudecode/claudecode.go:698.2,699.59 2 1
github.com/Tutitoos/atenea/internal/adapter/claudecode/claudecode.go:699.59,702.3 1 0
github.com/Tutitoos/atenea/internal/adapter/claudecode/claudecode.go:703.2,703.68 1 1
github.com/Tutitoos/atenea/internal/adapter/claudecode/claudecode.go:703.68,706.3 1 0
github.com/Tutitoos/atenea/internal/adapter/claudecode/claudecode.go:707.2,708.23 2 1
github.com/Tutitoos/atenea/internal/adapter/claudecode/claudecode.go:711.52,715.86 2 1
github.com/Tutitoos/atenea/internal/adapter/claudecode/claudecode.go:715.86,717.3 1 0
github.com/Tutitoos/atenea/internal/adapter/claudecode/claudecode.go:718.2,718.32 1 1
github.com/Tutitoos/atenea/internal/adapter/claudecode/claudecode.go:726.65,729.33 3 1
github.com/Tutitoos/atenea/internal/adapter/claudecode/claudecode.go:729.33,732.3 2 0
github.com/Tutitoos/atenea/internal/adapter/claudecode/claudecode.go:733.2,733.9 1 1
github.com/Tutitoos/atenea/internal/adapter/claudecode/claudecode.go:737.44,741.65 1 1
github.com/Tutitoos/atenea/internal/adapter/claudecode/claudecode.go:742.41,755.64 1 1
github.com/Tutitoos/atenea/internal/adapter/claudecode/claudecode.go:756.80,758.49 1 1
github.com/Tutitoos/atenea/internal/adapter/claudecode/claudecode.go:759.82,764.60 1 1
github.com/Tutitoos/atenea/internal/adapter/claudecode/claudecode.go:765.80,767.42 1 0
github.com/Tutitoos/atenea/internal/adapter/claudecode/claudecode.go:768.85,770.70 1 1
github.com/Tutitoos/atenea/internal/adapter/claudecode/claudecode.go:771.10,773.47 1 1
github.com/Tutitoos/atenea/internal/adapter/claudecode/claudecode.go:788.67,790.16 2 1
github.com/Tutitoos/atenea/internal/adapter/claudecode/claudecode.go:790.16,792.3 1 0
github.com/Tutitoos/atenea/internal/adapter/claudecode/claudecode.go:793.2,794.16 2 1
github.com/Tutitoos/atenea/internal/adapter/claudecode/claudecode.go:794.16,797.3 1 0
github.com/Tutitoos/atenea/internal/adapter/claudecode/claudecode.go:798.2,798.29 1 1
github.com/Tutitoos/atenea/internal/adapter/claudecode/claudecode.go:808.77,815.36 6 1
github.com/Tutitoos/atenea/internal/adapter/claudecode/claudecode.go:815.36,817.3 1 1
github.com/Tutitoos/atenea/internal/adapter/claudecode/claudecode.go:819.2,826.19 7 1
github.com/Tutitoos/atenea/internal/adapter/claudecode/claudecode.go:826.19,828.3 1 1
github.com/Tutitoos/atenea/internal/adapter/claudecode/claudecode.go:829.2,829.28 1 1
github.com/Tutitoos/atenea/internal/adapter/claudecode/claudecode.go:829.28,831.3 1 1
github.com/Tutitoos/atenea/internal/adapter/claudecode/claudecode.go:832.2,832.24 1 1
github.com/Tutitoos/atenea/internal/adapter/claudecode/claudecode.go:832.24,834.3 1 1
github.com/Tutitoos/atenea/internal/adapter/claudecode/claudecode.go:834.8,836.3 1 1
github.com/Tutitoos/atenea/internal/adapter/claudecode/claudecode.go:837.2,837.24 1 1
github.com/Tutitoos/atenea/internal/adapter/claudecode/claudecode.go:837.24,840.3 1 1
github.com/Tutitoos/atenea/internal/adapter/claudecode/claudecode.go:842.2,852.19 9 1
github.com/Tutitoos/atenea/internal/adapter/claudecode/claudecode.go:855.40,856.11 1 1
github.com/Tutitoos/atenea/internal/adapter/claudecode/claudecode.go:856.11,858.3 1 1
github.com/Tutitoos/atenea/internal/adapter/claudecode/claudecode.go:859.2,859.58 1 1
github.com/Tutitoos/atenea/internal/adapter/claudecode/claudecode.go:862.38,863.15 1 1
github.com/Tutitoos/atenea/internal/adapter/claudecode/claudecode.go:863.15,865.3 1 1
github.com/Tutitoos/atenea/internal/adapter/claudecode/claudecode.go:866.2,866.23 1 1
github.com/Tutitoos/atenea/internal/adapter/claudecode/claudecode.go:869.35,869.86 1 1
github.com/Tutitoos/atenea/internal/adapter/claudecode/claudecode.go:881.109,882.36 1 1
github.com/Tutitoos/atenea/internal/adapter/claudecode/claudecode.go:882.36,886.3 1 1
github.com/Tutitoos/atenea/internal/adapter/claudecode/claudecode.go:887.2,887.36 1 1
github.com/Tutitoos/atenea/internal/adapter/claudecode/claudecode.go:887.36,893.3 1 1
github.com/Tutitoos/atenea/internal/adapter/claudecode/claudecode.go:894.2,895.70 2 1
github.com/Tutitoos/atenea/internal/adapter/claudecode/claudecode.go:895.70,899.3 1 0
github.com/Tutitoos/atenea/internal/adapter/claudecode/claudecode.go:901.2,904.27 4 1
github.com/Tutitoos/atenea/internal/adapter/claudecode/claudecode.go:904.27,906.10 2 1
github.com/Tutitoos/atenea/internal/adapter/claudecode/claudecode.go:906.10,907.12 1 0
github.com/Tutitoos/atenea/internal/adapter/claudecode/claudecode.go:909.3,910.17 2 1
github.com/Tutitoos/atenea/internal/adapter/claudecode/claudecode.go:910.17,912.12 2 1
github.com/Tutitoos/atenea/internal/adapter/claudecode/claudecode.go:914.3,914.12 1 1
github.com/Tutitoos/atenea/internal/adapter/claudecode/claudecode.go:914.12,915.12 1 1
github.com/Tutitoos/atenea/internal/adapter/claudecode/claudecode.go:917.3,917.33 1 1
github.com/Tutitoos/atenea/internal/adapter/claudecode/claudecode.go:919.2,919.67 1 1
github.com/Tutitoos/atenea/internal/adapter/claudecode/claudecode.go:932.132,935.16 3 1
github.com/Tutitoos/atenea/internal/adapter/claudecode/claudecode.go:935.16,937.3 1 1
github.com/Tutitoos/atenea/internal/adapter/claudecode/claudecode.go:938.2,939.13 2 1
github.com/Tutitoos/atenea/internal/adapter/claudecode/claudecode.go:939.13,941.3 1 1
github.com/Tutitoos/atenea/internal/adapter/claudecode/claudecode.go:942.2,942.35 1 1
github.com/Tutitoos/atenea/internal/adapter/claudecode/claudecode.go:942.35,944.3 1 1
github.com/Tutitoos/atenea/internal/adapter/claudecode/claudecode.go:945.2,945.29 1 1
github.com/Tutitoos/atenea/internal/adapter/claudecode/claudecode.go:945.29,947.3 1 1
github.com/Tutitoos/atenea/internal/adapter/claudecode/claudecode.go:948.2,948.68 1 1
github.com/Tutitoos/atenea/internal/adapter/claudecode/claudecode.go:948.68,950.3 1 1
github.com/Tutitoos/atenea/internal/adapter/claudecode/claudecode.go:951.2,952.9 2 1
github.com/Tutitoos/atenea/internal/adapter/claudecode/claudecode.go:952.9,954.3 1 1
github.com/Tutitoos/atenea/internal/adapter/claudecode/claudecode.go:955.2,956.9 2 1
github.com/Tutitoos/atenea/internal/adapter/claudecode/claudecode.go:956.9,962.3 1 1
github.com/Tutitoos/atenea/internal/adapter/claudecode/claudecode.go:963.2,964.51 2 1
github.com/Tutitoos/atenea/internal/adapter/claudecode/claudecode.go:964.51,966.3 1 1
github.com/Tutitoos/atenea/internal/adapter/claudecode/claudecode.go:967.2,967.25 1 1
github.com/Tutitoos/atenea/internal/adapter/claudecode/claudecode.go:972.51,974.26 2 1
github.com/Tutitoos/atenea/internal/adapter/claudecode/claudecode.go:974.26,980.3 1 1
github.com/Tutitoos/atenea/internal/adapter/claudecode/claudecode.go:981.2,981.54 1 1
github.com/Tutitoos/atenea/internal/adapter/claudecode/claudecode.go:981.54,983.3 1 1
github.com/Tutitoos/atenea/internal/adapter/claudecode/claudecode.go:984.2,984.46 1 1
github.com/Tutitoos/atenea/internal/adapter/claudecode/claudecode.go:990.52,991.38 1 1
github.com/Tutitoos/atenea/internal/adapter/claudecode/claudecode.go:991.38,992.49 1 1
github.com/Tutitoos/atenea/internal/adapter/claudecode/claudecode.go:992.49,994.4 1 1
github.com/Tutitoos/atenea/internal/adapter/claudecode/claudecode.go:995.3,995.60 1 1
github.com/Tutitoos/atenea/internal/adapter/claudecode/claudecode.go:995.60,997.4 1 1
github.com/Tutitoos/atenea/internal/adapter/claudecode/claudecode.go:999.2,999.14 1 1
github.com/Tutitoos/atenea/internal/adapter/claudecode/claudecode.go:1003.55,1005.29 2 1
github.com/Tutitoos/atenea/internal/adapter/claudecode/claudecode.go:1005.29,1006.60 1 1
github.com/Tutitoos/atenea/internal/adapter/claudecode/claudecode.go:1006.60,1008.4 1 1
github.com/Tutitoos/atenea/internal/adapter/claudecode/claudecode.go:1010.2,1010.14 1 1
github.com/Tutitoos/atenea/internal/adapter/claudecode/claudecode.go:1019.52,1020.21 1 1
github.com/Tutitoos/atenea/internal/adapter/claudecode/claudecode.go:1020.21,1022.3 1 1
github.com/Tutitoos/atenea/internal/adapter/claudecode/claudecode.go:1023.2,1023.30 1 1
github.com/Tutitoos/atenea/internal/adapter/claudecode/claudecode.go:1023.30,1025.82 2 1
github.com/Tutitoos/atenea/internal/adapter/claudecode/claudecode.go:1025.82,1027.4 1 1
github.com/Tutitoos/atenea/internal/adapter/claudecode/claudecode.go:1029.2,1029.14 1 1
github.com/Tutitoos/atenea/internal/adapter/claudecode/claudecode.go:1034.38,1035.27 1 1
github.com/Tutitoos/atenea/internal/adapter/claudecode/claudecode.go:1036.15,1037.38 1 1
github.com/Tutitoos/atenea/internal/adapter/claudecode/claudecode.go:1037.38,1039.4 1 1
github.com/Tutitoos/atenea/internal/adapter/claudecode/claudecode.go:1040.3,1040.22 1 1
github.com/Tutitoos/atenea/internal/adapter/claudecode/claudecode.go:1041.11,1042.12 1 0
github.com/Tutitoos/atenea/internal/adapter/claudecode/claudecode.go:1042.12,1044.4 1 0
github.com/Tutitoos/atenea/internal/adapter/claudecode/claudecode.go:1045.3,1045.17 1 0
github.com/Tutitoos/atenea/internal/adapter/claudecode/claudecode.go:1046.10,1047.18 1 1
github.com/Tutitoos/atenea/internal/adapter/claudecode/claudecode.go:1055.61,1057.9 2 1
github.com/Tutitoos/atenea/internal/adapter/claudecode/claudecode.go:1057.9,1058.48 1 1
github.com/Tutitoos/atenea/internal/adapter/claudecode/claudecode.go:1058.48,1060.4 1 0
github.com/Tutitoos/atenea/internal/adapter/claudecode/claudecode.go:1061.3,1061.13 1 1
github.com/Tutitoos/atenea/internal/adapter/claudecode/claudecode.go:1063.2,1064.27 2 1
github.com/Tutitoos/atenea/internal/adapter/claudecode/claudecode.go:1064.27,1065.36 1 1
github.com/Tutitoos/atenea/internal/adapter/claudecode/claudecode.go:1065.36,1067.4 1 1
github.com/Tutitoos/atenea/internal/adapter/claudecode/claudecode.go:1069.2,1069.12 1 1
github.com/Tutitoos/atenea/internal/adapter/claudecode/claudecode.go:1072.54,1075.2 2 1
github.com/Tutitoos/atenea/internal/adapter/claudecode/claudecode.go:1077.60,1078.34 1 1
github.com/Tutitoos/atenea/internal/adapter/claudecode/claudecode.go:1079.11,1080.17 1 0
github.com/Tutitoos/atenea/internal/adapter/claudecode/claudecode.go:1081.13,1082.22 1 0
github.com/Tutitoos/atenea/internal/adapter/claudecode/claudecode.go:1083.15,1084.22 1 0
github.com/Tutitoos/atenea/internal/adapter/claudecode/claudecode.go:1085.10,1086.18 1 1
github.com/Tutitoos/atenea/internal/agent/agent.go:125.41,126.23 1 1
github.com/Tutitoos/atenea/internal/agent/agent.go:126.23,129.3 1 0
github.com/Tutitoos/atenea/internal/agent/agent.go:130.2,131.31 2 1
github.com/Tutitoos/atenea/internal/agent/agent.go:131.31,133.3 1 1
github.com/Tutitoos/atenea/internal/agent/agent.go:134.2,144.18 2 1
github.com/Tutitoos/atenea/internal/agent/agent.go:144.18,146.17 2 0
github.com/Tutitoos/atenea/internal/agent/agent.go:146.17,149.4 1 0
github.com/Tutitoos/atenea/internal/agent/agent.go:150.3,150.15 1 0
github.com/Tutitoos/atenea/internal/agent/agent.go:152.2,152.18 1 1
github.com/Tutitoos/atenea/internal/agent/agent.go:152.18,154.3 1 1
github.com/Tutitoos/atenea/internal/agent/agent.go:155.2,155.18 1 1
github.com/Tutitoos/atenea/internal/agent/agent.go:155.18,157.3 1 1
github.com/Tutitoos/atenea/internal/agent/agent.go:158.2,158.15 1 1
github.com/Tutitoos/atenea/internal/agent/agent.go:162.38,164.28 2 1
github.com/Tutitoos/atenea/internal/agent/agent.go:164.28,166.3 1 1
github.com/Tutitoos/atenea/internal/agent/agent.go:167.2,168.12 2 1
github.com/Tutitoos/atenea/internal/agent/agent.go:214.34,214.52 1 0
github.com/Tutitoos/atenea/internal/agent/agent.go:222.77,224.2 1 1
github.com/Tutitoos/atenea/internal/agent/agent.go:227.106,229.16 2 1
github.com/Tutitoos/atenea/internal/agent/agent.go:229.16,231.3 1 1
github.com/Tutitoos/atenea/internal/agent/agent.go:232.2,233.16 2 1
github.com/Tutitoos/atenea/internal/agent/agent.go:233.16,235.3 1 0
github.com/Tutitoos/atenea/internal/agent/agent.go:236.2,236.28 1 1
github.com/Tutitoos/atenea/internal/agent/agent.go:236.28,239.3 2 1
github.com/Tutitoos/atenea/internal/agent/agent.go:240.2,240.22 1 1
github.com/Tutitoos/atenea/internal/agent/agent.go:240.22,243.3 2 1
github.com/Tutitoos/atenea/internal/agent/agent.go:244.2,244.23 1 1
github.com/Tutitoos/atenea/internal/agent/agent.go:244.23,247.3 2 1
github.com/Tutitoos/atenea/internal/agent/agent.go:248.2,248.43 1 1
github.com/Tutitoos/atenea/internal/agent/agent.go:248.43,249.47 1 1
github.com/Tutitoos/atenea/internal/agent/agent.go:249.47,251.4 1 0
github.com/Tutitoos/atenea/internal/agent/agent.go:254.2,269.48 3 1
github.com/Tutitoos/atenea/internal/agent/agent.go:269.48,271.3 1 0
github.com/Tutitoos/atenea/internal/agent/agent.go:273.2,281.19 3 1
github.com/Tutitoos/atenea/internal/agent/agent.go:281.19,287.70 2 1
github.com/Tutitoos/atenea/internal/agent/agent.go:287.70,289.4 1 0
github.com/Tutitoos/atenea/internal/agent/agent.go:290.3,292.43 1 1
github.com/Tutitoos/atenea/internal/agent/agent.go:294.2,295.65 1 1
github.com/Tutitoos/atenea/internal/agent/agent.go:295.65,297.3 1 0
github.com/Tutitoos/atenea/internal/agent/agent.go:298.2,298.32 1 1
github.com/Tutitoos/atenea/internal/agent/agent.go:301.65,303.8 2 1
github.com/Tutitoos/atenea/internal/agent/agent.go:303.8,305.3 1 1
github.com/Tutitoos/atenea/internal/agent/agent.go:306.2,307.21 2 1
github.com/Tutitoos/atenea/internal/agent/agent.go:307.21,310.3 1 0
github.com/Tutitoos/atenea/internal/agent/agent.go:311.2,312.72 1 1
github.com/Tutitoos/atenea/internal/agent/agent.go:319.91,320.14 1 1
github.com/Tutitoos/atenea/internal/agent/agent.go:320.14,322.3 1 1
github.com/Tutitoos/atenea/internal/agent/agent.go:323.2,323.19 1 1
github.com/Tutitoos/atenea/internal/agent/agent.go:323.19,329.40 5 1
github.com/Tutitoos/atenea/internal/agent/agent.go:329.40,331.4 1 0
github.com/Tutitoos/atenea/internal/agent/agent.go:332.3,332.18 1 1
github.com/Tutitoos/atenea/internal/agent/agent.go:334.2,336.16 2 0
github.com/Tutitoos/atenea/internal/agent/agent.go:336.16,338.3 1 0
github.com/Tutitoos/atenea/internal/agent/agent.go:341.2,343.41 3 0
github.com/Tutitoos/atenea/internal/agent/agent.go:343.41,345.3 1 0
github.com/Tutitoos/atenea/internal/agent/agent.go:346.2,346.19 1 0
github.com/Tutitoos/atenea/internal/agent/agent.go:352.59,354.16 2 1
github.com/Tutitoos/atenea/internal/agent/agent.go:354.16,356.3 1 0
github.com/Tutitoos/atenea/internal/agent/agent.go:357.2,358.16 2 1
github.com/Tutitoos/atenea/internal/agent/agent.go:358.16,360.3 1 0
github.com/Tutitoos/atenea/internal/agent/agent.go:361.2,362.16 2 1
github.com/Tutitoos/atenea/internal/agent/agent.go:362.16,364.3 1 0
github.com/Tutitoos/atenea/internal/agent/agent.go:366.2,370.52 4 1
github.com/Tutitoos/atenea/internal/agent/agent.go:370.52,372.3 1 1
github.com/Tutitoos/atenea/internal/agent/agent.go:373.2,382.30 7 1
github.com/Tutitoos/atenea/internal/agent/agent.go:382.30,384.3 1 1
github.com/Tutitoos/atenea/internal/agent/agent.go:389.2,389.40 1 1
github.com/Tutitoos/atenea/internal/agent/agent.go:389.40,391.3 1 1
github.com/Tutitoos/atenea/internal/agent/agent.go:393.2,394.21 2 1
github.com/Tutitoos/atenea/internal/agent/agent.go:394.21,397.3 1 1
github.com/Tutitoos/atenea/internal/agent/agent.go:398.2,398.19 1 1
github.com/Tutitoos/atenea/internal/agent/agent.go:398.19,404.3 1 0
github.com/Tutitoos/atenea/internal/agent/agent.go:406.2,407.55 2 1
github.com/Tutitoos/atenea/internal/agent/agent.go:407.55,413.3 1 1
github.com/Tutitoos/atenea/internal/agent/agent.go:414.2,414.20 1 1
github.com/Tutitoos/atenea/internal/agent/agent.go:419.48,420.32 1 1
github.com/Tutitoos/atenea/internal/agent/agent.go:420.32,422.3 1 1
github.com/Tutitoos/atenea/internal/agent/agent.go:423.2,423.16 1 1
github.com/Tutitoos/atenea/internal/agent/agent.go:429.101,431.43 2 1
github.com/Tutitoos/atenea/internal/agent/agent.go:431.43,432.16 1 1
github.com/Tutitoos/atenea/internal/agent/agent.go:433.35,437.5 1 1
github.com/Tutitoos/atenea/internal/agent/agent.go:438.34,441.18 3 1
github.com/Tutitoos/atenea/internal/agent/agent.go:441.18,443.5 1 0
github.com/Tutitoos/atenea/internal/agent/agent.go:444.4,444.20 1 1
github.com/Tutitoos/atenea/internal/agent/agent.go:444.20,446.5 1 1
github.com/Tutitoos/atenea/internal/agent/agent.go:447.4,447.36 1 1
github.com/Tutitoos/atenea/internal/agent/agent.go:448.31,452.5 1 0
github.com/Tutitoos/atenea/internal/agent/agent.go:453.32,455.18 2 1
github.com/Tutitoos/atenea/internal/agent/agent.go:455.18,457.5 1 0
github.com/Tutitoos/atenea/internal/agent/agent.go:458.4,458.57 1 1
github.com/Tutitoos/atenea/internal/agent/agent.go:459.36,461.52 1 0
github.com/Tutitoos/atenea/internal/agent/agent.go:464.2,464.20 1 1
github.com/Tutitoos/atenea/internal/agent/agent.go:469.91,470.22 1 1
github.com/Tutitoos/atenea/internal/agent/agent.go:470.22,472.3 1 0
github.com/Tutitoos/atenea/internal/agent/agent.go:473.2,474.16 2 1
github.com/Tutitoos/atenea/internal/agent/agent.go:474.16,476.3 1 0
github.com/Tutitoos/atenea/internal/agent/agent.go:480.2,482.27 3 1
github.com/Tutitoos/atenea/internal/agent/agent.go:482.27,488.28 2 1
github.com/Tutitoos/atenea/internal/agent/agent.go:488.28,490.4 1 1
github.com/Tutitoos/atenea/internal/agent/agent.go:491.3,491.53 1 1
github.com/Tutitoos/atenea/internal/agent/agent.go:491.53,493.4 1 0
github.com/Tutitoos/atenea/internal/agent/agent.go:500.3,500.40 1 1
github.com/Tutitoos/atenea/internal/agent/agent.go:500.40,507.37 2 1
github.com/Tutitoos/atenea/internal/agent/agent.go:507.37,508.36 1 1
github.com/Tutitoos/atenea/internal/agent/agent.go:508.36,509.14 1 1
github.com/Tutitoos/atenea/internal/agent/agent.go:511.5,512.66 2 1
github.com/Tutitoos/atenea/internal/agent/agent.go:514.4,514.27 1 1
github.com/Tutitoos/atenea/internal/agent/agent.go:514.27,516.5 1 1
github.com/Tutitoos/atenea/internal/agent/agent.go:518.3,518.27 1 1
github.com/Tutitoos/atenea/internal/agent/agent.go:520.2,520.17 1 1
github.com/Tutitoos/atenea/internal/agent/agent.go:524.67,525.46 1 1
github.com/Tutitoos/atenea/internal/agent/agent.go:525.46,528.3 1 1
github.com/Tutitoos/atenea/internal/agent/agent.go:529.2,529.87 1 0
github.com/Tutitoos/atenea/internal/agent/agent.go:532.33,533.18 1 1
github.com/Tutitoos/atenea/internal/agent/agent.go:533.18,535.3 1 1
github.com/Tutitoos/atenea/internal/agent/agent.go:536.2,536.47 1 1
github.com/Tutitoos/atenea/internal/agent/agent.go:539.33,540.45 1 1
github.com/Tutitoos/atenea/internal/agent/agent.go:540.45,542.3 1 0
github.com/Tutitoos/atenea/internal/agent/agent.go:543.2,543.10 1 1
github.com/Tutitoos/atenea/internal/agent/agent.go:583.73,584.20 1 1
github.com/Tutitoos/atenea/internal/agent/agent.go:584.20,586.3 1 0
github.com/Tutitoos/atenea/internal/agent/agent.go:587.2,588.16 2 1
github.com/Tutitoos/atenea/internal/agent/agent.go:588.16,590.3 1 0
github.com/Tutitoos/atenea/internal/agent/agent.go:591.2,591.27 1 1
github.com/Tutitoos/atenea/internal/agent/agent.go:591.27,593.3 1 1
github.com/Tutitoos/atenea/internal/agent/agent.go:594.2,595.38 2 1
github.com/Tutitoos/atenea/internal/agent/agent.go:595.38,604.3 1 1
github.com/Tutitoos/atenea/internal/agent/agent.go:605.2,612.28 2 1
github.com/Tutitoos/atenea/internal/agent/agent.go:612.28,614.3 1 1
github.com/Tutitoos/atenea/internal/agent/agent.go:615.2,615.17 1 1
github.com/Tutitoos/atenea/internal/agent/death.go:20.74,22.2 1 1
github.com/Tutitoos/atenea/internal/agent/death.go:28.38,30.41 2 1
github.com/Tutitoos/atenea/internal/agent/death.go:30.41,34.3 1 0
github.com/Tutitoos/atenea/internal/agent/death.go:35.2,35.67 1 1
github.com/Tutitoos/atenea/internal/agent/death.go:40.88,42.33 2 0
github.com/Tutitoos/atenea/internal/agent/death.go:42.33,43.37 1 0
github.com/Tutitoos/atenea/internal/agent/death.go:43.37,45.4 1 0
github.com/Tutitoos/atenea/internal/agent/death.go:47.2,47.12 1 0
github.com/Tutitoos/atenea/internal/agent/death.go:50.30,50.48 1 1
github.com/Tutitoos/atenea/internal/agent/death.go:61.33,63.23 2 1
github.com/Tutitoos/atenea/internal/agent/death.go:63.23,68.3 2 1
github.com/Tutitoos/atenea/internal/agent/review.go:34.34,36.2 1 1
github.com/Tutitoos/atenea/internal/agent/review.go:51.46,52.26 1 1
github.com/Tutitoos/atenea/internal/agent/review.go:52.26,54.3 1 0
github.com/Tutitoos/atenea/internal/agent/review.go:55.2,55.31 1 1
github.com/Tutitoos/atenea/internal/agent/review.go:55.31,56.19 1 1
github.com/Tutitoos/atenea/internal/agent/review.go:56.19,58.4 1 1
github.com/Tutitoos/atenea/internal/agent/review.go:60.2,60.45 1 1
github.com/Tutitoos/atenea/internal/agent/review.go:64.38,65.31 1 1
github.com/Tutitoos/atenea/internal/agent/review.go:65.31,66.19 1 1
github.com/Tutitoos/atenea/internal/agent/review.go:66.19,68.4 1 1
github.com/Tutitoos/atenea/internal/agent/review.go:70.2,70.14 1 1
github.com/Tutitoos/atenea/internal/agent/review.go:92.43,93.43 1 1
github.com/Tutitoos/atenea/internal/agent/review.go:93.43,96.3 1 0
github.com/Tutitoos/atenea/internal/agent/review.go:97.2,97.51 1 1
github.com/Tutitoos/atenea/internal/agent/review.go:97.51,99.3 1 1
github.com/Tutitoos/atenea/internal/agent/review.go:101.2,103.54 3 1
github.com/Tutitoos/atenea/internal/agent/review.go:103.54,106.17 3 1
github.com/Tutitoos/atenea/internal/agent/review.go:106.17,108.4 1 1
github.com/Tutitoos/atenea/internal/agent/review.go:109.3,109.25 1 1
github.com/Tutitoos/atenea/internal/agent/review.go:109.25,111.4 1 1
github.com/Tutitoos/atenea/internal/agent/review.go:112.3,112.48 1 1
github.com/Tutitoos/atenea/internal/agent/review.go:115.2,118.57 2 1
github.com/Tutitoos/atenea/internal/agent/review.go:123.70,125.21 2 1
github.com/Tutitoos/atenea/internal/agent/review.go:125.21,136.3 4 1
github.com/Tutitoos/atenea/internal/agent/review.go:138.2,140.16 3 1
github.com/Tutitoos/atenea/internal/agent/review.go:140.16,143.3 1 1
github.com/Tutitoos/atenea/internal/agent/review.go:145.2,154.16 4 1
github.com/Tutitoos/atenea/internal/agent/review.go:154.16,160.3 1 1
github.com/Tutitoos/atenea/internal/agent/review.go:161.2,162.21 2 1
github.com/Tutitoos/atenea/internal/agent/review.go:173.57,175.2 1 1
github.com/Tutitoos/atenea/internal/agent/review.go:184.100,188.2 3 1
github.com/Tutitoos/atenea/internal/agent/review.go:194.81,201.2 1 1
github.com/Tutitoos/atenea/internal/agent/wire.go:135.41,155.24 2 1
github.com/Tutitoos/atenea/internal/agent/wire.go:155.24,158.3 2 1
github.com/Tutitoos/atenea/internal/agent/wire.go:159.2,159.28 1 1
github.com/Tutitoos/atenea/internal/agent/wire.go:159.28,162.3 2 1
github.com/Tutitoos/atenea/internal/agent/wire.go:163.2,165.35 3 1
github.com/Tutitoos/atenea/internal/agent/wire.go:165.35,167.3 1 1
github.com/Tutitoos/atenea/internal/agent/wire.go:168.2,169.16 2 1
github.com/Tutitoos/atenea/internal/agent/wire.go:169.16,172.3 1 0
github.com/Tutitoos/atenea/internal/agent/wire.go:173.2,173.35 1 1
github.com/Tutitoos/atenea/internal/agent/wire.go:187.54,188.14 1 1
github.com/Tutitoos/atenea/internal/agent/wire.go:188.14,190.3 1 1
github.com/Tutitoos/atenea/internal/agent/wire.go:191.2,206.73 2 1
github.com/Tutitoos/atenea/internal/agent/wire.go:206.73,208.3 1 0
github.com/Tutitoos/atenea/internal/agent/wire.go:209.2,209.22 1 1
github.com/Tutitoos/atenea/internal/agent/wire.go:209.22,212.3 2 1
github.com/Tutitoos/atenea/internal/agent/wire.go:213.2,213.12 1 1
github.com/Tutitoos/atenea/internal/agent/wire.go:216.56,222.46 4 1
github.com/Tutitoos/atenea/internal/agent/wire.go:222.46,225.3 1 1
github.com/Tutitoos/atenea/internal/agent/wire.go:226.2,227.16 2 1
github.com/Tutitoos/atenea/internal/agent/wire.go:227.16,230.3 1 0
github.com/Tutitoos/atenea/internal/agent/wire.go:231.2,235.30 2 1
github.com/Tutitoos/atenea/internal/agent/wire.go:235.30,238.3 2 1
github.com/Tutitoos/atenea/internal/agent/wire.go:239.2,239.24 1 1
github.com/Tutitoos/atenea/internal/agent/wire.go:239.24,241.17 2 1
github.com/Tutitoos/atenea/internal/agent/wire.go:241.17,244.4 1 0
github.com/Tutitoos/atenea/internal/agent/wire.go:245.3,245.67 1 1
github.com/Tutitoos/atenea/internal/agent/wire.go:247.2,247.36 1 1
github.com/Tutitoos/atenea/internal/agent/wire.go:247.36,249.17 2 0
github.com/Tutitoos/atenea/internal/agent/wire.go:249.17,252.4 1 0
github.com/Tutitoos/atenea/internal/agent/wire.go:253.3,253.90 1 0
github.com/Tutitoos/atenea/internal/agent/wire.go:255.2,255.31 1 1
github.com/Tutitoos/atenea/internal/agent/wire.go:255.31,263.19 2 0
github.com/Tutitoos/atenea/internal/agent/wire.go:263.19,266.4 2 0
github.com/Tutitoos/atenea/internal/agent/wire.go:268.2,268.17 1 1
github.com/Tutitoos/atenea/internal/agent/model/model.go:127.41,128.22 1 1
github.com/Tutitoos/atenea/internal/agent/model/model.go:128.22,131.3 1 1
github.com/Tutitoos/atenea/internal/agent/model/model.go:132.2,133.19 2 1
github.com/Tutitoos/atenea/internal/agent/model/model.go:133.19,135.3 1 1
github.com/Tutitoos/atenea/internal/agent/model/model.go:136.2,136.60 1 1
github.com/Tutitoos/atenea/internal/agent/model/model.go:136.60,139.3 1 0
github.com/Tutitoos/atenea/internal/agent/model/model.go:140.2,147.25 2 1
github.com/Tutitoos/atenea/internal/agent/model/model.go:147.25,148.33 1 1
github.com/Tutitoos/atenea/internal/agent/model/model.go:148.33,150.4 1 0
github.com/Tutitoos/atenea/internal/agent/model/model.go:150.9,152.4 1 1
github.com/Tutitoos/atenea/internal/agent/model/model.go:154.2,154.25 1 1
github.com/Tutitoos/atenea/internal/agent/model/model.go:154.25,156.3 1 1
github.com/Tutitoos/atenea/internal/agent/model/model.go:157.2,157.32 1 1
github.com/Tutitoos/atenea/internal/agent/model/model.go:157.32,159.17 2 1
github.com/Tutitoos/atenea/internal/agent/model/model.go:159.17,161.4 1 0
github.com/Tutitoos/atenea/internal/agent/model/model.go:162.3,162.27 1 1
github.com/Tutitoos/atenea/internal/agent/model/model.go:164.2,165.20 2 1
github.com/Tutitoos/atenea/internal/agent/model/model.go:173.54,175.14 2 1
github.com/Tutitoos/atenea/internal/agent/model/model.go:176.19,177.19 1 1
github.com/Tutitoos/atenea/internal/agent/model/model.go:178.16,179.16 1 1
github.com/Tutitoos/atenea/internal/agent/model/model.go:180.10,186.52 1 0
github.com/Tutitoos/atenea/internal/agent/model/model.go:188.2,188.16 1 1
github.com/Tutitoos/atenea/internal/agent/model/model.go:188.16,191.3 1 1
github.com/Tutitoos/atenea/internal/agent/model/model.go:192.2,192.18 1 1
github.com/Tutitoos/atenea/internal/agent/model/model.go:212.42,214.16 2 1
github.com/Tutitoos/atenea/internal/agent/model/model.go:214.16,217.3 1 0
github.com/Tutitoos/atenea/internal/agent/model/model.go:218.2,223.16 2 1
github.com/Tutitoos/atenea/internal/agent/model/model.go:223.16,225.3 1 0
github.com/Tutitoos/atenea/internal/agent/model/model.go:226.2,226.25 1 1
github.com/Tutitoos/atenea/internal/agent/model/model.go:246.36,248.16 2 1
github.com/Tutitoos/atenea/internal/agent/model/model.go:248.16,253.3 1 0
github.com/Tutitoos/atenea/internal/agent/model/model.go:254.2,255.28 2 1
github.com/Tutitoos/atenea/internal/agent/model/model.go:399.35,400.39 1 1
github.com/Tutitoos/atenea/internal/agent/model/model.go:400.39,402.3 1 1
github.com/Tutitoos/atenea/internal/agent/model/model.go:403.2,403.16 1 1
github.com/Tutitoos/atenea/internal/agent/model/model.go:404.29,404.29 0 1
github.com/Tutitoos/atenea/internal/agent/model/model.go:405.10,407.54 1 1
github.com/Tutitoos/atenea/internal/agent/model/model.go:409.2,409.21 1 1
github.com/Tutitoos/atenea/internal/agent/model/model.go:409.21,416.3 1 1
github.com/Tutitoos/atenea/internal/agent/model/model.go:417.2,417.22 1 1
github.com/Tutitoos/atenea/internal/agent/model/model.go:417.22,425.3 1 1
github.com/Tutitoos/atenea/internal/agent/model/model.go:426.2,426.19 1 1
github.com/Tutitoos/atenea/internal/agent/model/model.go:426.19,429.3 1 0
github.com/Tutitoos/atenea/internal/agent/model/model.go:430.2,430.12 1 1
github.com/Tutitoos/atenea/internal/agent/model/model.go:446.40,448.2 1 1
github.com/Tutitoos/atenea/internal/agent/model/model.go:456.38,457.25 1 1
github.com/Tutitoos/atenea/internal/agent/model/model.go:457.25,459.3 1 1
github.com/Tutitoos/atenea/internal/agent/model/model.go:460.2,460.39 1 1
github.com/Tutitoos/atenea/internal/agent/model/model.go:538.45,539.15 1 1
github.com/Tutitoos/atenea/internal/agent/model/model.go:539.15,541.3 1 1
github.com/Tutitoos/atenea/internal/agent/model/model.go:542.2,543.16 2 0
github.com/Tutitoos/atenea/internal/agent/model/model.go:543.16,545.3 1 0
github.com/Tutitoos/atenea/internal/agent/model/model.go:546.2,546.17 1 0
github.com/Tutitoos/atenea/internal/agent/model/model.go:564.73,565.39 1 1
github.com/Tutitoos/atenea/internal/agent/model/model.go:565.39,567.3 1 1
github.com/Tutitoos/atenea/internal/agent/model/model.go:568.2,569.16 2 1
github.com/Tutitoos/atenea/internal/agent/model/model.go:569.16,571.3 1 0
github.com/Tutitoos/atenea/internal/agent/model/model.go:572.2,573.18 2 1
github.com/Tutitoos/atenea/internal/agent/model/model.go:573.18,575.3 1 1
github.com/Tutitoos/atenea/internal/agent/model/model.go:576.2,576.34 1 1
github.com/Tutitoos/atenea/internal/agent/model/model.go:576.34,578.3 1 1
github.com/Tutitoos/atenea/internal/agent/model/model.go:580.2,580.26 1 1
github.com/Tutitoos/atenea/internal/agent/model/model.go:580.26,582.3 1 1
github.com/Tutitoos/atenea/internal/agent/model/model.go:584.2,586.16 3 1
github.com/Tutitoos/atenea/internal/agent/model/model.go:586.16,588.3 1 1
github.com/Tutitoos/atenea/internal/agent/model/model.go:589.2,590.16 2 1
github.com/Tutitoos/atenea/internal/agent/model/model.go:590.16,592.3 1 1
github.com/Tutitoos/atenea/internal/agent/model/model.go:593.2,594.20 2 1
github.com/Tutitoos/atenea/internal/agent/model/model.go:715.89,716.34 1 1
github.com/Tutitoos/atenea/internal/agent/model/model.go:716.34,719.3 1 0
github.com/Tutitoos/atenea/internal/agent/model/model.go:720.2,727.40 2 1
github.com/Tutitoos/atenea/internal/agent/model/model.go:727.40,729.3 1 0
github.com/Tutitoos/atenea/internal/agent/model/model.go:730.2,731.16 2 1
github.com/Tutitoos/atenea/internal/agent/model/model.go:731.16,733.3 1 0
github.com/Tutitoos/atenea/internal/agent/model/model.go:734.2,735.16 2 1
github.com/Tutitoos/atenea/internal/agent/model/model.go:735.16,737.3 1 0
github.com/Tutitoos/atenea/internal/agent/model/model.go:739.2,740.16 2 1
github.com/Tutitoos/atenea/internal/agent/model/model.go:740.16,742.3 1 0
github.com/Tutitoos/atenea/internal/agent/model/model.go:743.2,743.56 1 1
github.com/Tutitoos/atenea/internal/agent/model/model.go:743.56,747.3 1 1
github.com/Tutitoos/atenea/internal/agent/model/model.go:748.2,748.29 1 1
github.com/Tutitoos/atenea/internal/agent/model/model.go:748.29,751.3 1 1
github.com/Tutitoos/atenea/internal/agent/model/model.go:752.2,763.8 2 1
github.com/Tutitoos/atenea/internal/agent/model/model.go:807.93,808.34 1 1
github.com/Tutitoos/atenea/internal/agent/model/model.go:808.34,811.3 1 0
github.com/Tutitoos/atenea/internal/agent/model/model.go:812.2,820.40 2 1
github.com/Tutitoos/atenea/internal/agent/model/model.go:820.40,822.3 1 0
github.com/Tutitoos/atenea/internal/agent/model/model.go:823.2,823.66 1 1
github.com/Tutitoos/atenea/internal/agent/model/model.go:823.66,831.3 1 1
github.com/Tutitoos/atenea/internal/agent/model/model.go:832.2,833.16 2 1
github.com/Tutitoos/atenea/internal/agent/model/model.go:833.16,835.3 1 0
github.com/Tutitoos/atenea/internal/agent/model/model.go:836.2,837.16 2 1
github.com/Tutitoos/atenea/internal/agent/model/model.go:837.16,839.3 1 0
github.com/Tutitoos/atenea/internal/agent/model/model.go:841.2,842.16 2 1
github.com/Tutitoos/atenea/internal/agent/model/model.go:842.16,844.3 1 0
github.com/Tutitoos/atenea/internal/agent/model/model.go:845.2,845.40 1 1
github.com/Tutitoos/atenea/internal/agent/model/model.go:845.40,849.3 1 0
github.com/Tutitoos/atenea/internal/agent/model/model.go:850.2,850.47 1 1
github.com/Tutitoos/atenea/internal/agent/model/model.go:850.47,859.3 1 1
github.com/Tutitoos/atenea/internal/agent/model/model.go:860.2,860.33 1 1
github.com/Tutitoos/atenea/internal/agent/model/model.go:860.33,864.3 1 0
github.com/Tutitoos/atenea/internal/agent/model/model.go:865.2,880.8 2 1
github.com/Tutitoos/atenea/internal/agent/model/model.go:891.122,895.16 4 1
github.com/Tutitoos/atenea/internal/agent/model/model.go:895.16,897.3 1 0
github.com/Tutitoos/atenea/internal/agent/model/model.go:898.2,899.16 2 1
github.com/Tutitoos/atenea/internal/agent/model/model.go:899.16,902.3 1 0
github.com/Tutitoos/atenea/internal/agent/model/model.go:903.2,905.36 3 1
github.com/Tutitoos/atenea/internal/agent/model/model.go:905.36,907.3 1 0
github.com/Tutitoos/atenea/internal/agent/model/model.go:909.2,913.6 5 1
github.com/Tutitoos/atenea/internal/agent/model/model.go:913.6,915.36 2 1
github.com/Tutitoos/atenea/internal/agent/model/model.go:915.36,916.19 1 1
github.com/Tutitoos/atenea/internal/agent/model/model.go:917.21,921.58 1 1
github.com/Tutitoos/atenea/internal/agent/model/model.go:921.58,923.6 1 1
github.com/Tutitoos/atenea/internal/agent/model/model.go:923.11,926.6 2 1
github.com/Tutitoos/atenea/internal/agent/model/model.go:927.18,928.26 1 1
github.com/Tutitoos/atenea/internal/agent/model/model.go:931.3,931.21 1 1
github.com/Tutitoos/atenea/internal/agent/model/model.go:931.21,932.9 1 1
github.com/Tutitoos/atenea/internal/agent/model/model.go:935.2,937.40 3 1
github.com/Tutitoos/atenea/internal/agent/model/model.go:937.40,939.3 1 0
github.com/Tutitoos/atenea/internal/agent/model/model.go:940.2,940.21 1 1
github.com/Tutitoos/atenea/internal/agent/model/model.go:940.21,942.3 1 0
github.com/Tutitoos/atenea/internal/agent/model/model.go:943.2,943.24 1 1
github.com/Tutitoos/atenea/internal/agent/model/model.go:943.24,948.3 1 0
github.com/Tutitoos/atenea/internal/agent/model/model.go:949.2,949.31 1 1
github.com/Tutitoos/atenea/internal/agent/model/model.go:966.41,968.22 2 1
github.com/Tutitoos/atenea/internal/agent/model/model.go:968.22,970.3 1 1
github.com/Tutitoos/atenea/internal/agent/model/model.go:971.2,971.18 1 1
github.com/Tutitoos/atenea/internal/agent/model/model.go:977.54,979.26 2 1
github.com/Tutitoos/atenea/internal/agent/model/model.go:979.26,996.3 1 1
github.com/Tutitoos/atenea/internal/agent/model/model.go:996.8,996.23 1 1
github.com/Tutitoos/atenea/internal/agent/model/model.go:996.23,1006.3 1 1
github.com/Tutitoos/atenea/internal/agent/model/model.go:1006.8,1010.3 1 1
github.com/Tutitoos/atenea/internal/agent/model/model.go:1011.2,1059.23 2 1
github.com/Tutitoos/atenea/internal/agent/model/model.go:1059.23,1061.3 1 1
github.com/Tutitoos/atenea/internal/agent/model/model.go:1062.2,1062.25 1 1
github.com/Tutitoos/atenea/internal/agent/model/model.go:1062.25,1064.17 2 1
github.com/Tutitoos/atenea/internal/agent/model/model.go:1064.17,1067.4 1 0
github.com/Tutitoos/atenea/internal/agent/model/model.go:1068.3,1068.55 1 1
github.com/Tutitoos/atenea/internal/agent/model/model.go:1070.2,1071.16 2 1
github.com/Tutitoos/atenea/internal/agent/model/model.go:1071.16,1073.3 1 1
github.com/Tutitoos/atenea/internal/agent/model/model.go:1074.2,1081.52 2 1
github.com/Tutitoos/atenea/internal/agent/model/model.go:1081.52,1084.3 2 1
github.com/Tutitoos/atenea/internal/agent/model/model.go:1085.2,1085.56 1 1
github.com/Tutitoos/atenea/internal/agent/model/model.go:1085.56,1094.3 1 1
github.com/Tutitoos/atenea/internal/agent/model/model.go:1095.2,1095.18 1 1
github.com/Tutitoos/atenea/internal/agent/model/model.go:1108.41,1110.40 2 1
github.com/Tutitoos/atenea/internal/agent/model/model.go:1110.40,1112.3 1 1
github.com/Tutitoos/atenea/internal/agent/model/model.go:1113.2,1113.37 1 1
github.com/Tutitoos/atenea/internal/agent/model/model.go:1123.91,1125.16 2 1
github.com/Tutitoos/atenea/internal/agent/model/model.go:1125.16,1128.3 1 0
github.com/Tutitoos/atenea/internal/agent/model/model.go:1129.2,1130.16 2 1
github.com/Tutitoos/atenea/internal/agent/model/model.go:1130.16,1132.3 1 0
github.com/Tutitoos/atenea/internal/agent/model/model.go:1133.2,1140.17 5 1
github.com/Tutitoos/atenea/internal/agent/model/model.go:1145.112,1149.16 4 1
github.com/Tutitoos/atenea/internal/agent/model/model.go:1149.16,1151.3 1 0
github.com/Tutitoos/atenea/internal/agent/model/model.go:1152.2,1156.30 4 1
github.com/Tutitoos/atenea/internal/agent/model/model.go:1156.30,1158.3 1 0
github.com/Tutitoos/atenea/internal/agent/model/model.go:1159.2,1159.40 1 1
github.com/Tutitoos/atenea/internal/agent/model/model.go:1159.40,1161.3 1 0
github.com/Tutitoos/atenea/internal/agent/model/model.go:1163.2,1164.21 2 1
github.com/Tutitoos/atenea/internal/agent/model/model.go:1164.21,1168.20 1 0
github.com/Tutitoos/atenea/internal/agent/model/model.go:1168.20,1170.4 1 0
github.com/Tutitoos/atenea/internal/agent/model/model.go:1171.3,1171.30 1 0
github.com/Tutitoos/atenea/internal/agent/model/model.go:1173.2,1173.17 1 1
github.com/Tutitoos/atenea/internal/agent/model/model.go:1173.17,1178.3 1 1
github.com/Tutitoos/atenea/internal/agent/model/model.go:1179.2,1179.17 1 1
github.com/Tutitoos/atenea/internal/agent/model/model.go:1232.112,1236.16 4 1
github.com/Tutitoos/atenea/internal/agent/model/model.go:1236.16,1238.3 1 0
github.com/Tutitoos/atenea/internal/agent/model/model.go:1239.2,1240.16 2 1
github.com/Tutitoos/atenea/internal/agent/model/model.go:1240.16,1243.3 1 0
github.com/Tutitoos/atenea/internal/agent/model/model.go:1244.2,1245.16 2 1
github.com/Tutitoos/atenea/internal/agent/model/model.go:1245.16,1248.3 1 0
github.com/Tutitoos/atenea/internal/agent/model/model.go:1252.2,1254.36 3 1
github.com/Tutitoos/atenea/internal/agent/model/model.go:1254.36,1256.3 1 0
github.com/Tutitoos/atenea/internal/agent/model/model.go:1266.2,1271.12 5 1
github.com/Tutitoos/atenea/internal/agent/model/model.go:1271.12,1273.36 2 1
github.com/Tutitoos/atenea/internal/agent/model/model.go:1273.36,1279.19 1 1
github.com/Tutitoos/atenea/internal/agent/model/model.go:1280.21,1281.78 1 1
github.com/Tutitoos/atenea/internal/agent/model/model.go:1282.18,1283.57 1 1
github.com/Tutitoos/atenea/internal/agent/model/model.go:1286.3,1286.21 1 1
github.com/Tutitoos/atenea/internal/agent/model/model.go:1286.21,1291.4 1 1
github.com/Tutitoos/atenea/internal/agent/model/model.go:1298.2,1306.12 3 1
github.com/Tutitoos/atenea/internal/agent/model/model.go:1306.12,1309.3 2 1
github.com/Tutitoos/atenea/internal/agent/model/model.go:1310.2,1310.24 1 1
github.com/Tutitoos/atenea/internal/agent/model/model.go:1310.24,1311.10 1 1
github.com/Tutitoos/atenea/internal/agent/model/model.go:1312.18,1313.15 1 1
github.com/Tutitoos/atenea/internal/agent/model/model.go:1314.38,1315.16 1 0
github.com/Tutitoos/atenea/internal/agent/model/model.go:1318.2,1318.15 1 1
github.com/Tutitoos/atenea/internal/agent/model/model.go:1318.15,1324.3 2 0
github.com/Tutitoos/atenea/internal/agent/model/model.go:1325.2,1329.24 4 1
github.com/Tutitoos/atenea/internal/agent/model/model.go:1329.24,1330.41 1 1
github.com/Tutitoos/atenea/internal/agent/model/model.go:1330.41,1335.4 1 0
github.com/Tutitoos/atenea/internal/agent/model/model.go:1336.3,1336.70 1 1
github.com/Tutitoos/atenea/internal/agent/model/model.go:1344.2,1345.16 2 1
github.com/Tutitoos/atenea/internal/agent/model/model.go:1345.16,1351.3 1 0
github.com/Tutitoos/atenea/internal/agent/model/model.go:1352.2,1354.20 3 1
github.com/Tutitoos/atenea/internal/agent/model/model.go:1409.40,1411.2 1 1
github.com/Tutitoos/atenea/internal/agent/model/model.go:1423.41,1425.2 1 1
github.com/Tutitoos/atenea/internal/agent/model/model.go:1461.52,1463.22 2 1
github.com/Tutitoos/atenea/internal/agent/model/model.go:1463.22,1465.3 1 1
github.com/Tutitoos/atenea/internal/agent/model/model.go:1466.2,1467.50 2 1
github.com/Tutitoos/atenea/internal/agent/model/model.go:1467.50,1469.3 1 1
github.com/Tutitoos/atenea/internal/agent/model/model.go:1473.2,1475.12 3 1
github.com/Tutitoos/atenea/internal/agent/model/model.go:1493.97,1494.27 1 1
github.com/Tutitoos/atenea/internal/agent/model/model.go:1494.27,1497.3 2 1
github.com/Tutitoos/atenea/internal/agent/model/model.go:1498.2,1499.50 2 1
github.com/Tutitoos/atenea/internal/agent/model/model.go:1499.50,1501.3 1 1
github.com/Tutitoos/atenea/internal/agent/model/model.go:1502.2,1502.52 1 1
github.com/Tutitoos/atenea/internal/agent/model/model.go:1502.52,1504.3 1 0
github.com/Tutitoos/atenea/internal/agent/model/model.go:1505.2,1506.14 2 1
github.com/Tutitoos/atenea/internal/agent/model/model.go:1516.85,1520.13 4 1
github.com/Tutitoos/atenea/internal/agent/model/model.go:1520.13,1522.3 1 1
github.com/Tutitoos/atenea/internal/agent/model/model.go:1523.2,1523.9 1 1
github.com/Tutitoos/atenea/internal/agent/model/model.go:1524.34,1527.14 1 1
github.com/Tutitoos/atenea/internal/agent/model/model.go:1528.22,1532.14 1 1
github.com/Tutitoos/atenea/internal/agent/model/model.go:1533.63,1540.53 1 1
github.com/Tutitoos/atenea/internal/agent/model/model.go:1540.53,1542.4 1 0
github.com/Tutitoos/atenea/internal/agent/model/model.go:1543.3,1544.15 2 1
github.com/Tutitoos/atenea/internal/agent/model/model.go:1545.10,1546.44 1 1
github.com/Tutitoos/atenea/internal/agent/model/model.go:1557.84,1558.22 1 1
github.com/Tutitoos/atenea/internal/agent/model/model.go:1558.22,1562.20 1 1
github.com/Tutitoos/atenea/internal/agent/model/model.go:1562.20,1564.4 1 1
github.com/Tutitoos/atenea/internal/agent/model/model.go:1565.3,1566.77 1 0
github.com/Tutitoos/atenea/internal/agent/model/model.go:1568.2,1568.26 1 1
github.com/Tutitoos/atenea/internal/agent/model/model.go:1568.26,1570.3 1 1
github.com/Tutitoos/atenea/internal/agent/model/model.go:1574.2,1574.60 1 0
github.com/Tutitoos/atenea/internal/agent/model/model.go:1574.60,1576.3 1 0
github.com/Tutitoos/atenea/internal/agent/model/model.go:1580.2,1582.49 1 0
github.com/Tutitoos/atenea/internal/agent/model/model.go:1594.42,1602.16 2 1
github.com/Tutitoos/atenea/internal/agent/model/model.go:1602.16,1604.3 1 0
github.com/Tutitoos/atenea/internal/agent/model/model.go:1605.2,1606.12 2 1
github.com/Tutitoos/atenea/internal/agent/model/model.go:1640.43,1642.38 2 1
github.com/Tutitoos/atenea/internal/agent/model/model.go:1642.38,1644.3 1 1
github.com/Tutitoos/atenea/internal/agent/model/model.go:1645.2,1646.51 2 1
github.com/Tutitoos/atenea/internal/agent/model/model.go:1646.51,1648.3 1 0
github.com/Tutitoos/atenea/internal/agent/model/model.go:1649.2,1649.18 1 1
github.com/Tutitoos/atenea/internal/agent/model/model.go:1674.42,1676.40 2 1
github.com/Tutitoos/atenea/internal/agent/model/model.go:1676.40,1678.3 1 1
github.com/Tutitoos/atenea/internal/agent/model/model.go:1679.2,1680.52 2 1
github.com/Tutitoos/atenea/internal/agent/model/model.go:1680.52,1682.3 1 0
github.com/Tutitoos/atenea/internal/agent/model/model.go:1683.2,1683.18 1 1
github.com/Tutitoos/atenea/internal/agent/model/model.go:1692.32,1694.2 1 1
github.com/Tutitoos/atenea/internal/agent/model/model.go:1714.46,1716.51 2 1
github.com/Tutitoos/atenea/internal/agent/model/model.go:1716.51,1718.3 1 1
github.com/Tutitoos/atenea/internal/agent/model/model.go:1719.2,1720.36 2 1
github.com/Tutitoos/atenea/internal/agent/model/model.go:1720.36,1722.3 1 1
github.com/Tutitoos/atenea/internal/agent/model/model.go:1723.2,1723.28 1 1
github.com/Tutitoos/atenea/internal/agent/model/model.go:1734.25,1736.2 1 1
github.com/Tutitoos/atenea/internal/agent/model/model.go:1743.39,1750.2 1 1
github.com/Tutitoos/atenea/internal/agent/model/model.go:1773.47,1775.15 2 1
github.com/Tutitoos/atenea/internal/agent/model/model.go:1775.15,1777.3 1 1
github.com/Tutitoos/atenea/internal/agent/model/model.go:1778.2,1778.48 1 1
github.com/Tutitoos/atenea/internal/agent/model/model.go:1778.48,1780.3 1 0
github.com/Tutitoos/atenea/internal/agent/model/model.go:1781.2,1790.71 5 1
github.com/Tutitoos/atenea/internal/agent/model/model.go:1843.35,1844.106 1 1
github.com/Tutitoos/atenea/internal/agent/model/model.go:1844.106,1845.55 1 1
github.com/Tutitoos/atenea/internal/agent/model/model.go:1845.55,1847.4 1 1
github.com/Tutitoos/atenea/internal/agent/model/model.go:1849.2,1849.11 1 0
github.com/Tutitoos/atenea/internal/agent/model/model.go:1860.45,1862.19 2 1
github.com/Tutitoos/atenea/internal/agent/model/model.go:1862.19,1864.3 1 0
github.com/Tutitoos/atenea/internal/agent/model/model.go:1865.2,1866.62 2 1
github.com/Tutitoos/atenea/internal/agent/model/model.go:1866.62,1869.3 1 0
github.com/Tutitoos/atenea/internal/agent/model/model.go:1870.2,1870.17 1 1
github.com/Tutitoos/atenea/internal/agent/model/model.go:1885.65,1888.33 3 1
github.com/Tutitoos/atenea/internal/agent/model/model.go:1888.33,1891.3 2 0
github.com/Tutitoos/atenea/internal/agent/model/model.go:1892.2,1892.9 1 1
github.com/Tutitoos/atenea/internal/agent/model/model.go:1896.44,1898.65 1 1
github.com/Tutitoos/atenea/internal/agent/model/model.go:1899.41,1901.87 1 1
github.com/Tutitoos/atenea/internal/agent/model/model.go:1902.80,1904.49 1 0
github.com/Tutitoos/atenea/internal/agent/model/model.go:1905.82,1907.60 1 0
github.com/Tutitoos/atenea/internal/agent/model/model.go:1908.80,1910.42 1 0
github.com/Tutitoos/atenea/internal/agent/model/model.go:1911.85,1913.70 1 0
github.com/Tutitoos/atenea/internal/agent/model/model.go:1914.10,1916.47 1 0
github.com/Tutitoos/atenea/internal/agent/model/model.go:1937.47,1944.29 2 1
github.com/Tutitoos/atenea/internal/agent/model/model.go:1944.29,1948.3 3 1
github.com/Tutitoos/atenea/internal/agent/model/model.go:1949.2,1949.15 1 1
github.com/Tutitoos/atenea/internal/agent/model/model.go:1961.97,1962.36 1 1
github.com/Tutitoos/atenea/internal/agent/model/model.go:1962.36,1966.3 1 1
github.com/Tutitoos/atenea/internal/agent/model/model.go:1967.2,1967.26 1 1
github.com/Tutitoos/atenea/internal/agent/model/model.go:1967.26,1969.3 1 1
github.com/Tutitoos/atenea/internal/agent/model/model.go:1970.2,1971.21 2 1
github.com/Tutitoos/atenea/internal/agent/model/model.go:1971.21,1974.3 1 1
github.com/Tutitoos/atenea/internal/agent/model/model.go:1975.2,1975.21 1 1
github.com/Tutitoos/atenea/internal/agent/model/model.go:1975.21,1978.3 1 1
github.com/Tutitoos/atenea/internal/agent/model/model.go:1979.2,1979.46 1 1
github.com/Tutitoos/atenea/internal/agent/model/model.go:1991.52,1993.30 2 1
github.com/Tutitoos/atenea/internal/agent/model/model.go:1993.30,1997.92 2 1
github.com/Tutitoos/atenea/internal/agent/model/model.go:1997.92,1999.12 2 1
github.com/Tutitoos/atenea/internal/agent/model/model.go:2001.3,2001.38 1 1
github.com/Tutitoos/atenea/internal/agent/model/model.go:2003.2,2003.34 1 1
github.com/Tutitoos/atenea/internal/agent/model/opencode_client.go:12.116,13.23 1 1
github.com/Tutitoos/atenea/internal/agent/model/opencode_client.go:13.23,15.3 1 0
github.com/Tutitoos/atenea/internal/agent/model/opencode_client.go:16.2,19.16 4 1
github.com/Tutitoos/atenea/internal/agent/model/opencode_client.go:19.16,21.3 1 0
github.com/Tutitoos/atenea/internal/agent/model/opencode_client.go:22.2,23.26 2 1
github.com/Tutitoos/atenea/internal/agent/model/opencode_client.go:23.26,25.3 1 0
github.com/Tutitoos/atenea/internal/agent/model/opencode_client.go:26.2,42.16 3 1
github.com/Tutitoos/atenea/internal/agent/model/opencode_client.go:42.16,44.3 1 1
github.com/Tutitoos/atenea/internal/agent/model/opencode_client.go:45.2,45.32 1 1
github.com/Tutitoos/atenea/internal/agent/model/opencode_client.go:45.32,50.67 2 1
github.com/Tutitoos/atenea/internal/agent/model/opencode_client.go:50.67,53.4 2 1
github.com/Tutitoos/atenea/internal/agent/model/opencode_client.go:55.2,55.20 1 1
github.com/Tutitoos/atenea/internal/workflow/engine.go:184.41,185.24 1 1
github.com/Tutitoos/atenea/internal/workflow/engine.go:185.24,188.3 1 0
github.com/Tutitoos/atenea/internal/workflow/engine.go:189.2,189.23 1 1
github.com/Tutitoos/atenea/internal/workflow/engine.go:189.23,192.3 1 0
github.com/Tutitoos/atenea/internal/workflow/engine.go:193.2,209.18 2 1
github.com/Tutitoos/atenea/internal/workflow/engine.go:209.18,211.3 1 1
github.com/Tutitoos/atenea/internal/workflow/engine.go:212.2,212.18 1 1
github.com/Tutitoos/atenea/internal/workflow/engine.go:212.18,214.3 1 1
github.com/Tutitoos/atenea/internal/workflow/engine.go:215.2,215.16 1 1
github.com/Tutitoos/atenea/internal/workflow/engine.go:215.16,217.3 1 1
github.com/Tutitoos/atenea/internal/workflow/engine.go:218.2,218.20 1 1
github.com/Tutitoos/atenea/internal/workflow/engine.go:218.20,220.3 1 1
github.com/Tutitoos/atenea/internal/workflow/engine.go:221.2,221.17 1 1
github.com/Tutitoos/atenea/internal/workflow/engine.go:221.17,223.3 1 1
github.com/Tutitoos/atenea/internal/workflow/engine.go:224.2,224.21 1 1
github.com/Tutitoos/atenea/internal/workflow/engine.go:224.21,226.3 1 1
github.com/Tutitoos/atenea/internal/workflow/engine.go:227.2,227.15 1 1
github.com/Tutitoos/atenea/internal/workflow/engine.go:241.78,243.16 2 1
github.com/Tutitoos/atenea/internal/workflow/engine.go:243.16,245.3 1 0
github.com/Tutitoos/atenea/internal/workflow/engine.go:246.2,246.54 1 1
github.com/Tutitoos/atenea/internal/workflow/engine.go:246.54,248.3 1 1
github.com/Tutitoos/atenea/internal/workflow/engine.go:249.2,251.69 3 1
github.com/Tutitoos/atenea/internal/workflow/engine.go:251.69,253.3 1 0
github.com/Tutitoos/atenea/internal/workflow/engine.go:254.2,256.16 2 1
github.com/Tutitoos/atenea/internal/workflow/engine.go:256.16,258.3 1 0
github.com/Tutitoos/atenea/internal/workflow/engine.go:259.2,260.16 2 1
github.com/Tutitoos/atenea/internal/workflow/engine.go:260.16,262.3 1 0
github.com/Tutitoos/atenea/internal/workflow/engine.go:263.2,263.23 1 1
github.com/Tutitoos/atenea/internal/workflow/engine.go:410.80,411.42 1 1
github.com/Tutitoos/atenea/internal/workflow/engine.go:411.42,413.3 1 1
github.com/Tutitoos/atenea/internal/workflow/engine.go:417.2,428.61 5 1
github.com/Tutitoos/atenea/internal/workflow/engine.go:428.61,430.3 1 1
github.com/Tutitoos/atenea/internal/workflow/engine.go:431.2,432.34 2 1
github.com/Tutitoos/atenea/internal/workflow/engine.go:432.34,438.18 3 1
github.com/Tutitoos/atenea/internal/workflow/engine.go:438.18,439.12 1 1
github.com/Tutitoos/atenea/internal/workflow/engine.go:441.3,443.12 3 1
github.com/Tutitoos/atenea/internal/workflow/engine.go:443.12,445.18 2 1
github.com/Tutitoos/atenea/internal/workflow/engine.go:445.18,450.5 1 1
github.com/Tutitoos/atenea/internal/workflow/engine.go:451.4,452.18 2 1
github.com/Tutitoos/atenea/internal/workflow/engine.go:454.3,468.10 5 1
github.com/Tutitoos/atenea/internal/workflow/engine.go:469.17,470.71 1 1
github.com/Tutitoos/atenea/internal/workflow/engine.go:471.33,472.60 1 1
github.com/Tutitoos/atenea/internal/workflow/engine.go:474.3,474.17 1 1
github.com/Tutitoos/atenea/internal/workflow/engine.go:474.17,475.59 1 1
github.com/Tutitoos/atenea/internal/workflow/engine.go:475.59,488.5 1 1
github.com/Tutitoos/atenea/internal/workflow/engine.go:489.4,489.12 1 1
github.com/Tutitoos/atenea/internal/workflow/engine.go:491.3,491.37 1 1
github.com/Tutitoos/atenea/internal/workflow/engine.go:491.37,503.12 2 1
github.com/Tutitoos/atenea/internal/workflow/engine.go:519.3,526.28 3 1
github.com/Tutitoos/atenea/internal/workflow/engine.go:526.28,528.4 1 1
github.com/Tutitoos/atenea/internal/workflow/engine.go:533.3,536.44 4 1
github.com/Tutitoos/atenea/internal/workflow/engine.go:536.44,537.12 1 1
github.com/Tutitoos/atenea/internal/workflow/engine.go:539.3,540.89 2 1
github.com/Tutitoos/atenea/internal/workflow/engine.go:540.89,542.4 1 1
github.com/Tutitoos/atenea/internal/workflow/engine.go:543.3,543.29 1 1
github.com/Tutitoos/atenea/internal/workflow/engine.go:543.29,545.4 1 1
github.com/Tutitoos/atenea/internal/workflow/engine.go:546.3,563.5 1 1
github.com/Tutitoos/atenea/internal/workflow/engine.go:565.2,565.21 1 1
github.com/Tutitoos/atenea/internal/workflow/engine.go:565.21,567.3 1 1
github.com/Tutitoos/atenea/internal/workflow/engine.go:568.2,569.49 1 1
github.com/Tutitoos/atenea/internal/workflow/engine.go:586.84,587.14 1 1
github.com/Tutitoos/atenea/internal/workflow/engine.go:587.14,589.3 1 1
github.com/Tutitoos/atenea/internal/workflow/engine.go:590.2,591.38 2 1
github.com/Tutitoos/atenea/internal/workflow/engine.go:591.38,593.3 1 0
github.com/Tutitoos/atenea/internal/workflow/engine.go:594.2,595.27 2 1
github.com/Tutitoos/atenea/internal/workflow/engine.go:595.27,597.3 1 0
github.com/Tutitoos/atenea/internal/workflow/engine.go:598.2,598.30 1 1
github.com/Tutitoos/atenea/internal/workflow/engine.go:610.72,615.17 2 1
github.com/Tutitoos/atenea/internal/workflow/engine.go:615.17,617.3 1 1
github.com/Tutitoos/atenea/internal/workflow/engine.go:618.2,619.21 2 1
github.com/Tutitoos/atenea/internal/workflow/engine.go:619.21,621.3 1 1
github.com/Tutitoos/atenea/internal/workflow/engine.go:623.2,631.26 5 1
github.com/Tutitoos/atenea/internal/workflow/engine.go:631.26,635.30 4 1
github.com/Tutitoos/atenea/internal/workflow/engine.go:635.30,637.4 1 1
github.com/Tutitoos/atenea/internal/workflow/engine.go:638.3,638.34 1 1
github.com/Tutitoos/atenea/internal/workflow/engine.go:640.2,640.26 1 1
github.com/Tutitoos/atenea/internal/workflow/engine.go:640.26,643.3 1 1
github.com/Tutitoos/atenea/internal/workflow/engine.go:649.2,651.26 3 1
github.com/Tutitoos/atenea/internal/workflow/engine.go:651.26,653.33 2 1
github.com/Tutitoos/atenea/internal/workflow/engine.go:653.33,654.12 1 1
github.com/Tutitoos/atenea/internal/workflow/engine.go:656.3,661.34 2 1
github.com/Tutitoos/atenea/internal/workflow/engine.go:661.34,665.12 2 1
github.com/Tutitoos/atenea/internal/workflow/engine.go:667.3,669.31 2 1
github.com/Tutitoos/atenea/internal/workflow/engine.go:669.31,671.4 1 1
github.com/Tutitoos/atenea/internal/workflow/engine.go:672.3,672.10 1 1
github.com/Tutitoos/atenea/internal/workflow/engine.go:673.38,676.31 1 1
github.com/Tutitoos/atenea/internal/workflow/engine.go:677.55,687.34 2 1
github.com/Tutitoos/atenea/internal/workflow/engine.go:688.11,692.39 2 1
github.com/Tutitoos/atenea/internal/workflow/engine.go:694.3,694.35 1 1
github.com/Tutitoos/atenea/internal/workflow/engine.go:694.35,704.4 2 1
github.com/Tutitoos/atenea/internal/workflow/engine.go:707.2,709.22 2 1
github.com/Tutitoos/atenea/internal/workflow/engine.go:709.22,711.3 1 1
github.com/Tutitoos/atenea/internal/workflow/engine.go:712.2,713.19 2 1
github.com/Tutitoos/atenea/internal/workflow/engine.go:719.35,720.17 1 1
github.com/Tutitoos/atenea/internal/workflow/engine.go:721.20,722.90 1 1
github.com/Tutitoos/atenea/internal/workflow/engine.go:723.19,726.41 1 1
github.com/Tutitoos/atenea/internal/workflow/engine.go:727.20,732.52 1 1
github.com/Tutitoos/atenea/internal/workflow/engine.go:733.18,735.28 2 1
github.com/Tutitoos/atenea/internal/workflow/engine.go:735.28,737.4 1 1
github.com/Tutitoos/atenea/internal/workflow/engine.go:738.3,740.47 1 1
github.com/Tutitoos/atenea/internal/workflow/engine.go:741.20,744.50 1 1
github.com/Tutitoos/atenea/internal/workflow/engine.go:745.10,747.41 1 1
github.com/Tutitoos/atenea/internal/workflow/engine.go:760.35,762.2 1 1
github.com/Tutitoos/atenea/internal/workflow/engine.go:767.28,770.36 3 1
github.com/Tutitoos/atenea/internal/workflow/engine.go:770.36,772.3 1 0
github.com/Tutitoos/atenea/internal/workflow/engine.go:773.2,773.22 1 1
github.com/Tutitoos/atenea/internal/workflow/engine.go:773.22,775.3 1 0
github.com/Tutitoos/atenea/internal/workflow/engine.go:776.2,780.15 5 1
github.com/Tutitoos/atenea/internal/workflow/engine.go:780.15,782.3 1 1
github.com/Tutitoos/atenea/internal/workflow/engine.go:783.2,784.41 2 1
github.com/Tutitoos/atenea/internal/workflow/engine.go:784.41,787.3 2 1
github.com/Tutitoos/atenea/internal/workflow/engine.go:788.2,788.19 1 1
github.com/Tutitoos/atenea/internal/workflow/engine.go:796.70,804.16 2 1
github.com/Tutitoos/atenea/internal/workflow/engine.go:804.16,806.3 1 0
github.com/Tutitoos/atenea/internal/workflow/engine.go:807.2,807.51 1 1
github.com/Tutitoos/atenea/internal/workflow/engine.go:807.51,809.3 1 1
github.com/Tutitoos/atenea/internal/workflow/engine.go:810.2,811.16 2 1
github.com/Tutitoos/atenea/internal/workflow/engine.go:811.16,813.3 1 0
github.com/Tutitoos/atenea/internal/workflow/engine.go:814.2,814.9 1 1
github.com/Tutitoos/atenea/internal/workflow/engine.go:814.9,820.60 2 1
github.com/Tutitoos/atenea/internal/workflow/engine.go:820.60,824.4 1 1
github.com/Tutitoos/atenea/internal/workflow/engine.go:825.3,826.67 1 0
github.com/Tutitoos/atenea/internal/workflow/engine.go:828.2,828.29 1 1
github.com/Tutitoos/atenea/internal/workflow/engine.go:828.29,832.3 1 0
github.com/Tutitoos/atenea/internal/workflow/engine.go:833.2,834.45 1 1
github.com/Tutitoos/atenea/internal/workflow/engine.go:834.45,836.3 1 0
github.com/Tutitoos/atenea/internal/workflow/engine.go:837.2,837.23 1 1
github.com/Tutitoos/atenea/internal/workflow/engine.go:842.67,844.16 2 1
github.com/Tutitoos/atenea/internal/workflow/engine.go:844.16,846.3 1 0
github.com/Tutitoos/atenea/internal/workflow/engine.go:847.2,848.16 2 1
github.com/Tutitoos/atenea/internal/workflow/engine.go:848.16,850.3 1 0
github.com/Tutitoos/atenea/internal/workflow/engine.go:851.2,851.52 1 1
github.com/Tutitoos/atenea/internal/workflow/engine.go:851.52,853.3 1 0
github.com/Tutitoos/atenea/internal/workflow/engine.go:854.2,854.33 1 1
github.com/Tutitoos/atenea/internal/workflow/engine.go:864.71,866.16 2 1
github.com/Tutitoos/atenea/internal/workflow/engine.go:866.16,868.3 1 0
github.com/Tutitoos/atenea/internal/workflow/engine.go:869.2,869.34 1 1
github.com/Tutitoos/atenea/internal/workflow/engine.go:875.72,877.16 2 1
github.com/Tutitoos/atenea/internal/workflow/engine.go:877.16,879.3 1 0
github.com/Tutitoos/atenea/internal/workflow/engine.go:880.2,880.16 1 1
github.com/Tutitoos/atenea/internal/workflow/engine.go:880.16,883.3 1 1
github.com/Tutitoos/atenea/internal/workflow/engine.go:889.2,889.76 1 1
github.com/Tutitoos/atenea/internal/workflow/engine.go:889.76,892.3 1 1
github.com/Tutitoos/atenea/internal/workflow/engine.go:893.2,893.46 1 1
github.com/Tutitoos/atenea/internal/workflow/engine.go:893.46,895.3 1 1
github.com/Tutitoos/atenea/internal/workflow/engine.go:896.2,896.17 1 1
github.com/Tutitoos/atenea/internal/workflow/engine.go:931.48,932.54 1 1
github.com/Tutitoos/atenea/internal/workflow/engine.go:932.54,934.3 1 1
github.com/Tutitoos/atenea/internal/workflow/engine.go:935.2,936.18 2 1
github.com/Tutitoos/atenea/internal/workflow/engine.go:936.18,941.3 1 1
github.com/Tutitoos/atenea/internal/workflow/engine.go:942.2,942.22 1 1
github.com/Tutitoos/atenea/internal/workflow/engine.go:942.22,944.3 1 1
github.com/Tutitoos/atenea/internal/workflow/engine.go:945.2,949.49 1 1
github.com/Tutitoos/atenea/internal/workflow/engine.go:959.85,961.16 2 1
github.com/Tutitoos/atenea/internal/workflow/engine.go:961.16,963.3 1 1
github.com/Tutitoos/atenea/internal/workflow/engine.go:965.2,966.16 2 1
github.com/Tutitoos/atenea/internal/workflow/engine.go:966.16,968.3 1 0
github.com/Tutitoos/atenea/internal/workflow/engine.go:972.2,973.33 2 1
github.com/Tutitoos/atenea/internal/workflow/engine.go:973.33,974.35 1 1
github.com/Tutitoos/atenea/internal/workflow/engine.go:974.35,975.12 1 1
github.com/Tutitoos/atenea/internal/workflow/engine.go:977.3,978.30 2 1
github.com/Tutitoos/atenea/internal/workflow/engine.go:978.30,980.4 1 0
github.com/Tutitoos/atenea/internal/workflow/engine.go:981.3,981.75 1 1
github.com/Tutitoos/atenea/internal/workflow/engine.go:981.75,983.4 1 0
github.com/Tutitoos/atenea/internal/workflow/engine.go:985.2,985.50 1 1
github.com/Tutitoos/atenea/internal/workflow/engine.go:985.50,987.3 1 0
github.com/Tutitoos/atenea/internal/workflow/engine.go:989.2,990.28 2 1
github.com/Tutitoos/atenea/internal/workflow/engine.go:990.28,992.3 1 1
github.com/Tutitoos/atenea/internal/workflow/engine.go:993.2,993.42 1 1
github.com/Tutitoos/atenea/internal/workflow/engine.go:993.42,995.10 2 1
github.com/Tutitoos/atenea/internal/workflow/engine.go:995.10,998.4 1 0
github.com/Tutitoos/atenea/internal/workflow/engine.go:999.3,999.39 1 1
github.com/Tutitoos/atenea/internal/workflow/engine.go:999.39,1003.4 1 1
github.com/Tutitoos/atenea/internal/workflow/engine.go:1011.2,1011.33 1 1
github.com/Tutitoos/atenea/internal/workflow/engine.go:1011.33,1012.39 1 1
github.com/Tutitoos/atenea/internal/workflow/engine.go:1012.39,1013.12 1 1
github.com/Tutitoos/atenea/internal/workflow/engine.go:1015.3,1015.77 1 1
github.com/Tutitoos/atenea/internal/workflow/engine.go:1015.77,1016.12 1 1
github.com/Tutitoos/atenea/internal/workflow/engine.go:1018.3,1018.71 1 1
github.com/Tutitoos/atenea/internal/workflow/engine.go:1018.71,1020.4 1 0
github.com/Tutitoos/atenea/internal/workflow/engine.go:1022.2,1022.52 1 1
github.com/Tutitoos/atenea/internal/workflow/engine.go:1022.52,1024.3 1 0
github.com/Tutitoos/atenea/internal/workflow/engine.go:1025.2,1025.33 1 1
github.com/Tutitoos/atenea/internal/workflow/engine.go:1068.99,1069.22 1 1
github.com/Tutitoos/atenea/internal/workflow/engine.go:1069.22,1072.3 1 0
github.com/Tutitoos/atenea/internal/workflow/engine.go:1073.2,1074.16 2 1
github.com/Tutitoos/atenea/internal/workflow/engine.go:1074.16,1076.3 1 0
github.com/Tutitoos/atenea/internal/workflow/engine.go:1080.2,1080.76 1 1
github.com/Tutitoos/atenea/internal/workflow/engine.go:1080.76,1083.3 1 0
github.com/Tutitoos/atenea/internal/workflow/engine.go:1084.2,1084.46 1 1
github.com/Tutitoos/atenea/internal/workflow/engine.go:1084.46,1086.3 1 0
github.com/Tutitoos/atenea/internal/workflow/engine.go:1090.2,1092.31 3 1
github.com/Tutitoos/atenea/internal/workflow/engine.go:1092.31,1093.25 1 1
github.com/Tutitoos/atenea/internal/workflow/engine.go:1093.25,1096.4 1 1
github.com/Tutitoos/atenea/internal/workflow/engine.go:1097.3,1099.10 3 1
github.com/Tutitoos/atenea/internal/workflow/engine.go:1099.10,1102.4 1 0
github.com/Tutitoos/atenea/internal/workflow/engine.go:1103.3,1103.29 1 1
github.com/Tutitoos/atenea/internal/workflow/engine.go:1103.29,1108.4 1 1
github.com/Tutitoos/atenea/internal/workflow/engine.go:1109.3,1110.36 2 1
github.com/Tutitoos/atenea/internal/workflow/engine.go:1110.36,1115.4 1 1
github.com/Tutitoos/atenea/internal/workflow/engine.go:1116.3,1118.30 3 1
github.com/Tutitoos/atenea/internal/workflow/engine.go:1121.2,1121.15 1 1
github.com/Tutitoos/atenea/internal/workflow/engine.go:1121.15,1122.57 1 1
github.com/Tutitoos/atenea/internal/workflow/engine.go:1122.57,1124.4 1 0
github.com/Tutitoos/atenea/internal/workflow/engine.go:1125.3,1125.51 1 1
github.com/Tutitoos/atenea/internal/workflow/engine.go:1125.51,1127.4 1 0
github.com/Tutitoos/atenea/internal/workflow/engine.go:1133.2,1135.16 3 1
github.com/Tutitoos/atenea/internal/workflow/engine.go:1135.16,1137.3 1 1
github.com/Tutitoos/atenea/internal/workflow/engine.go:1141.2,1142.40 1 1
github.com/Tutitoos/atenea/internal/workflow/engine.go:1142.40,1144.3 1 0
github.com/Tutitoos/atenea/internal/workflow/engine.go:1149.2,1149.31 1 1
github.com/Tutitoos/atenea/internal/workflow/engine.go:1149.31,1150.66 1 1
github.com/Tutitoos/atenea/internal/workflow/engine.go:1150.66,1152.4 1 0
github.com/Tutitoos/atenea/internal/workflow/engine.go:1153.3,1153.75 1 1
github.com/Tutitoos/atenea/internal/workflow/engine.go:1153.75,1155.4 1 0
github.com/Tutitoos/atenea/internal/workflow/engine.go:1157.2,1157.50 1 1
github.com/Tutitoos/atenea/internal/workflow/engine.go:1157.50,1159.3 1 0
github.com/Tutitoos/atenea/internal/workflow/engine.go:1160.2,1161.16 2 1
github.com/Tutitoos/atenea/internal/workflow/engine.go:1161.16,1163.3 1 0
github.com/Tutitoos/atenea/internal/workflow/engine.go:1168.2,1168.54 1 1
github.com/Tutitoos/atenea/internal/workflow/engine.go:1168.54,1170.3 1 1
github.com/Tutitoos/atenea/internal/workflow/engine.go:1171.2,1171.52 1 1
github.com/Tutitoos/atenea/internal/workflow/engine.go:1171.52,1173.3 1 0
github.com/Tutitoos/atenea/internal/workflow/engine.go:1174.2,1174.33 1 1
github.com/Tutitoos/atenea/internal/workflow/engine.go:1180.36,1181.37 1 1
github.com/Tutitoos/atenea/internal/workflow/engine.go:1181.37,1183.3 1 1
github.com/Tutitoos/atenea/internal/workflow/engine.go:1184.2,1184.11 1 1
github.com/Tutitoos/atenea/internal/workflow/engine.go:1190.54,1193.2 1 1
github.com/Tutitoos/atenea/internal/workflow/engine.go:1198.48,1200.33 2 1
github.com/Tutitoos/atenea/internal/workflow/engine.go:1200.33,1202.3 1 1
github.com/Tutitoos/atenea/internal/workflow/engine.go:1203.2,1203.32 1 1
github.com/Tutitoos/atenea/internal/workflow/engine.go:1212.58,1214.32 2 1
github.com/Tutitoos/atenea/internal/workflow/engine.go:1214.32,1216.3 1 0
github.com/Tutitoos/atenea/internal/workflow/engine.go:1217.2,1218.33 2 1
github.com/Tutitoos/atenea/internal/workflow/engine.go:1218.33,1219.29 1 1
github.com/Tutitoos/atenea/internal/workflow/engine.go:1219.29,1220.12 1 0
github.com/Tutitoos/atenea/internal/workflow/engine.go:1222.3,1222.47 1 1
github.com/Tutitoos/atenea/internal/workflow/engine.go:1224.2,1225.32 2 1
github.com/Tutitoos/atenea/internal/workflow/engine.go:1237.83,1241.6 4 1
github.com/Tutitoos/atenea/internal/workflow/engine.go:1241.6,1243.17 2 1
github.com/Tutitoos/atenea/internal/workflow/engine.go:1243.17,1245.4 1 0
github.com/Tutitoos/atenea/internal/workflow/engine.go:1246.3,1246.22 1 1
github.com/Tutitoos/atenea/internal/workflow/engine.go:1246.22,1248.4 1 1
github.com/Tutitoos/atenea/internal/workflow/engine.go:1249.3,1249.10 1 1
github.com/Tutitoos/atenea/internal/workflow/engine.go:1250.21,1252.62 1 0
github.com/Tutitoos/atenea/internal/workflow/engine.go:1253.19,1253.19 0 1
github.com/Tutitoos/atenea/internal/workflow/engine.go:1271.82,1273.16 2 1
github.com/Tutitoos/atenea/internal/workflow/engine.go:1273.16,1275.3 1 0
github.com/Tutitoos/atenea/internal/workflow/engine.go:1277.2,1300.25 7 1
github.com/Tutitoos/atenea/internal/workflow/engine.go:1300.25,1305.35 5 1
github.com/Tutitoos/atenea/internal/workflow/engine.go:1305.35,1310.4 4 1
github.com/Tutitoos/atenea/internal/workflow/engine.go:1312.2,1334.68 11 1
github.com/Tutitoos/atenea/internal/workflow/engine.go:1334.68,1336.3 1 1
github.com/Tutitoos/atenea/internal/workflow/engine.go:1337.2,1337.6 1 1
github.com/Tutitoos/atenea/internal/workflow/engine.go:1337.6,1338.23 1 1
github.com/Tutitoos/atenea/internal/workflow/engine.go:1338.23,1340.4 1 1
github.com/Tutitoos/atenea/internal/workflow/engine.go:1347.3,1348.15 2 1
github.com/Tutitoos/atenea/internal/workflow/engine.go:1348.15,1350.18 2 1
github.com/Tutitoos/atenea/internal/workflow/engine.go:1350.18,1354.5 3 0
github.com/Tutitoos/atenea/internal/workflow/engine.go:1355.4,1355.11 1 1
github.com/Tutitoos/atenea/internal/workflow/engine.go:1356.18,1356.18 0 1
github.com/Tutitoos/atenea/internal/workflow/engine.go:1357.26,1360.18 1 0
github.com/Tutitoos/atenea/internal/workflow/engine.go:1361.12,1363.19 2 1
github.com/Tutitoos/atenea/internal/workflow/engine.go:1363.19,1365.11 2 0
github.com/Tutitoos/atenea/internal/workflow/engine.go:1367.5,1367.46 1 1
github.com/Tutitoos/atenea/internal/workflow/engine.go:1367.46,1372.37 1 0
github.com/Tutitoos/atenea/internal/workflow/engine.go:1372.37,1374.7 1 0
github.com/Tutitoos/atenea/internal/workflow/engine.go:1375.6,1375.14 1 0
github.com/Tutitoos/atenea/internal/workflow/engine.go:1377.5,1378.19 2 1
github.com/Tutitoos/atenea/internal/workflow/engine.go:1378.19,1380.6 1 0
github.com/Tutitoos/atenea/internal/workflow/engine.go:1381.5,1381.69 1 1
github.com/Tutitoos/atenea/internal/workflow/engine.go:1381.69,1383.6 1 0
github.com/Tutitoos/atenea/internal/workflow/engine.go:1384.5,1384.55 1 1
github.com/Tutitoos/atenea/internal/workflow/engine.go:1384.55,1386.6 1 0
github.com/Tutitoos/atenea/internal/workflow/engine.go:1387.5,1389.13 3 1
github.com/Tutitoos/atenea/internal/workflow/engine.go:1392.3,1392.15 1 1
github.com/Tutitoos/atenea/internal/workflow/engine.go:1392.15,1393.9 1 1
github.com/Tutitoos/atenea/internal/workflow/engine.go:1395.3,1395.26 1 1
github.com/Tutitoos/atenea/internal/workflow/engine.go:1395.26,1396.42 1 1
github.com/Tutitoos/atenea/internal/workflow/engine.go:1396.42,1397.61 1 1
github.com/Tutitoos/atenea/internal/workflow/engine.go:1397.61,1398.14 1 1
github.com/Tutitoos/atenea/internal/workflow/engine.go:1400.5,1400.29 1 1
github.com/Tutitoos/atenea/internal/workflow/engine.go:1400.29,1401.14 1 1
github.com/Tutitoos/atenea/internal/workflow/engine.go:1403.5,1404.76 2 1
github.com/Tutitoos/atenea/internal/workflow/engine.go:1404.76,1409.14 1 1
github.com/Tutitoos/atenea/internal/workflow/engine.go:1411.5,1438.27 4 1
github.com/Tutitoos/atenea/internal/workflow/engine.go:1438.27,1440.20 2 1
github.com/Tutitoos/atenea/internal/workflow/engine.go:1440.20,1442.7 1 0
github.com/Tutitoos/atenea/internal/workflow/engine.go:1443.6,1455.49 2 1
github.com/Tutitoos/atenea/internal/workflow/engine.go:1455.49,1457.7 1 1
github.com/Tutitoos/atenea/internal/workflow/engine.go:1459.5,1459.44 1 1
github.com/Tutitoos/atenea/internal/workflow/engine.go:1459.44,1464.6 1 1
github.com/Tutitoos/atenea/internal/workflow/engine.go:1465.5,1466.53 1 1
github.com/Tutitoos/atenea/internal/workflow/engine.go:1466.53,1470.6 3 0
github.com/Tutitoos/atenea/internal/workflow/engine.go:1471.5,1476.46 6 1
github.com/Tutitoos/atenea/internal/workflow/engine.go:1476.46,1484.6 3 1
github.com/Tutitoos/atenea/internal/workflow/engine.go:1487.3,1487.24 1 1
github.com/Tutitoos/atenea/internal/workflow/engine.go:1487.24,1488.9 1 1
github.com/Tutitoos/atenea/internal/workflow/engine.go:1491.3,1500.43 4 1
github.com/Tutitoos/atenea/internal/workflow/engine.go:1500.43,1502.97 2 1
github.com/Tutitoos/atenea/internal/workflow/engine.go:1502.97,1504.5 1 0
github.com/Tutitoos/atenea/internal/workflow/engine.go:1505.4,1506.12 2 1
github.com/Tutitoos/atenea/internal/workflow/engine.go:1508.3,1508.49 1 1
github.com/Tutitoos/atenea/internal/workflow/engine.go:1508.49,1510.4 1 1
github.com/Tutitoos/atenea/internal/workflow/engine.go:1511.3,1512.42 1 1
github.com/Tutitoos/atenea/internal/workflow/engine.go:1512.42,1514.4 1 0
github.com/Tutitoos/atenea/internal/workflow/engine.go:1515.3,1541.67 4 1
github.com/Tutitoos/atenea/internal/workflow/engine.go:1541.67,1549.4 6 1
github.com/Tutitoos/atenea/internal/workflow/engine.go:1551.2,1554.9 3 1
github.com/Tutitoos/atenea/internal/workflow/engine.go:1555.16,1556.22 1 1
github.com/Tutitoos/atenea/internal/workflow/engine.go:1557.15,1560.21 1 1
github.com/Tutitoos/atenea/internal/workflow/engine.go:1561.30,1565.22 1 1
github.com/Tutitoos/atenea/internal/workflow/engine.go:1567.2,1567.62 1 1
github.com/Tutitoos/atenea/internal/workflow/engine.go:1567.62,1569.3 1 0
github.com/Tutitoos/atenea/internal/workflow/engine.go:1570.2,1571.16 2 1
github.com/Tutitoos/atenea/internal/workflow/engine.go:1571.16,1573.3 1 0
github.com/Tutitoos/atenea/internal/workflow/engine.go:1574.2,1574.13 1 1
github.com/Tutitoos/atenea/internal/workflow/engine.go:1574.13,1577.3 1 1
github.com/Tutitoos/atenea/internal/workflow/engine.go:1578.2,1578.14 1 1
github.com/Tutitoos/atenea/internal/workflow/engine.go:1578.14,1581.3 1 1
github.com/Tutitoos/atenea/internal/workflow/engine.go:1582.2,1582.17 1 1
github.com/Tutitoos/atenea/internal/workflow/engine.go:1588.50,1589.18 1 1
github.com/Tutitoos/atenea/internal/workflow/engine.go:1589.18,1591.3 1 1
github.com/Tutitoos/atenea/internal/workflow/engine.go:1592.2,1592.17 1 1
github.com/Tutitoos/atenea/internal/workflow/engine.go:1604.45,1606.31 2 1
github.com/Tutitoos/atenea/internal/workflow/engine.go:1606.31,1608.3 1 1
github.com/Tutitoos/atenea/internal/workflow/engine.go:1609.2,1609.90 1 1
github.com/Tutitoos/atenea/internal/workflow/engine.go:1609.90,1611.3 1 1
github.com/Tutitoos/atenea/internal/workflow/engine.go:1612.2,1612.58 1 1
github.com/Tutitoos/atenea/internal/workflow/engine.go:1612.58,1616.3 1 0
github.com/Tutitoos/atenea/internal/workflow/engine.go:1617.2,1617.49 1 1
github.com/Tutitoos/atenea/internal/workflow/engine.go:1617.49,1619.3 1 1
github.com/Tutitoos/atenea/internal/workflow/engine.go:1620.2,1620.41 1 1
github.com/Tutitoos/atenea/internal/workflow/engine.go:1620.41,1622.3 1 0
github.com/Tutitoos/atenea/internal/workflow/engine.go:1623.2,1623.27 1 1
github.com/Tutitoos/atenea/internal/workflow/engine.go:1630.48,1632.16 2 1
github.com/Tutitoos/atenea/internal/workflow/engine.go:1632.16,1634.3 1 0
github.com/Tutitoos/atenea/internal/workflow/engine.go:1635.2,1635.16 1 1
github.com/Tutitoos/atenea/internal/workflow/engine.go:1645.56,1646.16 1 1
github.com/Tutitoos/atenea/internal/workflow/engine.go:1646.16,1647.55 1 1
github.com/Tutitoos/atenea/internal/workflow/engine.go:1647.55,1649.4 1 1
github.com/Tutitoos/atenea/internal/workflow/engine.go:1650.3,1650.26 1 1
github.com/Tutitoos/atenea/internal/workflow/engine.go:1652.2,1652.24 1 1
github.com/Tutitoos/atenea/internal/workflow/engine.go:1653.26,1668.18 1 1
github.com/Tutitoos/atenea/internal/workflow/engine.go:1669.30,1670.22 1 1
github.com/Tutitoos/atenea/internal/workflow/engine.go:1671.10,1672.26 1 1
github.com/Tutitoos/atenea/internal/workflow/engine.go:1679.66,1680.16 1 1
github.com/Tutitoos/atenea/internal/workflow/engine.go:1680.16,1682.3 1 1
github.com/Tutitoos/atenea/internal/workflow/engine.go:1683.2,1683.51 1 1
github.com/Tutitoos/atenea/internal/workflow/engine.go:1683.51,1685.3 1 0
github.com/Tutitoos/atenea/internal/workflow/engine.go:1686.2,1686.27 1 1
github.com/Tutitoos/atenea/internal/workflow/engine.go:1686.27,1691.3 1 0
github.com/Tutitoos/atenea/internal/workflow/engine.go:1692.2,1692.15 1 1
github.com/Tutitoos/atenea/internal/workflow/engine.go:1704.54,1705.36 1 1
github.com/Tutitoos/atenea/internal/workflow/engine.go:1705.36,1706.44 1 1
github.com/Tutitoos/atenea/internal/workflow/engine.go:1706.44,1708.4 1 1
github.com/Tutitoos/atenea/internal/workflow/engine.go:1710.2,1710.13 1 1
github.com/Tutitoos/atenea/internal/workflow/engine.go:1714.52,1715.27 1 1
github.com/Tutitoos/atenea/internal/workflow/engine.go:1715.27,1716.29 1 1
github.com/Tutitoos/atenea/internal/workflow/engine.go:1716.29,1718.4 1 1
github.com/Tutitoos/atenea/internal/workflow/engine.go:1720.2,1720.14 1 1
github.com/Tutitoos/atenea/internal/workflow/engine.go:1723.50,1724.33 1 1
github.com/Tutitoos/atenea/internal/workflow/engine.go:1724.33,1725.25 1 1
github.com/Tutitoos/atenea/internal/workflow/engine.go:1725.25,1727.4 1 1
github.com/Tutitoos/atenea/internal/workflow/engine.go:1729.2,1729.25 1 0
github.com/Tutitoos/atenea/internal/workflow/engine.go:1732.45,1734.19 2 1
github.com/Tutitoos/atenea/internal/workflow/engine.go:1734.19,1736.3 1 1
github.com/Tutitoos/atenea/internal/workflow/engine.go:1737.2,1738.12 2 1
github.com/Tutitoos/atenea/internal/workflow/engine.go:1743.33,1748.23 2 1
github.com/Tutitoos/atenea/internal/workflow/engine.go:1748.23,1754.3 5 1
github.com/Tutitoos/atenea/internal/workflow/file.go:42.43,44.16 2 0
github.com/Tutitoos/atenea/internal/workflow/file.go:44.16,47.3 1 0
github.com/Tutitoos/atenea/internal/workflow/file.go:48.2,48.38 1 0
github.com/Tutitoos/atenea/internal/workflow/file.go:59.53,62.16 3 0
github.com/Tutitoos/atenea/internal/workflow/file.go:62.16,65.3 1 0
github.com/Tutitoos/atenea/internal/workflow/file.go:66.2,66.55 1 0
github.com/Tutitoos/atenea/internal/workflow/file.go:66.55,68.33 2 0
github.com/Tutitoos/atenea/internal/workflow/file.go:68.33,70.4 1 0
github.com/Tutitoos/atenea/internal/workflow/file.go:71.3,73.72 2 0
github.com/Tutitoos/atenea/internal/workflow/file.go:76.2,77.29 2 0
github.com/Tutitoos/atenea/internal/workflow/file.go:77.29,79.3 1 0
github.com/Tutitoos/atenea/internal/workflow/file.go:80.2,80.37 1 0
github.com/Tutitoos/atenea/internal/workflow/file.go:80.37,82.37 2 0
github.com/Tutitoos/atenea/internal/workflow/file.go:82.37,84.18 2 0
github.com/Tutitoos/atenea/internal/workflow/file.go:84.18,87.5 1 0
github.com/Tutitoos/atenea/internal/workflow/file.go:88.4,88.37 1 0
github.com/Tutitoos/atenea/internal/workflow/file.go:90.3,102.21 2 0
github.com/Tutitoos/atenea/internal/workflow/file.go:102.21,103.31 1 0
github.com/Tutitoos/atenea/internal/workflow/file.go:103.31,107.5 1 0
github.com/Tutitoos/atenea/internal/workflow/file.go:108.4,109.18 2 0
github.com/Tutitoos/atenea/internal/workflow/file.go:109.18,112.5 1 0
github.com/Tutitoos/atenea/internal/workflow/file.go:113.4,113.21 1 0
github.com/Tutitoos/atenea/internal/workflow/file.go:115.3,115.27 1 0
github.com/Tutitoos/atenea/internal/workflow/file.go:115.27,117.4 1 0
github.com/Tutitoos/atenea/internal/workflow/file.go:118.3,118.43 1 0
github.com/Tutitoos/atenea/internal/workflow/file.go:120.2,120.17 1 0
github.com/Tutitoos/atenea/internal/workflow/gate.go:58.31,59.34 1 1
github.com/Tutitoos/atenea/internal/workflow/gate.go:59.34,61.3 1 1
github.com/Tutitoos/atenea/internal/workflow/gate.go:62.2,62.45 1 0
github.com/Tutitoos/atenea/internal/workflow/gate.go:66.40,67.36 1 1
github.com/Tutitoos/atenea/internal/workflow/gate.go:67.36,68.16 1 1
github.com/Tutitoos/atenea/internal/workflow/gate.go:68.16,70.4 1 1
github.com/Tutitoos/atenea/internal/workflow/gate.go:72.2,73.29 1 0
github.com/Tutitoos/atenea/internal/workflow/gate.go:95.35,96.38 1 1
github.com/Tutitoos/atenea/internal/workflow/gate.go:96.38,98.3 1 1
github.com/Tutitoos/atenea/internal/workflow/gate.go:99.2,99.49 1 0
github.com/Tutitoos/atenea/internal/workflow/gate.go:103.48,104.44 1 1
github.com/Tutitoos/atenea/internal/workflow/gate.go:104.44,105.16 1 1
github.com/Tutitoos/atenea/internal/workflow/gate.go:105.16,107.4 1 1
github.com/Tutitoos/atenea/internal/workflow/gate.go:109.2,110.33 1 0
github.com/Tutitoos/atenea/internal/workflow/gate.go:131.36,133.31 2 1
github.com/Tutitoos/atenea/internal/workflow/gate.go:133.31,135.3 1 1
github.com/Tutitoos/atenea/internal/workflow/gate.go:136.2,137.10 2 1
github.com/Tutitoos/atenea/internal/workflow/gate.go:151.35,156.31 2 1
github.com/Tutitoos/atenea/internal/workflow/gate.go:156.31,160.40 2 1
github.com/Tutitoos/atenea/internal/workflow/gate.go:160.40,162.4 1 1
github.com/Tutitoos/atenea/internal/workflow/gate.go:163.3,163.35 1 1
github.com/Tutitoos/atenea/internal/workflow/gate.go:163.35,165.4 1 1
github.com/Tutitoos/atenea/internal/workflow/gate.go:166.3,166.50 1 1
github.com/Tutitoos/atenea/internal/workflow/gate.go:166.50,168.4 1 1
github.com/Tutitoos/atenea/internal/workflow/gate.go:172.2,174.30 3 1
github.com/Tutitoos/atenea/internal/workflow/gate.go:174.30,176.3 1 1
github.com/Tutitoos/atenea/internal/workflow/gate.go:177.2,178.35 2 1
github.com/Tutitoos/atenea/internal/workflow/gate.go:183.34,184.23 1 1
github.com/Tutitoos/atenea/internal/workflow/gate.go:184.23,186.3 1 0
github.com/Tutitoos/atenea/internal/workflow/gate.go:187.2,187.20 1 1
github.com/Tutitoos/atenea/internal/workflow/gate.go:195.42,197.31 2 1
github.com/Tutitoos/atenea/internal/workflow/gate.go:197.31,199.3 1 1
github.com/Tutitoos/atenea/internal/workflow/gate.go:200.2,200.12 1 1
github.com/Tutitoos/atenea/internal/workflow/gate.go:231.30,231.70 1 1
github.com/Tutitoos/atenea/internal/workflow/gate.go:237.34,239.81 2 1
github.com/Tutitoos/atenea/internal/workflow/gate.go:239.81,241.3 1 1
github.com/Tutitoos/atenea/internal/workflow/gate.go:241.8,241.67 1 0
github.com/Tutitoos/atenea/internal/workflow/gate.go:241.67,243.3 1 0
github.com/Tutitoos/atenea/internal/workflow/gate.go:244.2,244.33 1 1
github.com/Tutitoos/atenea/internal/workflow/gatestore.go:36.49,38.31 2 1
github.com/Tutitoos/atenea/internal/workflow/gatestore.go:38.31,40.50 2 1
github.com/Tutitoos/atenea/internal/workflow/gatestore.go:40.50,42.4 1 1
github.com/Tutitoos/atenea/internal/workflow/gatestore.go:43.3,59.5 1 1
github.com/Tutitoos/atenea/internal/workflow/gatestore.go:61.2,63.16 3 1
github.com/Tutitoos/atenea/internal/workflow/gatestore.go:63.16,66.3 1 0
github.com/Tutitoos/atenea/internal/workflow/gatestore.go:67.2,67.25 1 1
github.com/Tutitoos/atenea/internal/workflow/gatestore.go:70.51,72.59 2 1
github.com/Tutitoos/atenea/internal/workflow/gatestore.go:72.59,75.3 1 0
github.com/Tutitoos/atenea/internal/workflow/gatestore.go:76.2,77.31 2 1
github.com/Tutitoos/atenea/internal/workflow/gatestore.go:77.31,81.36 2 1
github.com/Tutitoos/atenea/internal/workflow/gatestore.go:81.36,83.18 2 1
github.com/Tutitoos/atenea/internal/workflow/gatestore.go:83.18,85.5 1 0
github.com/Tutitoos/atenea/internal/workflow/gatestore.go:86.4,86.15 1 1
github.com/Tutitoos/atenea/internal/workflow/gatestore.go:88.3,89.34 2 1
github.com/Tutitoos/atenea/internal/workflow/gatestore.go:89.34,91.18 2 1
github.com/Tutitoos/atenea/internal/workflow/gatestore.go:91.18,93.5 1 0
github.com/Tutitoos/atenea/internal/workflow/gatestore.go:94.4,94.37 1 1
github.com/Tutitoos/atenea/internal/workflow/gatestore.go:96.3,102.5 1 1
github.com/Tutitoos/atenea/internal/workflow/gatestore.go:104.2,104.17 1 1
github.com/Tutitoos/atenea/internal/workflow/gatestore.go:120.107,122.16 2 1
github.com/Tutitoos/atenea/internal/workflow/gatestore.go:122.16,124.3 1 0
github.com/Tutitoos/atenea/internal/workflow/gatestore.go:133.2,133.36 1 1
github.com/Tutitoos/atenea/internal/workflow/gatestore.go:133.36,136.3 1 0
github.com/Tutitoos/atenea/internal/workflow/gatestore.go:137.2,137.57 1 1
github.com/Tutitoos/atenea/internal/workflow/gatestore.go:137.57,139.3 1 0
github.com/Tutitoos/atenea/internal/workflow/gatestore.go:139.8,139.15 1 1
github.com/Tutitoos/atenea/internal/workflow/gatestore.go:139.15,142.3 1 1
github.com/Tutitoos/atenea/internal/workflow/gatestore.go:143.2,144.33 2 1
github.com/Tutitoos/atenea/internal/workflow/gatestore.go:144.33,146.3 1 1
github.com/Tutitoos/atenea/internal/workflow/gatestore.go:147.2,147.32 1 1
github.com/Tutitoos/atenea/internal/workflow/gatestore.go:147.32,149.10 2 1
github.com/Tutitoos/atenea/internal/workflow/gatestore.go:149.10,152.4 1 0
github.com/Tutitoos/atenea/internal/workflow/gatestore.go:153.3,153.30 1 1
github.com/Tutitoos/atenea/internal/workflow/gatestore.go:153.30,157.4 1 1
github.com/Tutitoos/atenea/internal/workflow/gatestore.go:159.2,160.16 2 1
github.com/Tutitoos/atenea/internal/workflow/gatestore.go:160.16,162.3 1 0
github.com/Tutitoos/atenea/internal/workflow/gatestore.go:165.2,166.26 2 1
github.com/Tutitoos/atenea/internal/workflow/gatestore.go:166.26,167.28 1 1
github.com/Tutitoos/atenea/internal/workflow/gatestore.go:167.28,169.4 1 1
github.com/Tutitoos/atenea/internal/workflow/gatestore.go:171.2,171.56 1 1
github.com/Tutitoos/atenea/internal/workflow/gatestore.go:171.56,174.3 1 1
github.com/Tutitoos/atenea/internal/workflow/gatestore.go:184.2,185.32 2 1
github.com/Tutitoos/atenea/internal/workflow/gatestore.go:185.32,187.3 1 0
github.com/Tutitoos/atenea/internal/workflow/gatestore.go:188.2,188.31 1 1
github.com/Tutitoos/atenea/internal/workflow/gatestore.go:188.31,190.3 1 1
github.com/Tutitoos/atenea/internal/workflow/gatestore.go:191.2,192.33 2 1
github.com/Tutitoos/atenea/internal/workflow/gatestore.go:192.33,193.30 1 1
github.com/Tutitoos/atenea/internal/workflow/gatestore.go:193.30,195.4 1 1
github.com/Tutitoos/atenea/internal/workflow/gatestore.go:197.2,197.76 1 1
github.com/Tutitoos/atenea/internal/workflow/gatestore.go:197.76,203.27 2 1
github.com/Tutitoos/atenea/internal/workflow/gatestore.go:203.27,207.4 1 0
github.com/Tutitoos/atenea/internal/workflow/gatestore.go:208.3,211.59 1 1
github.com/Tutitoos/atenea/internal/workflow/gatestore.go:213.2,219.16 3 1
github.com/Tutitoos/atenea/internal/workflow/gatestore.go:219.16,221.3 1 0
github.com/Tutitoos/atenea/internal/workflow/gatestore.go:222.2,227.16 2 1
github.com/Tutitoos/atenea/internal/workflow/gatestore.go:227.16,229.3 1 0
github.com/Tutitoos/atenea/internal/workflow/gatestore.go:230.2,230.18 1 1
github.com/Tutitoos/atenea/internal/workflow/gatestore.go:239.133,240.26 1 1
github.com/Tutitoos/atenea/internal/workflow/gatestore.go:240.26,243.3 1 0
github.com/Tutitoos/atenea/internal/workflow/gatestore.go:244.2,244.62 1 1
github.com/Tutitoos/atenea/internal/workflow/gatestore.go:244.62,247.3 1 1
github.com/Tutitoos/atenea/internal/workflow/gatestore.go:248.2,249.16 2 1
github.com/Tutitoos/atenea/internal/workflow/gatestore.go:249.16,251.3 1 0
github.com/Tutitoos/atenea/internal/workflow/gatestore.go:252.2,252.21 1 1
github.com/Tutitoos/atenea/internal/workflow/gatestore.go:252.21,256.3 1 1
github.com/Tutitoos/atenea/internal/workflow/gatestore.go:257.2,265.16 6 1
github.com/Tutitoos/atenea/internal/workflow/gatestore.go:265.16,267.3 1 0
github.com/Tutitoos/atenea/internal/workflow/gatestore.go:268.2,268.18 1 1
github.com/Tutitoos/atenea/internal/workflow/gatestore.go:272.84,277.35 3 1
github.com/Tutitoos/atenea/internal/workflow/gatestore.go:277.35,280.3 1 1
github.com/Tutitoos/atenea/internal/workflow/gatestore.go:281.2,281.18 1 1
github.com/Tutitoos/atenea/internal/workflow/gatestore.go:287.81,292.35 3 1
github.com/Tutitoos/atenea/internal/workflow/gatestore.go:292.35,294.3 1 1
github.com/Tutitoos/atenea/internal/workflow/gatestore.go:295.2,295.16 1 1
github.com/Tutitoos/atenea/internal/workflow/gatestore.go:295.16,297.3 1 0
github.com/Tutitoos/atenea/internal/workflow/gatestore.go:298.2,298.24 1 1
github.com/Tutitoos/atenea/internal/workflow/gatestore.go:302.74,306.16 2 1
github.com/Tutitoos/atenea/internal/workflow/gatestore.go:306.16,308.3 1 0
github.com/Tutitoos/atenea/internal/workflow/gatestore.go:309.2,309.15 1 1
github.com/Tutitoos/atenea/internal/workflow/gatestore.go:309.15,309.35 1 1
github.com/Tutitoos/atenea/internal/workflow/gatestore.go:310.2,311.18 2 1
github.com/Tutitoos/atenea/internal/workflow/gatestore.go:311.18,313.17 2 1
github.com/Tutitoos/atenea/internal/workflow/gatestore.go:313.17,315.4 1 0
github.com/Tutitoos/atenea/internal/workflow/gatestore.go:316.3,316.26 1 1
github.com/Tutitoos/atenea/internal/workflow/gatestore.go:318.2,318.35 1 1
github.com/Tutitoos/atenea/internal/workflow/gatestore.go:318.35,320.3 1 0
github.com/Tutitoos/atenea/internal/workflow/gatestore.go:321.2,321.17 1 1
github.com/Tutitoos/atenea/internal/workflow/gatestore.go:327.42,334.73 2 1
github.com/Tutitoos/atenea/internal/workflow/gatestore.go:334.73,335.36 1 1
github.com/Tutitoos/atenea/internal/workflow/gatestore.go:335.36,337.4 1 1
github.com/Tutitoos/atenea/internal/workflow/gatestore.go:338.3,338.62 1 0
github.com/Tutitoos/atenea/internal/workflow/gatestore.go:340.2,341.49 2 1
github.com/Tutitoos/atenea/internal/workflow/gatestore.go:341.49,343.3 1 0
github.com/Tutitoos/atenea/internal/workflow/gatestore.go:344.2,344.61 1 1
github.com/Tutitoos/atenea/internal/workflow/gatestore.go:344.61,346.3 1 0
github.com/Tutitoos/atenea/internal/workflow/gatestore.go:347.2,347.62 1 1
github.com/Tutitoos/atenea/internal/workflow/gatestore.go:347.62,349.3 1 0
github.com/Tutitoos/atenea/internal/workflow/gatestore.go:350.2,352.17 3 1
github.com/Tutitoos/atenea/internal/workflow/gatestore.go:365.86,366.39 1 1
github.com/Tutitoos/atenea/internal/workflow/gatestore.go:366.39,369.3 1 0
github.com/Tutitoos/atenea/internal/workflow/gatestore.go:370.2,370.55 1 1
github.com/Tutitoos/atenea/internal/workflow/gatestore.go:370.55,375.3 1 1
github.com/Tutitoos/atenea/internal/workflow/gatestore.go:376.2,377.16 2 1
github.com/Tutitoos/atenea/internal/workflow/gatestore.go:377.16,379.3 1 0
github.com/Tutitoos/atenea/internal/workflow/gatestore.go:380.2,380.15 1 1
github.com/Tutitoos/atenea/internal/workflow/gatestore.go:380.15,380.36 1 1
github.com/Tutitoos/atenea/internal/workflow/gatestore.go:382.2,382.44 1 1
github.com/Tutitoos/atenea/internal/workflow/gatestore.go:382.44,389.17 2 0
github.com/Tutitoos/atenea/internal/workflow/gatestore.go:389.17,391.4 1 0
github.com/Tutitoos/atenea/internal/workflow/gatestore.go:392.3,392.57 1 0
github.com/Tutitoos/atenea/internal/workflow/gatestore.go:392.57,396.4 1 0
github.com/Tutitoos/atenea/internal/workflow/gatestore.go:398.2,401.37 2 1
github.com/Tutitoos/atenea/internal/workflow/gatestore.go:401.37,403.3 1 0
github.com/Tutitoos/atenea/internal/workflow/gatestore.go:404.2,404.43 1 1
github.com/Tutitoos/atenea/internal/workflow/gatestore.go:404.43,414.67 1 1
github.com/Tutitoos/atenea/internal/workflow/gatestore.go:414.67,416.4 1 0
github.com/Tutitoos/atenea/internal/workflow/gatestore.go:418.2,418.36 1 1
github.com/Tutitoos/atenea/internal/workflow/gatestore.go:418.36,420.3 1 0
github.com/Tutitoos/atenea/internal/workflow/gatestore.go:421.2,421.12 1 1
github.com/Tutitoos/atenea/internal/workflow/graph.go:82.38,83.41 1 1
github.com/Tutitoos/atenea/internal/workflow/graph.go:83.41,85.3 1 1
github.com/Tutitoos/atenea/internal/workflow/graph.go:86.2,86.22 1 0
github.com/Tutitoos/atenea/internal/workflow/graph.go:90.54,91.30 1 1
github.com/Tutitoos/atenea/internal/workflow/graph.go:92.18,93.25 1 1
github.com/Tutitoos/atenea/internal/workflow/graph.go:94.12,95.19 1 1
github.com/Tutitoos/atenea/internal/workflow/graph.go:97.2,98.47 1 1
github.com/Tutitoos/atenea/internal/workflow/graph.go:107.49,108.15 1 1
github.com/Tutitoos/atenea/internal/workflow/graph.go:108.15,110.3 1 1
github.com/Tutitoos/atenea/internal/workflow/graph.go:111.2,111.68 1 1
github.com/Tutitoos/atenea/internal/workflow/graph.go:129.30,131.31 2 1
github.com/Tutitoos/atenea/internal/workflow/graph.go:131.31,133.3 1 1
github.com/Tutitoos/atenea/internal/workflow/graph.go:134.2,134.21 1 1
github.com/Tutitoos/atenea/internal/workflow/graph.go:134.21,136.3 1 1
github.com/Tutitoos/atenea/internal/workflow/graph.go:137.2,137.12 1 1
github.com/Tutitoos/atenea/internal/workflow/graph.go:141.28,146.2 4 1
github.com/Tutitoos/atenea/internal/workflow/graph.go:163.30,165.31 2 1
github.com/Tutitoos/atenea/internal/workflow/graph.go:165.31,167.3 1 1
github.com/Tutitoos/atenea/internal/workflow/graph.go:168.2,168.10 1 1
github.com/Tutitoos/atenea/internal/workflow/graph.go:190.44,191.37 1 1
github.com/Tutitoos/atenea/internal/workflow/graph.go:191.37,192.20 1 1
github.com/Tutitoos/atenea/internal/workflow/graph.go:192.20,194.4 1 1
github.com/Tutitoos/atenea/internal/workflow/graph.go:196.2,196.22 1 0
github.com/Tutitoos/atenea/internal/workflow/graph.go:200.43,200.65 1 1
github.com/Tutitoos/atenea/internal/workflow/graph.go:209.67,210.41 1 1
github.com/Tutitoos/atenea/internal/workflow/graph.go:210.41,213.3 1 1
github.com/Tutitoos/atenea/internal/workflow/graph.go:214.2,214.27 1 1
github.com/Tutitoos/atenea/internal/workflow/graph.go:214.27,217.3 1 1
github.com/Tutitoos/atenea/internal/workflow/graph.go:218.2,218.24 1 1
github.com/Tutitoos/atenea/internal/workflow/graph.go:218.24,221.3 1 0
github.com/Tutitoos/atenea/internal/workflow/graph.go:223.2,224.26 2 1
github.com/Tutitoos/atenea/internal/workflow/graph.go:224.26,226.3 1 1
github.com/Tutitoos/atenea/internal/workflow/graph.go:228.2,234.33 3 1
github.com/Tutitoos/atenea/internal/workflow/graph.go:234.33,236.35 2 1
github.com/Tutitoos/atenea/internal/workflow/graph.go:236.35,239.4 1 0
github.com/Tutitoos/atenea/internal/workflow/graph.go:240.3,240.42 1 1
github.com/Tutitoos/atenea/internal/workflow/graph.go:240.42,243.4 1 1
github.com/Tutitoos/atenea/internal/workflow/graph.go:244.3,250.52 2 1
github.com/Tutitoos/atenea/internal/workflow/graph.go:250.52,252.4 1 1
github.com/Tutitoos/atenea/internal/workflow/graph.go:253.3,253.52 1 1
github.com/Tutitoos/atenea/internal/workflow/graph.go:253.52,256.4 1 0
github.com/Tutitoos/atenea/internal/workflow/graph.go:257.3,257.46 1 1
github.com/Tutitoos/atenea/internal/workflow/graph.go:257.46,260.4 1 0
github.com/Tutitoos/atenea/internal/workflow/graph.go:261.3,264.10 3 1
github.com/Tutitoos/atenea/internal/workflow/graph.go:264.10,268.4 1 1
github.com/Tutitoos/atenea/internal/workflow/graph.go:273.3,273.50 1 1
github.com/Tutitoos/atenea/internal/workflow/graph.go:273.50,274.51 1 1
github.com/Tutitoos/atenea/internal/workflow/graph.go:274.51,278.5 1 1
github.com/Tutitoos/atenea/internal/workflow/graph.go:284.3,284.64 1 1
github.com/Tutitoos/atenea/internal/workflow/graph.go:284.64,289.4 1 1
github.com/Tutitoos/atenea/internal/workflow/graph.go:290.3,290.55 1 1
github.com/Tutitoos/atenea/internal/workflow/graph.go:290.55,295.4 1 1
github.com/Tutitoos/atenea/internal/workflow/graph.go:296.3,296.50 1 1
github.com/Tutitoos/atenea/internal/workflow/graph.go:296.50,300.4 1 1
github.com/Tutitoos/atenea/internal/workflow/graph.go:301.3,301.38 1 1
github.com/Tutitoos/atenea/internal/workflow/graph.go:307.2,307.64 1 1
github.com/Tutitoos/atenea/internal/workflow/graph.go:307.64,311.3 1 1
github.com/Tutitoos/atenea/internal/workflow/graph.go:313.2,314.16 2 1
github.com/Tutitoos/atenea/internal/workflow/graph.go:314.16,316.3 1 1
github.com/Tutitoos/atenea/internal/workflow/graph.go:317.2,317.48 1 1
github.com/Tutitoos/atenea/internal/workflow/graph.go:317.48,319.3 1 1
github.com/Tutitoos/atenea/internal/workflow/graph.go:320.2,320.17 1 1
github.com/Tutitoos/atenea/internal/workflow/graph.go:328.59,331.19 3 1
github.com/Tutitoos/atenea/internal/workflow/graph.go:331.19,333.3 1 0
github.com/Tutitoos/atenea/internal/workflow/graph.go:334.2,334.12 1 1
github.com/Tutitoos/atenea/internal/workflow/graph.go:344.63,346.37 2 1
github.com/Tutitoos/atenea/internal/workflow/graph.go:346.37,348.37 2 1
github.com/Tutitoos/atenea/internal/workflow/graph.go:348.37,349.38 1 1
github.com/Tutitoos/atenea/internal/workflow/graph.go:349.38,350.21 1 1
github.com/Tutitoos/atenea/internal/workflow/graph.go:350.21,354.6 1 1
github.com/Tutitoos/atenea/internal/workflow/graph.go:355.5,357.23 1 1
github.com/Tutitoos/atenea/internal/workflow/graph.go:359.4,359.26 1 1
github.com/Tutitoos/atenea/internal/workflow/graph.go:359.26,360.21 1 1
github.com/Tutitoos/atenea/internal/workflow/graph.go:360.21,363.6 1 1
github.com/Tutitoos/atenea/internal/workflow/graph.go:364.5,365.51 1 1
github.com/Tutitoos/atenea/internal/workflow/graph.go:367.4,367.30 1 1
github.com/Tutitoos/atenea/internal/workflow/graph.go:369.3,369.23 1 1
github.com/Tutitoos/atenea/internal/workflow/graph.go:372.2,374.55 3 1
github.com/Tutitoos/atenea/internal/workflow/graph.go:374.55,375.31 1 1
github.com/Tutitoos/atenea/internal/workflow/graph.go:375.31,377.4 1 1
github.com/Tutitoos/atenea/internal/workflow/graph.go:378.3,378.17 1 1
github.com/Tutitoos/atenea/internal/workflow/graph.go:378.17,382.4 1 1
github.com/Tutitoos/atenea/internal/workflow/graph.go:383.3,385.34 3 1
github.com/Tutitoos/atenea/internal/workflow/graph.go:385.34,386.45 1 1
github.com/Tutitoos/atenea/internal/workflow/graph.go:386.45,388.5 1 1
github.com/Tutitoos/atenea/internal/workflow/graph.go:389.4,390.35 2 1
github.com/Tutitoos/atenea/internal/workflow/graph.go:390.35,392.5 1 1
github.com/Tutitoos/atenea/internal/workflow/graph.go:394.3,396.13 3 1
github.com/Tutitoos/atenea/internal/workflow/graph.go:398.2,398.37 1 1
github.com/Tutitoos/atenea/internal/workflow/graph.go:398.37,399.58 1 1
github.com/Tutitoos/atenea/internal/workflow/graph.go:399.58,401.4 1 1
github.com/Tutitoos/atenea/internal/workflow/graph.go:403.2,403.17 1 1
github.com/Tutitoos/atenea/internal/workflow/graph.go:419.68,425.37 3 1
github.com/Tutitoos/atenea/internal/workflow/graph.go:425.37,427.40 2 1
github.com/Tutitoos/atenea/internal/workflow/graph.go:427.40,429.19 2 1
github.com/Tutitoos/atenea/internal/workflow/graph.go:429.19,430.13 1 0
github.com/Tutitoos/atenea/internal/workflow/graph.go:432.4,432.78 1 1
github.com/Tutitoos/atenea/internal/workflow/graph.go:436.2,438.29 3 1
github.com/Tutitoos/atenea/internal/workflow/graph.go:438.29,440.25 2 1
github.com/Tutitoos/atenea/internal/workflow/graph.go:440.25,441.41 1 1
github.com/Tutitoos/atenea/internal/workflow/graph.go:441.41,443.29 2 1
github.com/Tutitoos/atenea/internal/workflow/graph.go:443.29,444.14 1 1
github.com/Tutitoos/atenea/internal/workflow/graph.go:446.5,446.55 1 1
github.com/Tutitoos/atenea/internal/workflow/graph.go:446.55,447.14 1 1
github.com/Tutitoos/atenea/internal/workflow/graph.go:449.5,450.22 2 1
github.com/Tutitoos/atenea/internal/workflow/graph.go:450.22,452.6 1 0
github.com/Tutitoos/atenea/internal/workflow/graph.go:453.5,457.40 1 1
github.com/Tutitoos/atenea/internal/workflow/graph.go:461.2,461.12 1 1
github.com/Tutitoos/atenea/internal/workflow/graph.go:467.36,469.16 2 1
github.com/Tutitoos/atenea/internal/workflow/graph.go:469.16,471.3 1 0
github.com/Tutitoos/atenea/internal/workflow/graph.go:472.2,472.56 1 1
github.com/Tutitoos/atenea/internal/workflow/report.go:18.38,21.2 2 1
github.com/Tutitoos/atenea/internal/workflow/report.go:33.44,35.14 2 1
github.com/Tutitoos/atenea/internal/workflow/report.go:35.14,37.3 1 0
github.com/Tutitoos/atenea/internal/workflow/report.go:38.2,38.35 1 1
github.com/Tutitoos/atenea/internal/workflow/report.go:38.35,40.3 1 1
github.com/Tutitoos/atenea/internal/workflow/report.go:41.2,42.18 2 1
github.com/Tutitoos/atenea/internal/workflow/report.go:42.18,44.3 1 1
github.com/Tutitoos/atenea/internal/workflow/report.go:49.2,50.88 2 1
github.com/Tutitoos/atenea/internal/workflow/report.go:50.88,52.3 1 1
github.com/Tutitoos/atenea/internal/workflow/report.go:53.2,53.84 1 1
github.com/Tutitoos/atenea/internal/workflow/report.go:58.56,60.31 2 1
github.com/Tutitoos/atenea/internal/workflow/report.go:60.31,62.3 1 1
github.com/Tutitoos/atenea/internal/workflow/report.go:63.2,65.46 3 1
github.com/Tutitoos/atenea/internal/workflow/report.go:65.46,66.15 1 1
github.com/Tutitoos/atenea/internal/workflow/report.go:66.15,68.4 1 0
github.com/Tutitoos/atenea/internal/workflow/report.go:69.3,71.42 3 1
github.com/Tutitoos/atenea/internal/workflow/report.go:71.42,73.4 1 0
github.com/Tutitoos/atenea/internal/workflow/report.go:74.3,74.42 1 1
github.com/Tutitoos/atenea/internal/workflow/report.go:74.42,76.33 2 1
github.com/Tutitoos/atenea/internal/workflow/report.go:76.33,77.54 1 0
github.com/Tutitoos/atenea/internal/workflow/report.go:77.54,79.6 1 0
github.com/Tutitoos/atenea/internal/workflow/report.go:80.5,80.13 1 0
github.com/Tutitoos/atenea/internal/workflow/report.go:83.4,83.66 1 1
github.com/Tutitoos/atenea/internal/workflow/report.go:83.66,84.13 1 1
github.com/Tutitoos/atenea/internal/workflow/report.go:86.4,86.31 1 1
github.com/Tutitoos/atenea/internal/workflow/report.go:88.3,88.38 1 1
github.com/Tutitoos/atenea/internal/workflow/report.go:90.2,90.17 1 1
github.com/Tutitoos/atenea/internal/workflow/report.go:94.35,96.38 2 0
github.com/Tutitoos/atenea/internal/workflow/report.go:96.38,98.3 1 0
github.com/Tutitoos/atenea/internal/workflow/report.go:99.2,99.12 1 0
github.com/Tutitoos/atenea/internal/workflow/report.go:105.43,115.2 1 1
github.com/Tutitoos/atenea/internal/workflow/report.go:128.56,130.43 2 1
github.com/Tutitoos/atenea/internal/workflow/report.go:130.43,133.3 1 0
github.com/Tutitoos/atenea/internal/workflow/report.go:134.2,134.21 1 1
github.com/Tutitoos/atenea/internal/workflow/report.go:139.41,140.61 1 1
github.com/Tutitoos/atenea/internal/workflow/report.go:140.61,142.3 1 1
github.com/Tutitoos/atenea/internal/workflow/report.go:143.2,143.29 1 1
github.com/Tutitoos/atenea/internal/workflow/report.go:151.41,154.23 3 1
github.com/Tutitoos/atenea/internal/workflow/report.go:154.23,156.3 1 1
github.com/Tutitoos/atenea/internal/workflow/report.go:157.2,157.62 1 1
github.com/Tutitoos/atenea/internal/workflow/report.go:161.38,163.31 2 1
github.com/Tutitoos/atenea/internal/workflow/report.go:163.31,165.3 1 1
github.com/Tutitoos/atenea/internal/workflow/report.go:166.2,166.12 1 1
github.com/Tutitoos/atenea/internal/workflow/report.go:170.31,173.28 3 1
github.com/Tutitoos/atenea/internal/workflow/report.go:173.28,175.3 1 1
github.com/Tutitoos/atenea/internal/workflow/report.go:176.2,178.31 3 1
github.com/Tutitoos/atenea/internal/workflow/report.go:178.31,180.3 1 1
github.com/Tutitoos/atenea/internal/workflow/report.go:181.2,181.21 1 1
github.com/Tutitoos/atenea/internal/workflow/report.go:181.21,183.3 1 0
github.com/Tutitoos/atenea/internal/workflow/report.go:184.2,184.34 1 1
github.com/Tutitoos/atenea/internal/workflow/report.go:200.30,202.21 2 1
github.com/Tutitoos/atenea/internal/workflow/report.go:202.21,204.3 1 1
github.com/Tutitoos/atenea/internal/workflow/report.go:205.2,206.30 2 1
github.com/Tutitoos/atenea/internal/workflow/report.go:206.30,212.3 1 1
github.com/Tutitoos/atenea/internal/workflow/report.go:214.2,215.30 2 1
github.com/Tutitoos/atenea/internal/workflow/report.go:215.30,223.3 1 1
github.com/Tutitoos/atenea/internal/workflow/report.go:224.2,225.22 2 1
github.com/Tutitoos/atenea/internal/workflow/report.go:225.22,236.35 3 1
github.com/Tutitoos/atenea/internal/workflow/report.go:236.35,240.4 1 1
github.com/Tutitoos/atenea/internal/workflow/report.go:241.3,241.33 1 1
github.com/Tutitoos/atenea/internal/workflow/report.go:241.33,243.4 1 1
github.com/Tutitoos/atenea/internal/workflow/report.go:245.2,245.30 1 1
github.com/Tutitoos/atenea/internal/workflow/report.go:245.30,248.3 1 1
github.com/Tutitoos/atenea/internal/workflow/report.go:249.2,249.32 1 1
github.com/Tutitoos/atenea/internal/workflow/report.go:249.32,251.3 1 1
github.com/Tutitoos/atenea/internal/workflow/report.go:252.2,253.74 1 1
github.com/Tutitoos/atenea/internal/workflow/report.go:257.45,258.12 1 1
github.com/Tutitoos/atenea/internal/workflow/report.go:258.12,260.3 1 1
github.com/Tutitoos/atenea/internal/workflow/report.go:261.2,261.38 1 1
github.com/Tutitoos/atenea/internal/workflow/report.go:266.26,267.31 1 0
github.com/Tutitoos/atenea/internal/workflow/report.go:267.31,268.35 1 0
github.com/Tutitoos/atenea/internal/workflow/report.go:268.35,270.4 1 0
github.com/Tutitoos/atenea/internal/workflow/report.go:271.3,271.63 1 0
github.com/Tutitoos/atenea/internal/workflow/report.go:271.63,273.4 1 0
github.com/Tutitoos/atenea/internal/workflow/report.go:275.2,275.13 1 0
github.com/Tutitoos/atenea/internal/workflow/report.go:280.38,282.31 2 0
github.com/Tutitoos/atenea/internal/workflow/report.go:282.31,283.39 1 0
github.com/Tutitoos/atenea/internal/workflow/report.go:283.39,285.4 1 0
github.com/Tutitoos/atenea/internal/workflow/report.go:287.2,287.12 1 0
github.com/Tutitoos/atenea/internal/workflow/serve.go:30.46,32.16 2 0
github.com/Tutitoos/atenea/internal/workflow/serve.go:32.16,34.3 1 0
github.com/Tutitoos/atenea/internal/workflow/serve.go:35.2,36.16 2 0
github.com/Tutitoos/atenea/internal/workflow/serve.go:36.16,39.3 2 0
github.com/Tutitoos/atenea/internal/workflow/serve.go:40.2,40.34 1 0
github.com/Tutitoos/atenea/internal/workflow/serve.go:40.34,42.18 2 0
github.com/Tutitoos/atenea/internal/workflow/serve.go:42.18,44.4 1 0
github.com/Tutitoos/atenea/internal/workflow/serve.go:45.3,45.98 1 0
github.com/Tutitoos/atenea/internal/workflow/serve.go:47.2,48.16 2 0
github.com/Tutitoos/atenea/internal/workflow/serve.go:48.16,51.3 2 0
github.com/Tutitoos/atenea/internal/workflow/serve.go:52.2,53.16 2 0
github.com/Tutitoos/atenea/internal/workflow/serve.go:53.16,58.3 3 0
github.com/Tutitoos/atenea/internal/workflow/serve.go:59.2,60.16 2 0
github.com/Tutitoos/atenea/internal/workflow/serve.go:60.16,64.3 3 0
github.com/Tutitoos/atenea/internal/workflow/serve.go:65.2,69.83 1 0
github.com/Tutitoos/atenea/internal/workflow/serve.go:69.83,71.4 1 0
github.com/Tutitoos/atenea/internal/workflow/serve.go:72.61,74.18 2 0
github.com/Tutitoos/atenea/internal/workflow/serve.go:74.18,76.5 1 0
github.com/Tutitoos/atenea/internal/workflow/serve.go:77.4,77.31 1 0
github.com/Tutitoos/atenea/internal/workflow/serve.go:80.2,80.16 1 0
github.com/Tutitoos/atenea/internal/workflow/serve.go:80.16,84.3 3 0
github.com/Tutitoos/atenea/internal/workflow/serve.go:89.2,90.56 2 0
github.com/Tutitoos/atenea/internal/workflow/serve.go:90.56,91.21 1 0
github.com/Tutitoos/atenea/internal/workflow/serve.go:91.21,94.4 1 0
github.com/Tutitoos/atenea/internal/workflow/serve.go:95.8,97.3 1 0
github.com/Tutitoos/atenea/internal/workflow/serve.go:98.2,109.16 2 0
github.com/Tutitoos/atenea/internal/workflow/serve.go:109.16,113.3 3 0
github.com/Tutitoos/atenea/internal/workflow/serve.go:114.2,114.24 1 0
github.com/Tutitoos/atenea/internal/workflow/serve.go:114.24,117.3 2 0
github.com/Tutitoos/atenea/internal/workflow/serve.go:140.79,142.40 2 1
github.com/Tutitoos/atenea/internal/workflow/serve.go:142.40,144.3 1 1
github.com/Tutitoos/atenea/internal/workflow/serve.go:145.2,147.14 2 1
github.com/Tutitoos/atenea/internal/workflow/serve.go:147.14,148.41 1 1
github.com/Tutitoos/atenea/internal/workflow/serve.go:148.41,149.21 1 1
github.com/Tutitoos/atenea/internal/workflow/serve.go:149.21,152.5 2 1
github.com/Tutitoos/atenea/internal/workflow/serve.go:156.3,158.44 1 1
github.com/Tutitoos/atenea/internal/workflow/serve.go:163.2,163.40 1 1
github.com/Tutitoos/atenea/internal/workflow/serve.go:163.40,164.30 1 1
github.com/Tutitoos/atenea/internal/workflow/serve.go:164.30,165.12 1 1
github.com/Tutitoos/atenea/internal/workflow/serve.go:167.3,167.46 1 1
github.com/Tutitoos/atenea/internal/workflow/serve.go:167.46,169.4 1 1
github.com/Tutitoos/atenea/internal/workflow/serve.go:171.2,171.29 1 1
github.com/Tutitoos/atenea/internal/workflow/serve.go:171.29,173.3 1 1
github.com/Tutitoos/atenea/internal/workflow/serve.go:176.2,176.42 1 1
github.com/Tutitoos/atenea/internal/workflow/serve.go:176.42,179.3 2 0
github.com/Tutitoos/atenea/internal/workflow/serve.go:180.2,181.16 2 1
github.com/Tutitoos/atenea/internal/workflow/serve.go:185.36,186.16 1 1
github.com/Tutitoos/atenea/internal/workflow/serve.go:186.16,188.3 1 0
github.com/Tutitoos/atenea/internal/workflow/serve.go:189.2,190.16 2 1
github.com/Tutitoos/atenea/internal/workflow/serve.go:190.16,192.3 1 0
github.com/Tutitoos/atenea/internal/workflow/serve.go:193.2,193.52 1 1
github.com/Tutitoos/atenea/internal/workflow/serve.go:201.48,206.42 2 0
github.com/Tutitoos/atenea/internal/workflow/serve.go:206.42,215.3 1 0
github.com/Tutitoos/atenea/internal/workflow/serve.go:216.2,216.12 1 0
github.com/Tutitoos/atenea/internal/workflow/serve.go:231.96,233.23 2 0
github.com/Tutitoos/atenea/internal/workflow/serve.go:233.23,235.3 1 0
github.com/Tutitoos/atenea/internal/workflow/serve.go:236.2,245.14 1 0
github.com/Tutitoos/atenea/internal/workflow/serve.go:264.64,265.39 1 0
github.com/Tutitoos/atenea/internal/workflow/serve.go:265.39,266.20 1 0
github.com/Tutitoos/atenea/internal/workflow/serve.go:267.28,268.28 1 0
github.com/Tutitoos/atenea/internal/workflow/serve.go:269.15,270.25 1 0
github.com/Tutitoos/atenea/internal/workflow/serve.go:272.3,272.12 1 0
github.com/Tutitoos/atenea/internal/workflow/store.go:64.33,65.36 1 1
github.com/Tutitoos/atenea/internal/workflow/store.go:65.36,67.3 1 1
github.com/Tutitoos/atenea/internal/workflow/store.go:68.2,68.39 1 0
github.com/Tutitoos/atenea/internal/workflow/store.go:73.29,75.2 1 0
github.com/Tutitoos/atenea/internal/workflow/store.go:78.44,79.40 1 1
github.com/Tutitoos/atenea/internal/workflow/store.go:79.40,80.16 1 1
github.com/Tutitoos/atenea/internal/workflow/store.go:80.16,82.4 1 1
github.com/Tutitoos/atenea/internal/workflow/store.go:84.2,85.31 1 0
github.com/Tutitoos/atenea/internal/workflow/store.go:216.41,217.56 1 1
github.com/Tutitoos/atenea/internal/workflow/store.go:217.56,219.3 1 1
github.com/Tutitoos/atenea/internal/workflow/store.go:220.2,221.55 2 1
github.com/Tutitoos/atenea/internal/workflow/store.go:238.35,240.2 1 1
github.com/Tutitoos/atenea/internal/workflow/store.go:314.32,314.63 1 1
github.com/Tutitoos/atenea/internal/workflow/store.go:319.28,324.31 5 1
github.com/Tutitoos/atenea/internal/workflow/store.go:324.31,325.29 1 1
github.com/Tutitoos/atenea/internal/workflow/store.go:325.29,327.12 2 1
github.com/Tutitoos/atenea/internal/workflow/store.go:329.3,330.23 2 1
github.com/Tutitoos/atenea/internal/workflow/store.go:330.23,332.4 1 1
github.com/Tutitoos/atenea/internal/workflow/store.go:333.3,334.28 2 1
github.com/Tutitoos/atenea/internal/workflow/store.go:334.28,336.12 2 0
github.com/Tutitoos/atenea/internal/workflow/store.go:338.3,339.37 2 1
github.com/Tutitoos/atenea/internal/workflow/store.go:345.2,345.39 1 1
github.com/Tutitoos/atenea/internal/workflow/store.go:345.39,346.31 1 1
github.com/Tutitoos/atenea/internal/workflow/store.go:346.31,347.12 1 1
github.com/Tutitoos/atenea/internal/workflow/store.go:349.3,351.40 3 1
github.com/Tutitoos/atenea/internal/workflow/store.go:353.2,353.42 1 1
github.com/Tutitoos/atenea/internal/workflow/store.go:353.42,355.3 1 1
github.com/Tutitoos/atenea/internal/workflow/store.go:356.2,357.12 2 1
github.com/Tutitoos/atenea/internal/workflow/store.go:530.27,530.57 1 0
github.com/Tutitoos/atenea/internal/workflow/store.go:533.61,534.35 1 1
github.com/Tutitoos/atenea/internal/workflow/store.go:534.35,536.3 1 0
github.com/Tutitoos/atenea/internal/workflow/store.go:537.2,537.63 1 1
github.com/Tutitoos/atenea/internal/workflow/store.go:537.63,540.3 1 0
github.com/Tutitoos/atenea/internal/workflow/store.go:541.2,546.16 3 1
github.com/Tutitoos/atenea/internal/workflow/store.go:546.16,549.3 1 0
github.com/Tutitoos/atenea/internal/workflow/store.go:550.2,550.44 1 1
github.com/Tutitoos/atenea/internal/workflow/store.go:550.44,554.3 2 0
github.com/Tutitoos/atenea/internal/workflow/store.go:555.2,556.55 2 1
github.com/Tutitoos/atenea/internal/workflow/store.go:556.55,560.3 2 0
github.com/Tutitoos/atenea/internal/workflow/store.go:561.2,561.44 1 1
github.com/Tutitoos/atenea/internal/workflow/store.go:561.44,564.3 2 0
github.com/Tutitoos/atenea/internal/workflow/store.go:565.2,565.19 1 1
github.com/Tutitoos/atenea/internal/workflow/store.go:579.56,585.29 2 1
github.com/Tutitoos/atenea/internal/workflow/store.go:585.29,588.17 2 1
github.com/Tutitoos/atenea/internal/workflow/store.go:588.17,591.4 1 0
github.com/Tutitoos/atenea/internal/workflow/store.go:592.3,593.36 2 1
github.com/Tutitoos/atenea/internal/workflow/store.go:593.36,597.4 2 0
github.com/Tutitoos/atenea/internal/workflow/store.go:598.3,598.38 1 1
github.com/Tutitoos/atenea/internal/workflow/store.go:598.38,601.4 1 0
github.com/Tutitoos/atenea/internal/workflow/store.go:602.3,602.14 1 1
github.com/Tutitoos/atenea/internal/workflow/store.go:602.14,603.12 1 1
github.com/Tutitoos/atenea/internal/workflow/store.go:605.3,605.57 1 1
github.com/Tutitoos/atenea/internal/workflow/store.go:605.57,608.4 1 0
github.com/Tutitoos/atenea/internal/workflow/store.go:610.2,610.12 1 1
github.com/Tutitoos/atenea/internal/workflow/store.go:614.31,614.48 1 0
github.com/Tutitoos/atenea/internal/workflow/store.go:617.31,618.29 1 1
github.com/Tutitoos/atenea/internal/workflow/store.go:618.29,620.3 1 0
github.com/Tutitoos/atenea/internal/workflow/store.go:621.2,621.21 1 1
github.com/Tutitoos/atenea/internal/workflow/store.go:628.115,630.16 2 1
github.com/Tutitoos/atenea/internal/workflow/store.go:630.16,632.3 1 0
github.com/Tutitoos/atenea/internal/workflow/store.go:633.2,633.15 1 1
github.com/Tutitoos/atenea/internal/workflow/store.go:633.15,633.36 1 1
github.com/Tutitoos/atenea/internal/workflow/store.go:635.2,638.85 1 1
github.com/Tutitoos/atenea/internal/workflow/store.go:638.85,640.3 1 0
github.com/Tutitoos/atenea/internal/workflow/store.go:641.2,641.40 1 1
github.com/Tutitoos/atenea/internal/workflow/store.go:641.40,651.67 1 1
github.com/Tutitoos/atenea/internal/workflow/store.go:651.67,653.4 1 0
github.com/Tutitoos/atenea/internal/workflow/store.go:655.2,655.36 1 1
github.com/Tutitoos/atenea/internal/workflow/store.go:655.36,657.3 1 0
github.com/Tutitoos/atenea/internal/workflow/store.go:658.2,658.12 1 1
github.com/Tutitoos/atenea/internal/workflow/store.go:709.44,711.16 2 1
github.com/Tutitoos/atenea/internal/workflow/store.go:711.16,713.3 1 0
github.com/Tutitoos/atenea/internal/workflow/store.go:714.2,714.15 1 1
github.com/Tutitoos/atenea/internal/workflow/store.go:714.15,714.36 1 1
github.com/Tutitoos/atenea/internal/workflow/store.go:716.2,716.83 1 1
github.com/Tutitoos/atenea/internal/workflow/store.go:716.83,718.3 1 0
github.com/Tutitoos/atenea/internal/workflow/store.go:719.2,728.85 1 1
github.com/Tutitoos/atenea/internal/workflow/store.go:728.85,730.3 1 0
github.com/Tutitoos/atenea/internal/workflow/store.go:731.2,731.36 1 1
github.com/Tutitoos/atenea/internal/workflow/store.go:731.36,733.3 1 0
github.com/Tutitoos/atenea/internal/workflow/store.go:734.2,734.12 1 1
github.com/Tutitoos/atenea/internal/workflow/store.go:739.46,741.16 2 1
github.com/Tutitoos/atenea/internal/workflow/store.go:741.16,744.3 1 0
github.com/Tutitoos/atenea/internal/workflow/store.go:745.2,747.32 3 1
github.com/Tutitoos/atenea/internal/workflow/store.go:747.32,749.3 1 1
github.com/Tutitoos/atenea/internal/workflow/store.go:750.2,763.16 2 1
github.com/Tutitoos/atenea/internal/workflow/store.go:763.16,765.3 1 0
github.com/Tutitoos/atenea/internal/workflow/store.go:766.2,766.12 1 1
github.com/Tutitoos/atenea/internal/workflow/store.go:772.107,773.23 1 1
github.com/Tutitoos/atenea/internal/workflow/store.go:773.23,775.3 1 1
github.com/Tutitoos/atenea/internal/workflow/store.go:776.2,776.22 1 1
github.com/Tutitoos/atenea/internal/workflow/store.go:776.22,778.3 1 1
github.com/Tutitoos/atenea/internal/workflow/store.go:779.2,779.114 1 1
github.com/Tutitoos/atenea/internal/workflow/store.go:785.92,793.16 2 1
github.com/Tutitoos/atenea/internal/workflow/store.go:793.16,795.3 1 0
github.com/Tutitoos/atenea/internal/workflow/store.go:796.2,796.12 1 1
github.com/Tutitoos/atenea/internal/workflow/store.go:807.83,809.16 2 1
github.com/Tutitoos/atenea/internal/workflow/store.go:809.16,811.3 1 0
github.com/Tutitoos/atenea/internal/workflow/store.go:812.2,812.15 1 1
github.com/Tutitoos/atenea/internal/workflow/store.go:812.15,812.36 1 1
github.com/Tutitoos/atenea/internal/workflow/store.go:814.2,814.83 1 1
github.com/Tutitoos/atenea/internal/workflow/store.go:814.83,816.3 1 0
github.com/Tutitoos/atenea/internal/workflow/store.go:817.2,821.51 1 1
github.com/Tutitoos/atenea/internal/workflow/store.go:821.51,823.3 1 0
github.com/Tutitoos/atenea/internal/workflow/store.go:824.2,824.36 1 1
github.com/Tutitoos/atenea/internal/workflow/store.go:824.36,826.3 1 0
github.com/Tutitoos/atenea/internal/workflow/store.go:827.2,827.12 1 1
github.com/Tutitoos/atenea/internal/workflow/store.go:832.68,836.16 2 1
github.com/Tutitoos/atenea/internal/workflow/store.go:836.16,838.3 1 0
github.com/Tutitoos/atenea/internal/workflow/store.go:839.2,839.12 1 1
github.com/Tutitoos/atenea/internal/workflow/store.go:853.84,857.16 2 1
github.com/Tutitoos/atenea/internal/workflow/store.go:857.16,859.3 1 0
github.com/Tutitoos/atenea/internal/workflow/store.go:862.2,862.65 1 1
github.com/Tutitoos/atenea/internal/workflow/store.go:862.65,865.3 1 0
github.com/Tutitoos/atenea/internal/workflow/store.go:866.2,866.12 1 1
github.com/Tutitoos/atenea/internal/workflow/store.go:875.76,877.16 2 1
github.com/Tutitoos/atenea/internal/workflow/store.go:877.16,879.3 1 0
github.com/Tutitoos/atenea/internal/workflow/store.go:880.2,880.37 1 1
github.com/Tutitoos/atenea/internal/workflow/store.go:880.37,884.3 1 1
github.com/Tutitoos/atenea/internal/workflow/store.go:885.2,886.74 1 1
github.com/Tutitoos/atenea/internal/workflow/store.go:886.74,888.3 1 0
github.com/Tutitoos/atenea/internal/workflow/store.go:889.2,889.12 1 1
github.com/Tutitoos/atenea/internal/workflow/store.go:893.84,899.22 2 1
github.com/Tutitoos/atenea/internal/workflow/store.go:899.22,901.3 1 1
github.com/Tutitoos/atenea/internal/workflow/store.go:902.2,905.16 2 1
github.com/Tutitoos/atenea/internal/workflow/store.go:905.16,907.3 1 0
github.com/Tutitoos/atenea/internal/workflow/store.go:908.2,908.12 1 1
github.com/Tutitoos/atenea/internal/workflow/store.go:912.67,923.36 3 1
github.com/Tutitoos/atenea/internal/workflow/store.go:924.37,926.39 1 1
github.com/Tutitoos/atenea/internal/workflow/store.go:927.18,928.61 1 0
github.com/Tutitoos/atenea/internal/workflow/store.go:930.2,943.16 6 1
github.com/Tutitoos/atenea/internal/workflow/store.go:943.16,945.3 1 0
github.com/Tutitoos/atenea/internal/workflow/store.go:946.2,946.15 1 1
github.com/Tutitoos/atenea/internal/workflow/store.go:946.15,946.35 1 1
github.com/Tutitoos/atenea/internal/workflow/store.go:947.2,947.18 1 1
github.com/Tutitoos/atenea/internal/workflow/store.go:947.18,949.17 2 1
github.com/Tutitoos/atenea/internal/workflow/store.go:949.17,951.4 1 0
github.com/Tutitoos/atenea/internal/workflow/store.go:952.3,953.38 2 1
github.com/Tutitoos/atenea/internal/workflow/store.go:955.2,955.35 1 1
github.com/Tutitoos/atenea/internal/workflow/store.go:955.35,957.3 1 0
github.com/Tutitoos/atenea/internal/workflow/store.go:961.2,961.37 1 1
github.com/Tutitoos/atenea/internal/workflow/store.go:961.37,963.3 1 0
github.com/Tutitoos/atenea/internal/workflow/store.go:968.2,969.16 2 1
github.com/Tutitoos/atenea/internal/workflow/store.go:969.16,971.3 1 0
github.com/Tutitoos/atenea/internal/workflow/store.go:972.2,973.17 2 1
github.com/Tutitoos/atenea/internal/workflow/store.go:984.88,992.18 3 1
github.com/Tutitoos/atenea/internal/workflow/store.go:992.18,995.3 2 1
github.com/Tutitoos/atenea/internal/workflow/store.go:996.2,998.16 3 1
github.com/Tutitoos/atenea/internal/workflow/store.go:998.16,1000.3 1 0
github.com/Tutitoos/atenea/internal/workflow/store.go:1001.2,1001.15 1 1
github.com/Tutitoos/atenea/internal/workflow/store.go:1001.15,1001.35 1 1
github.com/Tutitoos/atenea/internal/workflow/store.go:1003.2,1004.18 2 1
github.com/Tutitoos/atenea/internal/workflow/store.go:1004.18,1006.17 2 1
github.com/Tutitoos/atenea/internal/workflow/store.go:1006.17,1008.4 1 0
github.com/Tutitoos/atenea/internal/workflow/store.go:1009.3,1009.25 1 1
github.com/Tutitoos/atenea/internal/workflow/store.go:1011.2,1011.35 1 1
github.com/Tutitoos/atenea/internal/workflow/store.go:1011.35,1013.3 1 0
github.com/Tutitoos/atenea/internal/workflow/store.go:1014.2,1014.17 1 1
github.com/Tutitoos/atenea/internal/workflow/store.go:1017.54,1033.69 2 1
github.com/Tutitoos/atenea/internal/workflow/store.go:1033.69,1035.3 1 0
github.com/Tutitoos/atenea/internal/workflow/store.go:1036.2,1037.55 2 1
github.com/Tutitoos/atenea/internal/workflow/store.go:1037.55,1039.3 1 0
github.com/Tutitoos/atenea/internal/workflow/store.go:1040.2,1040.19 1 1
github.com/Tutitoos/atenea/internal/workflow/store.go:1040.19,1041.68 1 1
github.com/Tutitoos/atenea/internal/workflow/store.go:1041.68,1043.4 1 0
github.com/Tutitoos/atenea/internal/workflow/store.go:1045.2,1045.22 1 1
github.com/Tutitoos/atenea/internal/workflow/store.go:1045.22,1046.79 1 1
github.com/Tutitoos/atenea/internal/workflow/store.go:1046.79,1048.4 1 0
github.com/Tutitoos/atenea/internal/workflow/store.go:1049.3,1049.31 1 1
github.com/Tutitoos/atenea/internal/workflow/store.go:1053.2,1053.15 1 1
github.com/Tutitoos/atenea/internal/workflow/store.go:1053.15,1056.3 2 1
github.com/Tutitoos/atenea/internal/workflow/store.go:1057.2,1062.24 6 1
github.com/Tutitoos/atenea/internal/workflow/store.go:1062.24,1065.3 2 0
github.com/Tutitoos/atenea/internal/workflow/store.go:1066.2,1070.17 5 1
github.com/Tutitoos/atenea/internal/workflow/store.go:1074.69,1078.15 3 1
github.com/Tutitoos/atenea/internal/workflow/store.go:1078.15,1081.3 2 0
github.com/Tutitoos/atenea/internal/workflow/store.go:1082.2,1083.16 2 1
github.com/Tutitoos/atenea/internal/workflow/store.go:1083.16,1085.3 1 0
github.com/Tutitoos/atenea/internal/workflow/store.go:1086.2,1086.15 1 1
github.com/Tutitoos/atenea/internal/workflow/store.go:1086.15,1086.35 1 1
github.com/Tutitoos/atenea/internal/workflow/store.go:1088.2,1089.18 2 1
github.com/Tutitoos/atenea/internal/workflow/store.go:1089.18,1097.48 2 1
github.com/Tutitoos/atenea/internal/workflow/store.go:1097.48,1099.4 1 0
github.com/Tutitoos/atenea/internal/workflow/store.go:1100.3,1104.25 5 1
github.com/Tutitoos/atenea/internal/workflow/store.go:1106.2,1106.35 1 1
github.com/Tutitoos/atenea/internal/workflow/store.go:1106.35,1108.3 1 0
github.com/Tutitoos/atenea/internal/workflow/store.go:1109.2,1109.17 1 1
github.com/Tutitoos/atenea/internal/workflow/store.go:1112.48,1135.42 2 1
github.com/Tutitoos/atenea/internal/workflow/store.go:1135.42,1137.3 1 0
github.com/Tutitoos/atenea/internal/workflow/store.go:1138.2,1139.56 2 1
github.com/Tutitoos/atenea/internal/workflow/store.go:1139.56,1141.3 1 0
github.com/Tutitoos/atenea/internal/workflow/store.go:1142.2,1142.55 1 1
github.com/Tutitoos/atenea/internal/workflow/store.go:1142.55,1144.3 1 0
github.com/Tutitoos/atenea/internal/workflow/store.go:1147.2,1147.64 1 1
github.com/Tutitoos/atenea/internal/workflow/store.go:1147.64,1149.3 1 0
github.com/Tutitoos/atenea/internal/workflow/store.go:1150.2,1152.73 3 1
github.com/Tutitoos/atenea/internal/workflow/store.go:1152.73,1154.3 1 0
github.com/Tutitoos/atenea/internal/workflow/store.go:1155.2,1157.19 3 1
github.com/Tutitoos/atenea/internal/workflow/store.go:1157.19,1158.68 1 1
github.com/Tutitoos/atenea/internal/workflow/store.go:1158.68,1160.4 1 0
github.com/Tutitoos/atenea/internal/workflow/store.go:1162.2,1162.42 1 1
github.com/Tutitoos/atenea/internal/workflow/store.go:1162.42,1164.17 2 1
github.com/Tutitoos/atenea/internal/workflow/store.go:1164.17,1166.4 1 0
github.com/Tutitoos/atenea/internal/workflow/store.go:1167.3,1167.61 1 1
github.com/Tutitoos/atenea/internal/workflow/store.go:1169.2,1178.15 4 1
github.com/Tutitoos/atenea/internal/workflow/store.go:1178.15,1181.3 2 1
github.com/Tutitoos/atenea/internal/workflow/store.go:1182.2,1182.24 1 1
github.com/Tutitoos/atenea/internal/workflow/store.go:1182.24,1185.3 2 1
github.com/Tutitoos/atenea/internal/workflow/store.go:1186.2,1187.17 2 1
github.com/Tutitoos/atenea/internal/workflow/store.go:1190.63,1193.2 1 0
github.com/Tutitoos/atenea/internal/workflow/store.go:1195.32,1196.16 1 1
github.com/Tutitoos/atenea/internal/workflow/store.go:1196.16,1198.3 1 0
github.com/Tutitoos/atenea/internal/workflow/store.go:1199.2,1199.41 1 1
github.com/Tutitoos/atenea/internal/workflow/store.go:1202.37,1203.13 1 1
github.com/Tutitoos/atenea/internal/workflow/store.go:1203.13,1205.3 1 1
github.com/Tutitoos/atenea/internal/workflow/store.go:1206.2,1207.16 2 1
github.com/Tutitoos/atenea/internal/workflow/store.go:1207.16,1209.3 1 0
github.com/Tutitoos/atenea/internal/workflow/store.go:1210.2,1210.16 1 1
github.com/Tutitoos/atenea/internal/workflow/store.go:1213.39,1214.22 1 1
github.com/Tutitoos/atenea/internal/workflow/store.go:1214.22,1216.3 1 1
github.com/Tutitoos/atenea/internal/workflow/store.go:1217.2,1218.16 2 1
github.com/Tutitoos/atenea/internal/workflow/store.go:1218.16,1220.3 1 0
github.com/Tutitoos/atenea/internal/workflow/store.go:1221.2,1221.20 1 1
github.com/Tutitoos/atenea/internal/workflow/store.go:1224.36,1225.34 1 1
github.com/Tutitoos/atenea/internal/workflow/store.go:1225.34,1227.3 1 0
github.com/Tutitoos/atenea/internal/workflow/store.go:1228.2,1229.58 2 1
github.com/Tutitoos/atenea/internal/workflow/store.go:1229.58,1231.3 1 0
github.com/Tutitoos/atenea/internal/workflow/store.go:1232.2,1232.12 1 1
github.com/Tutitoos/atenea/internal/workflow/store.go:1235.52,1237.33 2 1
github.com/Tutitoos/atenea/internal/workflow/store.go:1237.33,1239.3 1 1
github.com/Tutitoos/atenea/internal/workflow/store.go:1240.2,1240.24 1 1
github.com/Tutitoos/atenea/internal/workflow/store.go:1243.57,1246.29 3 1
github.com/Tutitoos/atenea/internal/workflow/store.go:1246.29,1248.17 2 1
github.com/Tutitoos/atenea/internal/workflow/store.go:1248.17,1250.4 1 0
github.com/Tutitoos/atenea/internal/workflow/store.go:1251.3,1251.28 1 1
github.com/Tutitoos/atenea/internal/workflow/store.go:1253.2,1253.17 1 1
github.com/Tutitoos/atenea/internal/workflow/store.go:1256.53,1257.22 1 1
github.com/Tutitoos/atenea/internal/workflow/store.go:1257.22,1259.3 1 1
github.com/Tutitoos/atenea/internal/workflow/store.go:1260.2,1261.16 2 1
github.com/Tutitoos/atenea/internal/workflow/store.go:1261.16,1263.3 1 0
github.com/Tutitoos/atenea/internal/workflow/store.go:1264.2,1264.25 1 1
github.com/Tutitoos/atenea/internal/workflow/store.go:1267.41,1268.34 1 1
github.com/Tutitoos/atenea/internal/workflow/store.go:1268.34,1270.3 1 1
github.com/Tutitoos/atenea/internal/workflow/store.go:1271.2,1272.58 2 1
github.com/Tutitoos/atenea/internal/workflow/store.go:1272.58,1274.3 1 0
github.com/Tutitoos/atenea/internal/workflow/store.go:1275.2,1275.12 1 1
github.com/Tutitoos/atenea/internal/workflow/store.go:1278.57,1279.21 1 1
github.com/Tutitoos/atenea/internal/workflow/store.go:1279.21,1281.3 1 1
github.com/Tutitoos/atenea/internal/workflow/store.go:1282.2,1287.26 3 0
github.com/Tutitoos/atenea/internal/workflow/store.go:1287.26,1289.3 1 0
github.com/Tutitoos/atenea/internal/workflow/store.go:1290.2,1291.16 2 0
github.com/Tutitoos/atenea/internal/workflow/store.go:1291.16,1293.3 1 0
github.com/Tutitoos/atenea/internal/workflow/store.go:1294.2,1294.20 1 0
github.com/Tutitoos/atenea/internal/workflow/store.go:1297.55,1298.34 1 1
github.com/Tutitoos/atenea/internal/workflow/store.go:1298.34,1300.3 1 1
github.com/Tutitoos/atenea/internal/workflow/store.go:1301.2,1305.59 2 0
github.com/Tutitoos/atenea/internal/workflow/store.go:1305.59,1307.3 1 0
github.com/Tutitoos/atenea/internal/workflow/store.go:1308.2,1309.25 2 0
github.com/Tutitoos/atenea/internal/workflow/store.go:1309.25,1311.17 2 0
github.com/Tutitoos/atenea/internal/workflow/store.go:1311.17,1312.12 1 0
github.com/Tutitoos/atenea/internal/workflow/store.go:1314.3,1314.68 1 0
github.com/Tutitoos/atenea/internal/workflow/store.go:1316.2,1316.12 1 0
github.com/Tutitoos/atenea/internal/workflow/store.go:1319.25,1320.12 1 1
github.com/Tutitoos/atenea/internal/workflow/store.go:1320.12,1322.3 1 0
github.com/Tutitoos/atenea/internal/workflow/store.go:1323.2,1325.12 3 1
github.com/Tutitoos/atenea/internal/workflow/store.go:1325.12,1329.3 3 1
github.com/Tutitoos/atenea/internal/workflow/store.go:1330.2,1330.24 1 1
github.com/Tutitoos/atenea/internal/workflow/store.go:1393.87,1396.16 3 1
github.com/Tutitoos/atenea/internal/workflow/store.go:1396.16,1398.3 1 0
github.com/Tutitoos/atenea/internal/workflow/store.go:1402.2,1402.40 1 1
github.com/Tutitoos/atenea/internal/workflow/store.go:1402.40,1404.50 2 1
github.com/Tutitoos/atenea/internal/workflow/store.go:1404.50,1406.4 1 0
github.com/Tutitoos/atenea/internal/workflow/store.go:1409.2,1410.27 2 1
github.com/Tutitoos/atenea/internal/workflow/store.go:1410.27,1413.10 3 1
github.com/Tutitoos/atenea/internal/workflow/store.go:1414.25,1415.21 1 1
github.com/Tutitoos/atenea/internal/workflow/store.go:1416.61,1417.20 1 1
github.com/Tutitoos/atenea/internal/workflow/store.go:1418.11,1419.65 1 1
github.com/Tutitoos/atenea/internal/workflow/store.go:1421.3,1421.33 1 1
github.com/Tutitoos/atenea/internal/workflow/store.go:1423.2,1423.34 1 1
github.com/Tutitoos/atenea/internal/workflow/store.go:1423.34,1430.3 6 1
github.com/Tutitoos/atenea/internal/workflow/store.go:1431.2,1431.17 1 1
github.com/Tutitoos/atenea/internal/workflow/store.go:1447.85,1452.22 3 1
github.com/Tutitoos/atenea/internal/workflow/store.go:1452.22,1455.3 2 1
github.com/Tutitoos/atenea/internal/workflow/store.go:1456.2,1457.16 2 1
github.com/Tutitoos/atenea/internal/workflow/store.go:1457.16,1459.3 1 0
github.com/Tutitoos/atenea/internal/workflow/store.go:1460.2,1460.15 1 1
github.com/Tutitoos/atenea/internal/workflow/store.go:1460.15,1460.35 1 1
github.com/Tutitoos/atenea/internal/workflow/store.go:1462.2,1463.18 2 1
github.com/Tutitoos/atenea/internal/workflow/store.go:1463.18,1465.74 2 1
github.com/Tutitoos/atenea/internal/workflow/store.go:1465.74,1467.4 1 0
github.com/Tutitoos/atenea/internal/workflow/store.go:1468.3,1468.25 1 1
github.com/Tutitoos/atenea/internal/workflow/store.go:1470.2,1470.35 1 1
github.com/Tutitoos/atenea/internal/workflow/store.go:1470.35,1472.3 1 0
github.com/Tutitoos/atenea/internal/workflow/store.go:1473.2,1473.17 1 1
github.com/Tutitoos/atenea/internal/workflow/store.go:1478.39,1480.12 2 1
github.com/Tutitoos/atenea/internal/workflow/store.go:1480.12,1482.3 1 0
github.com/Tutitoos/atenea/internal/workflow/store.go:1483.2,1483.14 1 1
github.com/Tutitoos/atenea/internal/workflow/store.go:1483.14,1485.3 1 1
github.com/Tutitoos/atenea/internal/workflow/store.go:1486.2,1486.42 1 1
